Cognate_ID	Even	Evenki_Chiringda	Evenki_Khamnigan	Evenki_StonyTunguska	Evenki_Strelka_Chun	Evenki_Teteya	Evenki_Tutonchany	Hezhe	Jurchen	Kur_Urmi	Manchu	Nanai_Bikin	Nanai_Najkhin	Negidal	Oroch	Orok	Oroqen	Solon	Udihe	Ulcha	Xibe
1001_229_seedn	ɲ aˤ/a ʕ ŋ t aˤ/a ʕ		ɲ iː n t ə																		
1002_229_seedn																	u r ə	u r ə			
1003_230_sharp	e m e r	ə m ə r		ə m ɨ r	ə m ə r		ə m ə r							ə m ə j i g d i		x ə m b əː r u	ə m ə r		ə m əi		
1004_230_sharp								t u b ə													d u v
1005_230_sharp										s a r b j ɪ		s a r + b j iː	s a r b i		s a bː i			s ə bː i ŋ			
1006_230_sharp																			ts ə m		
1007_230_sharp											d a tʃ u n									d aː q a w l e	
1008_231_short								f ɔ χ ɔ l ɔ n	f o x o l o		f o χ o l o n										f œ ɣ u l u n
1009_231_short	u r u m k u n	u r u m k uː n	u r u m k u n	ʉ r ʉ m	u r uː m k u n	u r u m k u n				x u r m j i		x u r m j i	x w u r m j i	u j u m k uː n	uː m j i	x u r u m i	u r u m k u n	u r u ŋ k u x ə ŋ	u m a ts a̰	x u r m j i	
100_36_hitbeatv												t o q a n									
1010_232_singv								tɕ a r i		dʒ a r j ɪ		dz a r j e	dʒ a r j e		dʒ a r j i						
1011_232_singv	i k e			ɨ k əː	i k ɒː		i k ɒː							iː x ɵː					j ə x əi		
1012_232_singv																	dʒ aː n d aː	dʒ aː n d a	ts a ŋ a l a		
1013_232_singv																j aː j ɑ				j a j a	
1014_232_singv									u tʃ u l o		u tʃ u l ə										u ʈʂ h u l u
1015_232_singv			d a b l aː	d a w l aː	d a w l aː																
1016_233_skyn								a p q a	a g u/w a	a p q a	a b q a										ɑ v q ɑ
1017_233_skyn	ɲ aːˁ ɲ iˤ/i ʕ n	ɲ a ŋ ɲ a	n a ŋ n a	ɲ a ŋ ɲ a			ɲ a ŋ ɲ a							ɲ a ŋ ɲ a	ɲ a ŋ ɲ a	n a ŋ + n a		n a nː a	ɲ a ŋ ɲ a		
1018_233_skyn				b u ɣ a						b aː		b aː	b w oa		b oa	b ɔː	b ʊ ɣ a		b u/w a	b aː	
1020_234_smellv								χ u ŋ ɕ i				f uː m tʃ i	p w uː ŋ i tʃ i		x u m p ə			uː n ʃ i		p uː n s u	
1021_234_smellv	ŋ oˁː/oː s uˤ/u ʕ	ŋ oː h u k t a	n oː s u	ŋ o s uː k t a	ŋ oː		ŋ oː k t ə				w a ŋ k j i j a			ŋ oː s a k t a		ŋ ɔː	ŋ ɔ x ɔ		ŋ ø + s j i		v i ŋ kʰ ɘ
1023_234_smellv				ʉ n ŋ ʉ										u ɲ ŋ ə							
1024_235_smooth										n ə j g ə n		n əi g ə		n ə s k iː	n əi ŋ ə				n ə j g ə	n ə j ə	n ɘ tɕ i n
1025_235_smooth								n y/j ɬ x ʊ n			n j i l g j i j a n										
1026_235_smooth	b uˤ/u ʕ l d uˤ/u ʕ t iˤ/i ʕ											b o l d o + b o l d o + b j iː	b i l d w o + b i l d w o + b iː			b u l̥ d u m	b u r tʃ u r i n	b ɪ l d ʊ l ɪ		b o l d o + b j i	
1030_235_smooth		n ə p t ə m ə		n ə p t ə m ə	n ə p t ə m a		n ə p t ɒː l ɒ														
1031_236_snown	iˤ/i ʕ m e n r e		ɪ m a n d a	i m a nː a				i m a n ə	i m a ŋ g i	e m a n a	n j i m a ŋ g j i	s j e m n a	s e m a t a	e m a n a	i m a s a	ʃ i m ɑ n ɑ	e m a n a	ɪ m a n d a	i m a	s e m a t a	n i m ɑ ŋ
1032_236_snown		h i n i l g ə n		s ɨ ŋ ɨ l ɣ ə n	ś/ʃ i ɲ i l g ə n	h i ɲ i l g ə n	h i ŋ i l g ə n														
1034_237_spitv								tʰ i f ə l ə		t o f j ɪ n a	tʃ i f ə l ə	t o f j e l a	t w o p e n		t o p j i n	t u p i n			tʰ u n d ə	t i p u n	tɕ i v ɘ l ɘ
1035_237_spitv	t u m n i		t i m i n uː	t u m i n	t u m n ɨː		t u m i n							t o m o n			t ʊ m ʊ n	t ʊ m ɪ n			
1036_238_stickn		m o	m oː		m o					m oː	m oː	m oː	m w oː	m oː	m ɔː	m ɔː		m ɔ	m oː	m oː	m o
103_36_hitbeatv																	m ʊ ŋ d aː	m ʊ n d a			
1040_239_straight								tʰ ɔ n d u		t o ŋ n o	t o n d o	t o ŋ g d o	t w o ɴ d w o	t o ŋ n o	t ɔ ŋ n ɔ	t ɔ ŋ d ɔ		t ɔ n d ɔ x ʊ ŋ	t o ŋ d o	t o ŋ d o	tʰ o n d o q u n
1042_239_straight	ŋ uˁː/uː n			ŋ ʉ ŋ n ə																	
1046_240_swellv										χ ao l o	ai b j i	χ ao l a	χ ao l w o	au l	ao l i	χ ɑ u l u	ə w u l		au l i	χ a w l o	
1047_240_swellv	ħ oː s k e n										x u k ʃ u										
1048_240_swellv			k uː p	k ə p ə	k u r b u						k u b s u r ə										
1049_240_swellv	dʒ uˁː/uː t e n										dʒ u l j i										
1050_240_swellv																		m a d a			m ɑ d ɘ
1052_240_swellv														x ə j g ə							
1053_241_swimv			əː l b iː	ə l b ə s	ə l b ə s k ɒː t		ə l b ə s k ɒː t	ɜ ɬ p ɕ i			ə b j i ʃ ə			ə l b ɵ s			ə l b i	ə l b ə ʃ iː	ə g b j i/j e n ə		ɘ v s ɘ
1054_241_swimv	t iˁ aˁ n				t ɨ s a k t a	t ɨ x a	t ɨ h a							t e s a	t i s a						
1055_241_swimv										f ao r j ɪ		f ao r j e	p ao r j e			p ɑ u r i				p a w r o	
1056_241_swimv	k eː w u m e tʃ																				
1059_242_they	n oˤ/o ʕ ŋ aˤ/a ʕ r t aˤ/a ʕ n	n u ŋ a r t ɨ n	n ʊ ɣ a r	n oː r t i n	n u ŋ a r t ɨ n	n u ŋ a r t ɨ n	n u ŋ a r t ɨ n			ɲ oa t ɪ		ɲ aː tʃ e	ɲ w oa n + tʃ i	n o ŋ ɣ a t i l	n o ŋ a t i	n ɔː + tʃ i	n ʊ ɣ a r + t e n		n u/w a t i	n aː t e	
105_36_hitbeatv				k o l t o	k o l t o	k o l t o	k o l t o														
1060_242_they											t ə s ə							t a l ʊ r			tʰ ɘ s
1062_243_thinkv				g ʉ n tʃ ə				k o n i			g uː n j i										
1063_243_thinkv	m uˁː/uː l g aˤ/a ʕ tʃ									m u dʒ i l ə		m u d j i l ə	m w u r tʃ i		m əi tʃ i	m ɔ + r ɔ			m ə j s j i	m u r u + tʃ u	
1065_243_thinkv			b o d o													b ɔ d ɔ	b ɔ d ɔ	b ɔ d ɔ			b o d u
1067_244_treen	m oˁː/oː	m o	m oː	m oː	m o	m oː	m oː	m o	m o	m oː	m oː	m oː	m w oː	m oː	m ɔː	m ɔː	m ʊ ɔː	m ɔ	m oː	m oː	
1069_245_true	t e dʒ	t ə ď/d ə		t ə dʒ əː	t ə ď/d ə		t ə ď/d ə	tʰ ə tɕ ə		t ə dʒ ə		t ə dz ə	t ə dʒ ə	t ə dʒ ɵː	tʃ i dʒ ə	t ə d ə	t ə dʒ ɐː	t ə dʒ i	ts ə dz ə	t ə dʒ ə	
106_36_hitbeatv		t ə r ə γ/ɣ ə					t ə r ə ɣ ə														
1070_245_true											j a r g j i j a n										j ɘ r x i n
1071_245_true	aˤ/a ʕ j dʒ iˤ/i ʕ t																				
1075_246_turnv												k ə n d ə l d ə			k ə n d ə l j i						
1076_246_turnv				h ʉ k ʉ s ɨ n										x u ɣʷ u k s i n					x u g i + w a n a		
1077_246_turnv										k ə g ə r i g i + u k ə n			k ə tʃ ə r j i w əː n								
1078_246_turnv																x ə r ə l i				x ə r ə n	
1079_246_turnv											t o r χ o										tʰ œ r x u
107_36_hitbeatv		i k t ə				i k t ə															
1084_247_vomitv	i s	i h ə	i s ə r iː	ɨ s ə	i s ə			i dz ə ʨh/tɕʰ i				x u s ə	x w u s ə	i s ə	i s j i/j ə	x u ʃ ə	i h i m k i t	i ʃ i r i	i/j ə̰	x u s ə	
1087_247_vomitv											dʒ u r u										ɖʐ u r u
1088_247_vomitv	ħ uˤ/u ʕ j iˤ/i ʕ r k iˤ/i ʕ tʃ																				
1089_248_walkv			u l i					χ u l i	f u l u		f ə l j i j ə	f u l j i			x u l j i	p u l i			x u l j i	p u l m ə	
1091_248_walkv										d u/w ə r ə			d w u/w ə r ə							d u/w ə r ə	
1095_248_walkv	g iˤ/i ʕ r q aˤ/a ʕ	g i r k u		g e r k ʉ		g i r k u	g i r k uː							g ɛː x u			g e r aː n				
1098_249_1plpronoun	b uː	b uː	b uː	b ʉː	b u	b u	b uː	p u		m uː	b ə	b uː	b w u/w ə	b u	b u	b uː	b uː	b u	b u	b uː	b o
1099_249_1plpronoun	m u t	m i t	m i t i	m ɨ t	m u t		m u t	p ə tʰ i						b i tː ə	b j i t i		m i t iː	m i t	m i n t i		m ɘ s
109_37_legfootn	b oː d e l		b ə g d iː r					p ə k d ə l ə	b ə t i/j ə	b u g d j i	b ə t x ə	b ə g d j i	b ə g dʒ i	b ɵ g d i	b ə g d i	b u g dʒ i		b ə l d iː r	b ə g d i	b ə g d i	b ɘ t k
1100_250_when								i a m aə r i n			ai + ə r j i n + d ə										
1101_250_when			aː l ɪ							a l j ɪ		χ aː l j e	χ aː l i		aː l j i	χ aː l i	aː l e	aː l	a l j i	χ aː l e	
1103_250_when	oˁː/oː q	oː k i n		oː k i n	oː k i n	oː k i r	oː k i n							oː k i n							
1104_251_with			dz iː					tʃ i		dʒ ɪ		d j e	dʒ i	dʒ i	dʒ i		dʒ e	dʒ i	dz i	dʒ e	
1105_251_with																n d ɔ					
1110_251_with	g l iˤ/i ʕ																				
1111_251_with	tʃ i l		ts iː	t																	
1113_252_wormn															s j i l j i k t ə	ʃ i l i k t ə				s e l a q t a	
1114_252_wormn		uː r ɵ		ʉː r əː	uː r ə	u r ə													w əː		
1116_252_wormn										b ə t ə	b ə t ə n	b əː t ə						m əː tː			
111_37_legfootn		h a l g a n		h a l ɣ a n	h a l g a n	h a l g a n	h a l g a										a l g a n				
1121_252_wormn			k ʊ l ɪ k a n	k u l i + k aː n	k u l iː k a n	k u l i k a n	k u l i k aː n							k o l i x aː n		k ɔ + lʲ ɛː	k ʊ l e x aː n		k u l i g a s a̰		
1122_253_yellow								s u j ɛ n	s u j a n	s o j a n	s u w a j a n	s o j a	s w oː g dʒ w o n		s ɔː g dʒ ɔ	s ɔː g d ɔ			s o g dz o	s oː g dʒ o	s u j ɑ n
1126_253_yellow		h i ŋ a m a		s i ŋ a m a										s e ŋ ɣ a j iː n			ʃ e ŋ a r e n	ʃ ɪ ŋ a			
1128_254_2plpronoun	ħ uː	h uː	s uː	s ʉː	ś/ʃ uː	h uː	h uː	s u		s uː	s u w ə	s uː	s w u/w ə	s uː	s u	ʃ uː	ʃ uː	s u	s uː	s uː	s o
112_38_hornn	k oː j e	i j ə			i j ə	i j ə	i j ə	q u j ɛ n						g o j a							
113_38_hornn			i j ə	ɨ j ə					w əi x ə	j ə	w əi x ə		x w u j ə	iː j ɵː	i j ə	x u j ə	iː g ə	iː ɣ	i/j e	x u j ə	v i x
115_39_this	e w u w	ə r	ə r i	ə r	ə r e	ə r i	ə r e	ɜ i	ə r ə	ə j	ə r ə	əi	ə j	ɵ j	əi	ə r i	ə r i	ə r i	əi	ə j	ɘ r
116_40_fishn								i m a x ɑ	n i m u x a	e m a χ a	n j i m a χ a	e m a χ a									n i m x ɑ
117_40_fishn													s w o ɢ d a t a		s o g dʒ a s a	ʃ u ŋ d ɑ tː ɑ			s u g dz æ	s o g d a t a	
118_40_fishn	oˤ/o ʕ l r aˤ/a ʕ	o l d o	o l d o	o l d o	o lː o	o lː o	o l d o			o l o				o l o			ɔ l ɔ				
11_5_mouthn	aˤ/a ʕ m ŋ aˤ/a ʕ	a m ŋ a	a m ŋ a	a m ŋ a	a m ŋ a	a mː a	a m ŋ a	a m ŋ ə	a ŋ g a	a m ŋ a	a ŋ ɢ a	a m ɢ a	a ɴ m a	a m ŋ a	a mː a	ɑ ŋ m ɑ	a m ŋ a	a mː a	a ŋ m a	a ŋ m a	ɑ ŋ
120_41_yesterday								ɕ i kʰ s ə	ʃ i s ə n ə ŋ g i	s j i k s ə	s j i k s ə	s j i k s ə + s j i k s ə ɲ i	tʃ i s əː n i/j ə							t i s ə	ʈʂ h ɘ k s ɘ n ɘ ŋ
121_41_yesterday	t iː n i w	t ɨ n iː w ə	t iː ɲ i b ə	t ɨː n ə w ə	t ɨː ɲ i w ə		t iː ɲ i w ø							t iː n u w ɵ j	t i n ə w i	tʃ ɛː nː ɛː	t iː n ə w ə	t iː n u ɣ	t i n ə n ə ŋ i		
122_42_drinkv		u m	ɪ m ɪ	u m	u m	u m	u m	ɔ m i	u m i	o m j ɪ	o m j i	o m j e	o m j e	o m	i m j i	u m i	e m	ɪ m ɛ	u m i	o m o	œ m i
124_43_black	ħ aˤ/a ʕ q aˤ/a ʕ r iˤ/i ʕ n							s a kʰ a r kʰ i	s a x a l i a n	s a q a l k j ɪ n	s a χ a l j i j a n	s a χ a r j e	s a χ a r j e n		s a q ai	s aː r i				s a x a r j e	
129_43_black		k o ŋ n o m o	k o ŋ n o r ɪ n	k o ŋ n o m o	k o ŋ n o m oː	k o ŋ n o m o	k o ŋ n o m o							k o ŋ n i j iː n			k ɔ ŋ n ɔ r e n	x ɔ nː ɔ r ɪ ŋ			
12_6_tonguen	i/j e n ŋ e		i nː i	ɨ nː ɨ				i l ə ŋ q u	i l ə ŋ g i	i l ə ŋ g u	i l ə ŋ g u	s j i r m ə	s i ŋ m w u	i ɲː i	i ŋ i	ʃ i n u	i ŋː i	i ŋ i	i ŋ i	s i ɲ u	i l i ŋ
131_44_naveln									ə l ə ŋ g u		u l ə ŋ g u		x w u j m w u	u ŋ ɲ ə n		x u n u				x u ɲ u	u l u ŋ
132_44_naveln		tʃ u m u r ə	ts u ŋ u r	tʃ ʉ ŋ ʉ r əː	tʃ u m u r ə	tʃ u m uː r ə	ś/ʃ u m u r ə	ʨh/tɕʰ u ŋ ə l i		tʃ u ŋ u r u	tʃ u ŋ g u r u	ts u m u r u		tʃ o ŋ ɣ o j o	tʃ o ŋ o		tʃ ʊ ŋŋ/ŋː ʊ r ʊ	s ə ŋ u r	ts o ŋ o		
134_45_standv	iˤ/i ʕ l g e m	i l	ɪ l ɪː	i l i + t	i l	i l	i l i	i l i	i l i	e l + tʃ ɪ	i l j i	e l j e s j e	e l e s e	e l i t	i l j i + s j i	i l i	e l e	ɪ l a	i l j i	e l + s o	i l ɑ
136_46_bitev										s ə p k ə + n ə			s ə k p ə n		s ə pː ə n					s ə q p ə n	
137_46_bitev	iː t m e n															i k t ə m ə n			i k t ə + m ə	i q t ə m ə n	
138_46_bitev											s ai	s j æː									s ɑ
13_6_tonguen		tʃ o l iː			tʃ oː l i	tʃ oː l iː	s oː l iː														
140_46_bitev		k i k	k i k i	k ɨ k	k i k	k i k	k i k i							k e k			k e k	x ɪ x ɛ			
141_47_backn								t a r m a		d a r m a	d a r a	d a r a m a	d a r a m a	d a j a m a	d aː m a	d ɑ r ɑ m ɑ	d a r a m a	d a r a m			d ɑ r ɘ m
142_47_backn															a qː a	a t + t a			a k a		
144_47_backn									f i s a		f j i s a										f i z ɑ
146_47_backn		h o g d o n d o	s o g d o n d o	s ə ɣ d ə nː ə	s o g d o nː o	h o g d o nː o	h o n d o n d o										ʃ i g d ə				
147_48_windn	e d e n		ə d i n	ə d ɨ n	ə d ɨ n	ə d ɨ n	ə d ɨ n	ɜ d i n	ə d u	ə d i n	ə d u n	x ə d u	x ə d w u n	ə d i n	ə d i	x ə d u	ə d i n	ə d i ŋ	ə d i	x ə d u	u d u n
148_49_smoken	ħ aːˁ ɲ iˤ/i ʕ n	h a ŋ ɲ a n	s a ŋ n a n	s a ŋ ɲ a n	s a ŋ ɲ a n	h a ŋ ɲ a n	h a ŋ ɲ a n	ʂ a ŋ n i/j ɛ n	ʃ a ŋ g i a	s a ŋ ɲ a n	ʃ a ŋ g j i j a n	s a ŋ ɲ a	s a ɴ ɲ a n	s a ŋ ɲ a n	s a ŋ ɲ a	s ɑ ŋ n ɑ q ɑ	ʃ a ŋŋ/ŋː a n	s a ŋ a ŋ	s a ŋ ɲ a	s a ŋ ɲ a	s ɑ ŋ ɘ n
14_7_bloodn		h o x s ə	s əː k s ə	s əː k s ə	s oː x s ə	x oː k ʃ ə	h oː k ś/ʃ ə	s ə kʰ s ə	ʃ ə ŋ g i	s ə k s ə	s ə ŋ g j i	s əː k s ə	s əː k s ə	s ɵː k s ə	s əː k s ə	ʃ əː k ʃ ə	ʃ ɐː k ʃ ə	s əː ʃː i	s a k j æ	s əː k s ə	ɕ i ŋ
150_50_what	i aˁ q	eː k u n	i k u n	əː k ʉː n	ə k u n	eː k u n	eː k u n	i a		eː m a	ai	χ ae	χ a j	ɛː x u n	j aː	χ ɑ i	e x ʊ n		j ə̰u	χ a j	ɑ i
152_51_childkintermn	ħ u t	h u t o	h u t ə	h ʉ t ə	h u t ə		h u t ə	x i tʰ ə		f u t ə		f j i k t ə	p i k t ə	x u t ə	x j i t ə	p u tː ə	u t ə		s j i t ə	p j i q t ə	
153_51_childkintermn									dʒ ui		dʒ ui										
157_52_eggn	uˤ/u ʕ m t aˤ/a ʕ	u m u k t a	ʊ m ʊ k t a	u m u k t a	u m u k t aː	u m u k t a	u m u k t a	ɔ m ɔ + kʰ tʰ ə		o m o q t a	u m ɢ a n	o m o q t a	o m w o q t a	o m o k t a	o m o + k t a		ʊ m ʊ k t a	ʊ m a tː	u m u k t a	o m o + q t a	u m x ɑ n
159_53_givev	b oː	b u	b uː	b ʉː	b u	b uː	b uː	p u	b u	b uː	b u	b uː	b w uː	b uː	b uː	b ɵː	b uː	b uː	b uː	b uː	b u
160_54_new			i r k ə kː i n					i r kʰ i kʰ i n	i tʃ ə	i t k ə k j i n	i tʃ ə	s j i k u	s i kʷ uː n	i x i x iː n	i kː əi	ʃ i t əu	i r k ə x i n	i kː i ŋ		s i tʃ əu	i ʈʂ h ɘ
164_54_new		ó/o m a k t a		oː m a k t a	o m a k t a	o m a k t a	oː m a k t a														
165_55_burnintrv			dz ə g d ə	dʒ ə ɣ d ə	ď/d ə g	ď/d ə g		tʃ i k d ə	d ə d i	dʒ ə g d ə	d əi dʒ i	dz ə g d ə	dʒ ə g d ə	dʒ ə g d ə	dʒ ə g d ə	d ə g d ə	dʒ ə g d ə	dʒ ə x d iː	dz ə g d ə	dʒ ə g d ə	
16_8_bonen		g i r a m d a	g ɪ r a m d a	g e r a m d a	g i r a m n a	g i r a m n a	g i r a m d a	k i a m z ə	g i r a ŋ g i	ɢ j ɪ r a m n a	g j i r a ŋ g j i	g j e r m a s a	g j e r m a q s a		g j i a m s a	g i r ɑ p ɸ s ɑ	g e r a m n a	g ɪ r a n d	g j æ m a	g e r a m s a	g i r ɑ ŋ
170_55_burnintrv		l u r g iː					l u r g i											l u gː i			
172_56_not	e	ə	ə	ə	ə	ə	ə	r s ə	k u/w a	ə + s j i		a s j e	a	ə	ə	ə	ə	ə	ə	a s e	q u
173_57_good	aˤ/a ʕ j	a j a	a j a	a j a	a j aː	a j a	a j a	ai		a j a		ae		a j a	a j a	ɑ j ɑ	a j a	a j a	ai a	a j a	
174_57_good												u l ə	u l əː n			u + l i ŋ + g a				u l ə	
176_57_good									s ai n		s ai n										s ɑ n
177_58_knowv	ħ aːˁ	h aː	s aː	s aː	s aː	h aː	h aː	s a j i	s a	s aː	s a	s aː	s aː	s aː	s aː	s aː	ʃ aː	s aː	s aː	s aː	s ɑ
179_59_kneen	ħ e n ŋ e n	h ə n ŋ ə n	h ə nː ə n	h ə n ŋ ə n	h ə n ŋ ə n	h ə ŋ ɲ ə n	h ə n ŋ ə n	x ə r ŋ ə n		x ə ɲ ŋ ə n		f əi ŋ g ə		x ə ɲ ŋ ə n	x ə ŋː ə	p ə n ə	ə ŋː ə n	ə ŋ ə ŋ	x ə ŋ ə	p ə ɲ ə	
17_8_bonen	i k e r i													iː x ə j							
180_59_kneen	b eː l g e																			b ə l dʒ ə	
181_59_kneen									b u x i												b u ɣ o
182_59_kneen												dz a l a	dʒ a l a n								
184_59_kneen	b oˁː/oː q aˤ/a ʕ m																				
185_60_sandn								ʨh/tɕʰ ɔ r ɔ ŋ	dʒ o r o												
187_60_sandn	oˤ/o ʕ ɲ iˤ/i ʕ ŋ															χ ɔ n ɔ q t ɔ			o ɲ o k t o		
188_60_sandn													s e j a n							s e j a	
189_60_sandn			ʃ i r u k	s ɨ r ʉ ɣ ɨː						s j e r o n		s j e r o		s e j u n			ʃ e r g e			s i r u	
18_9_2sgpronoun	ħ iː	h iː	ʃ iː	s ɨ	ś/ʃ iː	h iː	h iː	ɕ i	ʃ i	s j i	s j i	s j i	s i	s iː	s j i	ʃ iː	ʃ iː	ʃ i	s j i	s i	ɕ i
190_60_sandn		i ŋ aː			i ŋ aː		i ŋ aː				j o ŋ ɢ a n							ɪ ŋ a			n i/j o ŋ u n
191_61_laughv	i ɲ	i ɲ ə k t ə	i n ə k t ə	ɨ ɲ ə	i ɲ a k t ə	i ɲ ə k t ə	i ɲ ə k t ə	n i x tʰ ə n ə	i n dʒ ə	i n ə k t ə	i n dʒ ə	i n ə k t ə	i n ə + k t ə	i ɲ ə	i ɲ ə k t ə	i n ə	i ɲ ə k t ə	n ə tː ə	i n ə	i ɲ ə q t ə	i n dʑ i
192_62_hearv	d oˤ/o ʕ l d aˤ/a ʕ	d oː l d ɨ	d oː l d ɪː	d oː l d iː	d oː l d ɨ	d o l d ɨ	d oː l d iː	t ə ɬ d i	d o n d i	d o l d j ɪ	d o n dʒ i	d oː l d j e	d w oː l dʒ e	d oː l d i	d ɔː g d i	d ɔː l dʒ i	d ʊ ɔː l d e	d ɔː l d i	d o g d iː	d oː l d e	d œ n dʑ i
193_63_soilearthn									n a	n aː	n a	n aː	n aː		n aː	n aː			n aː	n aː	n ɑ
194_63_soilearthn		t u k a l a		t u k a l a	t u k a l a			tʰ u kʰ a l a									t ʊ x a l a				
195_63_soilearthn									b ə x o		b oi χ o n										
196_63_soilearthn	t o r													t uː j							
199_64_leafn	e b d e n r e	a b d a n d a		a w d a nː a	a b d a nː a	a b d a nː a	a b d a n d a	a p t a kʰ s ə	a p u x a	a b d a n a	a b d a χ a	χ a f t a ts a	χ a b d a t a	a b d a n a	a b d a s a	χ ɑ m d ɑ tː ɑ	a b d a n a	a b d a nː	a b d æ	χ a b d a t a	ɑ v x
19_10_rootn		d a g a s a n			d a γ/ɣ a tʃ a n		d a r a m u k i n	t a	d a		d a	d aː ts a	d aː tʃ a n	d aː		d aː t ɑ				d aː tʃ a	
200_64_leafn			n a p č/tʃ ɪ														n a b ʊ tʃ e				
201_65_red	ħ uˤ/u ʕ ɫ/lˠ aˤ/a ʕ ɲ aˤ/a ʕ	h oː l b a m a	ʊ l a r ɪ n	h u l a m a		h u l a m a	x o l b a m a	f ʋ ɬ k i/j ɛ n	f u l i a n		f u l g j i j a n	f o l j ɢ æː n		x o l a j iː n			ʊ l aː r e n	ʊ l a r ɪ ŋ	x u l a l j i ɣ j i		f ɘ l g i ɑ n
202_65_red										s ə g dʒ ə n			s əː g dʒ ə n		s əː g dʒ ə	ʃ əː g d ə			s ə g dʒ ə	s əː g dʒ ə	
204_66_livern	ħ aːˁ q aˤ/a ʕ n	h a k i n	h aː k ɪ n	h a k i n	h a k i n	h aː k i n	x aː k i n	χ a kʰ i n	f a x u n	χ a q ɪ n	f a χ uː n	χ a k j e	p aː	x aː x i n	χ a x q j i	p aː χ ɑ	aː k e n	aː x ɪ ŋ	x a̰i	p aː	f ɑ ɣ u n
206_67_hidev															x j i r j i	ɕ i + r i					
207_67_hidev	dʒ aˤ/a ʕ j	ď/d a j a	dz a j a	dʒ a j a			d j a j a			dʒ a j a	dʒ ai l a	dz ae	dʒ a j a		dʒ a j a	d ɑ i	dʒ a j i	dʒ a j ɪ	dz æ	dʒ a j	
208_67_hidev														d i x ə m k ɵː n							
20_10_rootn	ŋ eː ŋ t e		ɲ iː n t ə	ŋ ɨ ŋ t ə	ɲ i ŋ t ə	ɲ i ŋ t ə	ŋ iː n t ə			m ui k t ə		m ui k t ə		n i ŋ t ə	ŋ i ŋ t ə			n iː n t	ŋ i ŋ t ə		
211_68_skinhiden		i r ə x s ə			i r ɵ x s ə	i r ɵ x ʃ ə	i r ə x ś/ʃ ə	ɜ r x ə				x ə r ə k t ə	x ə r ə k t ə			x ə r ə k t ə				x ə r ə q t ə	
212_68_skinhiden	n aˤ/a ʕ n r aˤ/a ʕ		n a n d a	n a n d a						n a n a				n a n a	n a s a		n a n a	n a n d a	n j æ	n a n t a	
213_68_skinhiden									s u g u		s u k uː										s o q o
214_68_skinhiden	i l r e				i lː ɒ																
217_69_suckv											s j i m j i		s e m j e			ʃ i m i		s ɛ m ɪ	s j i m i s j i		ɕ i m i
218_69_suckv		u k u			u k u		u k u			u k u			kʷ uː tʃ i							k uː tʃ i	
21_10_rootn												t ə x ə	t ə x ə	t ə x ə n		t əː kː ə	t ə x ə n			t ə x ə	
220_69_suckv	tʃ iˁː/iː m tʃ aˤ/a ʕ			tʃ ʉ m ə																	
221_69_suckv				n ʉ p k ʉ													l ʊ p k ʊ				
225_70_carryv															x ə bː u				x ə b u		
226_70_carryv										ɢ a ŋ s o		ɢ aː ɲ e + s o	ɢ aː dʒ w o						g a dz i	g a dʒ o	
227_70_carryv		i r u											e r a			i r ɑ				e r a	
231_70_carryv																	dʒ uː				ɖʐ o
232_70_carryv	ŋ e n u			ŋ ə n ə + v		ŋ ə n ə w								ŋ ə n ə + w							
235_70_carryv		ə x s ə		ə k s ə			ə x s j ə														
236_71_antn	ħ iː r i t	i r i k t ɒ	iː r i k t ə	ɨ r ɨ k t ə	i r i k t ə	iː r i k t ə	i r i k t ə	i kʰ tʰ ə + kʰ ə n	i r x u/w ə	i r j i k t ə	j ə r x u w ə	i k t ə k j i	s i l w u k t ə	iː k t ə	iː k t ə	ʃ i r u k t ə	i r i k t ə	iː r ə tː	i k t ə	s e n o n o	n y/j r + n i m ɑ x
238_72_heavy	u r g e	u r g ɵ p tʃ u		ʉ r ɣ ə	u r g ə	u r g ə p tʃ u	u r g ɵ	u r g ə	u dʒ ə	u d j g ə	u dʒ ə n	x ui g ə	x w u j g ə	u j g ə g d i	u gː ə	x u d əu l i	u r g ə	u gː u dː i	u ɣ j i	x u dʒ ə + u l i	u dʑ i n
239_73_takev					ď/d a w a					dʒ ao	dʒ a f a	dz a f a	dʒ a p a		dʒ a w a	d ɑ p ɑ	dʒ a w a		dz a w a	dʒ a p a	ɖʐ ɑ v ɘ
240_73_takev	g aˤ/a ʕ	g a	g a	g a		g a	g a	k ɑ tʃ i						g a				g a d			
243_74_old															ai n aː p t i				a n a p t i		
244_74_old				g o r o p t i						ɢ o r o + p t ɪ		ɢ o r o + f tʃ e	ɢ w o r w o p tʃ i	g o j o p t i		ɢ ɔ r ɔ p tʃ i	g ɔ r ɔ p t e			g o r o + p t e	
245_74_old												b aː l a + f tʃ ɛː								b a l a + p t e	
246_74_old									f o		f ə										f ɘ
248_74_old	i r b e t																	i r ə tː i			
24_11_comev	e m	ə m ə	ə m ə	ə m ə	ə m ə	ə m ə	ə m ə	ɜ m ə		ə m ə				ə m ə	ə m ə		ə m ə	ə m ə	ə m ə		
253_74_old		h o l o k t o			h ɵ l ɵ k t ɵ	h o l o k t o															
254_75_eatv	dʒ e b	ď/d ə p	dz ə p	dʒ ə w	ď/d ə p	ď/d ə pː	ď/d ə p	tɕ ə f ə	dʒ ə f u	dʒ ə f u	dʒ ə	dz ə f		dʒ ə p	dʒ ə p	d ə p	dʒ ə b	dʒ ə t	dz ə	dʒ ə p u	dʑ i
257_76_thighn					b e g d aː			p ə k d ə l ə													
259_76_thighn	oˤ/o ʕ ɣ												oː	o ɣʷ o		ɔː		ɔ ɣ ɔ	oː	oː	
25_11_comev									d i/j u		dʒ i	d j i	dʒ i							d i	dʑ i
260_76_thighn													t a l p i							t a r p j e	
263_76_thighn											b u x j i						b ʊ ɔː k a n				
264_76_thighn											s u k s a χ a										m ɑ + s u s x ɑ
267_76_thighn					d u k i		d u w u k iː														
269_77_thick	d iˤ/i ʕ r aˤ/a ʕ m			d i r a m	d ɨ r a m		d ɨ r a m		d i r a m i	dʒ ɪ r a m j ɪ	dʒ i r a m j i n	d j e r m j e	dʒ e r a m j i	d e j a m	d i j a m j i	dʒ i r ɑ m i	d e r a m	d ɪ r a m	d i a m i	d e r a m j e	dʑ i r ɑ m
271_77_thick										b a r o n									b ou		
272_77_thick												w aː m j e	ɴ w oa m j i			m oː m i				ŋ oa m j e	
274_78_long	ŋ oˤ/o ʕ n aˤ/a ʕ m	ŋ o n i m	n o ɲ ɪ m ɪ	ŋ oː n i m	ŋ o ɲ i m	ŋ o ɲ i mː a m a	ŋ oː ɲ i m	ɔ n i m u	g o m i	o r m j ɪ	ɢ o l m j i n	o r m j e	ɴ w o n e m j i	ŋ o n o m	ŋ ɔː ɲ i m j i	ŋ ɔ n i m i	ŋ ʊ n ʊ m	n ʊ n a m	w a n j i m i	w a l m j e	ɢ o l m i n
275_79_blowv								f ʋ ɬ g i	f u l ə	f u l g j ɪ	f u l g j i j ə	f u l g j i + tʃ i									f i l x i
276_79_blowv	e d e l		ə d i n	ə d ɨ n		ə d ɨ n		ɜ d i n ə		ə d i + n ə	ə d u	x ə d u n	x ə d w u n	ə d i n	ə d i n	x ə d u n	ə d i n	ə d i n	ə d i + n ə	x ə d u n	u d u n + d ɑ
277_79_blowv	ħ uː	h u p	h uː w u	h ʉ w	h uː p		h uː p						p w uː	x uː w	x uː	p uː	uː	uː g u		p uː	
278_80_woodn	m oˁː/oː	m o	m oː	m oː	m o	m oː	m oː	m o	m o	m oː	m oː	m oː	m w oː	m oː	m ɔː	m ɔː	m ʊ ɔː	m ɔ	m oː	m oː	m o
279_81_runv										f a ɢ d a l a		f aː g d a l a									
27_11_comev		i s							i ʃ i x a												
281_81_runv	t u t												t w u t w u		t u t u			t u t ə l i		t u t u	
282_81_runv		t u k s aː n	t ʊ k s a	t u k s a		t u x s aː n	t u x s a							t o k s a		t u k s ɑ	t ʊ k ʃ a		tʰ u k j æ		
284_81_runv					h u k t ɨ	h u k t ɨ															f ɘ x ɕ i
285_82_fallv	t i k		t i kː i	t ɨ k				t u/w ə x ə n	t u x ə	t i k j i	t u x ə	t uː	t w uː	t i k	t iː	t uː	t i x i	t i x i	t i ŋ m ə	t uː	tʰ u ɣ u
286_82_fallv		b u r u		b ʉ r ʉ	b u r u	b u r u	b u r u														
287_83_eyen	iˁ aˁ s aˁ l	eː h a	ɪː s a l	əː s a	e s a	eː h a	eː h a	i z a l a	j a s a	e s a l	j a s a	e s a l a	n a s a l	ɛː s a	i s a	i s ɑ l	j eː h a	ɪː s a l	j æ	e s a l	j ɑ s
288_84_ashn	ħ u l t e n	h u l o p t ɒ n	h u l ə p t əː n	ʉ l əː p t ɨ n	h u l ə p t ɒː n		x u l o p t ɒː n	f ʋ l ə p tʰ ə	f u l ə ŋ g i	f u ɲ ə k t ə	f u l ə ŋ g j i	x u l ə f t ə	p w u ɲ ə k t ə n	x u l ɵː p t ɵː n	x u l ə p t ə	p u n ə k t ə	u l ə p t ə n	u l ə tː ə ŋ	x u l ə p t ə	p u n ə q t ə	f i l i ŋ
289_84_ashn					t u k a l a	t u k a l a															
28_12_breastnchestn	t i ŋ e n		t i ŋ ə n			t ɨ ŋ ə n		tʰ i ŋ ə n	t u ŋ g ə	t i ŋ ə n	t u ŋ g ə n	t u ŋ g ə	t w u ŋ ə n	t i ŋ ɣ ə n	t i ŋ ə	t u ŋ ə			t i ŋ ə	t u ŋ g ə	tʰ u ŋ u n
290_85_tailn	i r g e	i r g iː	i r g i	ɨ r ɣ ɨ	i r g i	i r g i	i r g i	j i ɬ g i	u tʃ ə	i d j g j i	u n tʃ ə x ə n	x ui g u	x w u j g w u	i ɣː i	x u gː u	x u d u	i r g i	i gː i	i ɣ j i	x u dʒ u	u n ʈʂ x i n
291_86_dogn	ŋ iˤ/i ʕ n	ŋ i n a k i n	ɲ ɪ n a k ɪ n	n i n a k i n	ŋ i n a k i n	ŋ i n a k i n		i n a kʰ i	i n d a x u	e n a q ɪ n	i n d a χ uː n	e n d a	e n d a	n e n a x i n	i n a x q j i	ŋ i n d ɑ	ŋ a n a x e n	n i n i x i ŋ	i n a̰i	e n d a	j o n x u n
292_87_cryweepv	ħ oˤ/o ʕ ŋ	h o ŋ o	s o ŋ o	s o ŋ o	s o ŋ o	h o ŋ o	h o ŋ oː	s ɔ ŋ u	s u ŋ g u	s o ŋ o	s o ŋ ɢ o	s o ŋ ɢ o	s w o ɴ w o	s o ŋ ɣ o	s ɔ ŋ ɔ	s ɔ ŋ ɔ	ʃ ɔ ŋ ɔ	s ɔ ŋ ɔ	s o ŋ o	s o ŋ g o	s o ŋ u
293_87_cryweepv																				g w a d e	
294_88_tiev								x ə r kʰ ə											x ə k ə		
295_88_tiev				h ə r k ə										x ə j g i							
296_88_tiev	u j	u j i	u j u		u j iː		u j iː						ui	u j	u j u	ui		u j i	ui	u j	
297_88_tiev										s j e r a tʃ ɪ		s j e r a + tʃ e									
2_1_firen	t oˤ/o ʕ ɣ	t o γ/ɣ o	t o ɣ o	t o w o	t o γ/ɣ o	t o γ/ɣ o	t o γ/ɣ o	tʰ o	t a	t oː	t u w a	t ao	t a w a	t o ɣʷ o	t ɔː	t ɑ w ɑ	t ɔ ɣ ɔ	t ɔ ɣ	tʰ oː	t a w a	tʰ u ɑ
302_88_tiev																	a xː e	a kː ɪ			
303_89_seev	i tʃ	i s ə	i ts ə	ɨ tʃ ə	i tʃ ə	i tʃ ə	i ś/ʃ ə	i ʨh/tɕʰ i		i tʃ ə		i s k ə	i tʃ ə	i tʃ ə	i tʃ ə	i t ə	i tʃ i	i ʃ i	i s ə	i tʃ ə	
305_89_seev											s a b u										s ɑ v ɘ
306_90_sweet							a l a p tʃ u	a m tʰ t ə q h u l i		a m t a + s j ɪ		a m t a + ŋ ɢ a	a m t a + s eː		a m t a + s j i	ɑ p t ɑ u l i		a n t a ʃ ɪ		a m t a	ɑ m tʰ ɘ ŋ
309_90_sweet									d a n tʃ u		dʒ a n tʃ u x uː n										
310_90_sweet	d aˤ/a ʕ l r aˤ/a ʕ													d a l e							
312_90_sweet				a l a p tʃ u										a l a g d i							
313_91_ropen								x o r q h u ŋ		χ o t q o n		χ o r q o				χ ɔ r q ɔ	ʊ r k ʊ n	ʊ kː ʊ ŋ		x o r k o	
318_91_ropen									f u t a		f u t a										f ɘ tʰ ɑ
319_91_ropen	u s i	u h iː			u ś/ʃ iː k oː n		u h iː							u s iː				u ʃ iː l ə ŋ			
322_91_ropen				h ə r k ə w ʉː n		h ə r k ə w u n	h ə r k ə									x əː + k ə					
324_92_shadeshadown	ħ iˤ/i ʕ ɲ aːˁ n	h a ŋ ɲ a n		h a ɲ a n	h a ɲ a n	h a ɲ a n	h a ŋ ɲ a n	x a ɲ ɛ n		χ a ɲ a n		f a ɲ a	p a ɲ a n		χ a ɲ a	p ɑ n ɑ			x a ɲ a	p a ɲ a	
325_92_shadeshadown									x ə l m ə		x ə l m ə n										x ɘ l m ɘ n
326_92_shadeshadown			ʃ i m ŋ uː n											s i m ŋ u n				ʃ i ŋ u ŋ			
329_93_birdn								k ɑ s kʰ ə			ɢ a s χ a				g a s a	ɢ ɑ s ɑ					
32_12_breastnchestn		h i k o n		h ɨ k ə n	h i k ɵː n		h i k ɒː n														
330_93_birdn																			ts i n d a̰	tʃ iː n d ə	
331_93_birdn												ɲ i ts ə	n i/j ə tʃ əː n								
333_93_birdn									s ə tʃ ə												tɕ i ʈʂ kʰ ɘ
334_93_birdn	d e ɣ i		d ə ɣ iː	d ə ɣ	d ə γ/ɣ iː									d ə ɣ iː			d ə j i	d ə ɣ i			
335_93_birdn		tʃ i p k aː n			tʃ i p i tʃ aː	tʃ i p i tʃ a	ś/ʃ i p k aː k aː n														
336_94_saltn			d a w s ʊ n					t au z ə n	d a ts u	d ao s ʊ n	d a b s u n	d ao s o	d ao s w o n			d ɑ u ʃ u		d ɔː s ʊ ŋ		d a w s o	d ɑ v s u n
337_94_saltn	t aˤ/a ʕ q														d a q s o						
339_94_saltn		t u r u k ə		t ʉ r ʉ k ə	t u r u k ə	t u r u k ə	t u r u k ɵ														
33_13_rainn		t ɨ g d ə		t ɨ ɣ d ə			t ɨ g d ɒ	tʰ i k d ə		t i g d ə		t u g d ə	t w u g d ə	t i g d ə	t i g d ə	t u g d ə	t e g d ə		t i g d ə	t u g d ə	
342_95_small			ɲ iː č/tʃ i										n w uː tʃ i	ɲ i t k uː n	ŋ iː tʃ i	n uː tʃ i	n i tʃ u x u n	n i ʃ x u ŋ	ŋ i ts a̰	ɲ uː tʃ i	
343_95_small	k o tʃ u k e n							q h ɔ m ʨh/tɕʰ u													
345_95_small										n i s k u n		i s k j i									
348_95_small									a ʃ a		a dʒ i d a										ɑ dʑ i g
349_95_small		h u j u k uː n		h ʉ j ʉ k ʉː n	h u j u k uː n	h u j u k uː n	h u l u k uː n														
34_13_rainn	uˤ/u ʕ d aˤ/a ʕ n		ʊ d ʊ n		u d u n	u d u n									u d u			ʊ d ʊ ŋ			
350_96_wide								t a r m i		d a r a m j ɪ		d a r a m j e	d a r a m j i		d aː m j i	d ɑ r ɑ m i				d a r a m j e	
351_96_wide	q aˤ/a ʕ l b iˤ/i ʕ n			a l b i n	a l b i n	a l b i n	a l b iː n												a g b j i		
354_96_wide									o ts o		o n tʃ o										o n ʈʂ h o
355_96_wide																	ə ŋː ə l	ə ŋː ə	ə ŋ m ə		
357_97_starn	oˁː/oː s iˤ/i ʕ q aˤ/a ʕ t	o h i k t a	oː ʃ ɪ k t a	oː s iː k t a	o ś/ʃ i k t a	oː h i k t a	o h i k aː k t ə	u ɕ i a kʰ tʰ ə	u ʃ i x a	o s æ q t a	u s j i χ a	o s j e k t a	χ w o s a q t a	oː s i k t a	χ ɔ s j i k t a		ʊ ɔː ʃ e k t a	ɔː ʃ ɪ tː	w a j k t a	x o s t a	u s x ɑ
358_97_starn																u n i ɣ ə r i					
359_98_in	d uˤ/u ʕ	d uː	d oː	d ʉ	d u	d u	d uː	t u	d o l o	d o		d o	d w o	d uː	d ɔ	d ɔ	d ʊ	d ʊ	d u	d o	
35_13_rainn									a g u		a ɢ a										ɑ ɣ ɑ
360_98_in											d ə										d
363_99_hard	m aˤ/a ʕ ŋ			m a ŋ a			m a ŋ a p tʃ u				m a ŋ ɢ a								m a ŋ i		m ɑ ŋ
364_99_hard										q oa q + q oa q		q oa χ + q oa χ + b j iː	q w oa χ + q w oa χ + b iː							kʷ a x + kʷ a x + b j i	
365_99_hard	d o ŋ t e r									d ə ŋ + d ə ŋ											
36_14_1sgpronoun	b iː	b i	b iː	b ɨ	b iː	b iː	b iː	p i	b i	m j i	b j i	b j i	m j i	b i	b j i	b iː	b iː	b i	b j i	b j i	b i
370_99_hard											q a t a ŋ + s ə m ə			k a t a n			k a t a n	x a t			
372_100_crushgrindv								m ɔ dz ɔ l o		m o s o l a											
373_100_crushgrindv	tʃ i l q aˤ/a ʕ														tʃ i kː a				ts i k a		
374_100_crushgrindv											x u dʒ u r ə		x w u dʒ i r ə								x u ɖʐ u r u
375_100_crushgrindv										n e dʒ a r a	n j i dʒ a r a	ɲ e d j e r a								ɲ i dʒ u r tʃ u	
379_100_crushgrindv	ħ u r u ŋ			h ʉ r ɣ ʉ																	
37_15_namen	g e r b e	g ə r b iː	g ə r b iː	g ə r b ɨː	g ə r b iː	g ə r b iː	g ə r b iː	k ə r p i	g ə b u	g ə r b j i	g ə b u	g ə r b j i	g ə r b w u	g ə l b i	g ə bː i	g ə l̥ b u	g ə r b i	g ə bː i	g ə g b j i	g ə l b u	g ɘ v
382_100_crushgrindv														n e l k a							
384_101_mountainhilln	u r e k tʃ e n	u r ɵ	h o r oː n	ʉ r ə	u r əː	u r ə	u r ə	u r kʰ ə n		u r ə n		x u r ə	x w u r əː n	u j ɵː	u w ə	x u r i ɣ ə	u r ə	u r u	w ə	x u r ə	
385_101_mountainhilln									a l i		a l j i n										ɛ l i n
386_102_sitv	t e ɣ e tʃ	t ə γ/ɣ ə	t ə ɣ ə	t ə ɣ ə t	t ə γ/ɣ ə	t əː	t ə g ə	tʰ ə	t ə	t əː + tʃ i	t ə	t əː + s j i	t əː s i	t ə ɣ ə t	t əː + s j i	t əː	t ə ɣ ə	t ə ɣ ə	t ə	t əː + s u	tʰ ɘ
387_103_fingernailn	oˤ/o ʕ s t aˤ/a ʕ	o h i k t a	o ʃ ɪ k t a	o s iː k t a	oː ś/ʃ i k t a	o h i k t a	o h iː k t a	ɔ ɕ a χ tʰ ə		o s j a q t a		χ o s a q t a	χ w o s a q t a	oː tː a	χ ɔ s j i k t a	χ ɔ ʃ i k t ɑ	ʊ h e k t a	ʊ ʃ ɪ tː	w a j k t a	x o s t a	
388_103_fingernailn									x i t a x u n		x j i t a χ uː n										kʰ œ t x u n
389_104_throwv	n oˁː/oː d aˤ/a ʕ		n oː d aː	n oː d aː				n o t o		n oː d a							n ʊ ɔː d aː	n ʊː d a			
38_16_lousen	k u m k e	k u m k oː	k u m k əː	k ʉ m k ə	k u m k ɒː	k u m k ɒː		q h u m ə kʰ ə		k u ŋ k ə				k u m k ə	k u m ə		k u m k ə	x u ŋ k ə	k u m u ɣ ə		
390_104_throwv												dz o l o + l a		dʒ o l o t	dʒ ɔ l ɔ + d ɔ				dʒ ɔ l ɔ + d ɔ	dʒ o l o + l o	
392_104_throwv										n a ŋ ɢ a + l a		n a ŋ ɢ a l a	n a ɴ a + l a								
399_105_three	iˤ/i ʕ l e n	i l a n	ɪ l a n	i l a n	i l a n	i l a n	i l a n	i l a n	i l a n	e l a n	i l a n	e l a	e l aː n	e l a n	i l a	i l aː	e l a n	ɪ l a ŋ	i l a	e l a	i l ɑ n
39_16_lousen									t i x ə		tʃ i x ə	tʃ i k t ə	tʃ iː k t ə			tʃ i k t ə				t i q t ə	tɕ i ɣ ɘ
3_2_nosen	oˤ/o ʕ ŋ aˤ/a ʕ t	o ŋ o k t ɒ	o ŋ o k t o	o ŋ o k t o	o ŋ o k t o	o ŋ o k t o	o ŋ o k t ɒ							o ŋ ɣ o k t o			ɔ ŋ ɔ k t ɔ				
400_106_right	aːˁ n g aˤ/a ʕ ɣ	a n		a n ŋ uː	a n	a n ŋ i d aː	aː ŋ u					a n t a	aː ŋ ea	a ɲ ŋ i d aː	aː ɲ dʒ i	aː n dʒ ɛː	aː n	aː ŋ	ai a ŋ a dz a	aː n dʒ e	
401_106_right								i ʨh/tɕʰ a kʰ tʰ ə	i t i	e s t a	i tʃ i	e s j e k t a									i s tʰ ɘ
403_107_washv			ʃ i l k i		ś/ʃ i l k iː			ɕ i l i kʰ i	ʃ i l i x i a	s j e l k j ɪ		s j e l q o	s e l q w o	s e l k i	s j i kː i	ʃ i l̥ t u	ʃ e l k e	s ɛ l k ɪ	s j i k j i	s i l tʃ u	
405_107_washv	aˤ/a ʕ w			a b					au					a w							
406_107_washv											o b o										o v u
407_108_graspv	dʒ aˤ/a ʕ w		dz a β a	dʒ a w a	ď/d a w a			t ʐ a f a		dʒ a f a + k tʃ ɪ	dʒ a f a	dz a f a	dʒ a p a		dʒ a w a	d ɑ p ɑ	dʒ a w a	dʒ a w a	dz a w a	dʒ a p a	ɖʐ ɑ v ɘ
408_108_graspv	ħ e p k u													s ə p k ə l ə							
409_109_branchn	g aˤ/a ʕ r	g a r a	g a r a	g a r a	g a r a	g a r a	g a r a	k ɑ r kʰ ə n	g a r g a	ɢ a r j ɪ	ɢ a r ɢ a n	ɢ a r a		g a j a	g aː	ɢ ɑ r ɑ	g a r a	g a r	g aː	g a r a	ɢ ɑ r x ɘ n
40_17_wingn	d eː t l e	d ə k t ə n d ə	d ə k t i l əː	d ə k t ɨ l əː			d ə k t ə n d ə	t ə x s ə		d ə k t ə n ə					d ə k t i s ə				d a k t æ		
410_109_branchn					s ə k t ə											s ə + i k + t ə					
411_109_branchn										s u k t u			s w uː k t w u							s uː q t u	
412_110_mann								x ɑ x ɑ	x a x ai		χ a χ a										x ɑ ɣ ɘ + n ɑ n
413_110_mann												x u s ə + n a j	x w u s ə + n a j		x u s ə + ɲ æ	x u ʃ ə nː ɛː				x u s ə + ɲ iː	
414_110_mann	ɲ aˤ/a ʕ r iˤ/i ʕ		ɲ ɪ r a b ɪː + b ə j ə							n e r j a + b ə j ə						n a + r i	n e r a j + b ə j ə	n ɪ r ʊ ɣ	n j iː + n t a		
417_110_mann		b ə j ə		b ə j ə	b ə j ə	b ə j ə	b ə j ə							b ɵ j ə							
418_111_raw	ɲ aːˁ ɫ/lˠ aˤ/a ʕ q tʃ aˤ/a ʕ							ɲ i a ɬ kʰ i n		ɲ a l k j ɪ n		ɲ æː l o	ɲ aː l w oː n	ɲ a l i x i n	ɲ aː l i	n aː l uː			ɲ a + l j i ɣ j i	ɲ eː l o	
419_111_raw					tʃ u k i n		s uː k i n														
420_111_raw	e s e k tʃ e	ə h i k i n		ə s ɨ k ɨ n			ə h iː k i n				ə s x u n						ə h i x i n	i ʃ iː x i ŋ			u s x u n
421_112_tomorrow	t iˤ/i ʕ m iˤ/i ʕ n		t i m iː					tʰ u m a kʰ i	t i m a x a n ə ŋ g i	t e m a q ɪ	tʃ i m a χ a	tʃ e m ae	tʃ e m a n a	t e m a n a	t iː + t i m j æ + ɲ i	tʃ i m ɑ n aː	t e m aː n a	t ɪ m a ʃ x ɪ ŋ	t i m a n a	t e m a n a	tɕ i m ɑ r
422_112_tomorrow		t ə γ/ɣ ə m iː		t ə ɣ ə m ɨː	t ə γ/ɣ ə m iː		t ə γ/ɣ ə m iː														
423_113_two	dʒ o r	ď/d u r	dz uː r	dʒ ʉː r	ď/d uː r	ď/d uː r i	ď/d uː r ə	tɕ u r u	dʒ u/w ə	dʒ uː r	dʒ u w ə	dz uː	dʒ w u/w ə	dʒ uː l	dʒ uː	d ɵː	dʒ uː r	dʒ uː r	dz uː	dʒ u/w ə l	ɖʐ u
424_114_bottomn	ħ e r	h ə r ə		h ə r ə	h ə r ə	h ə r g i	h ə r ə	x ə r k i		x ə r ə	f ə r ə	f ə r ə	p ə r ə l	x ə j ə	x əː	p ə r ə	ə r g i l ɐː	ə r	x ə	p ə r ə	
426_115_liedownv								t u d u			d ə d u										d u d u
427_115_liedownv										a f j ɪ n a		ao	ao		aː	ɑ q p ɑ n				a w o	
429_115_liedownv																			k ə p t ə		
42_17_wingn	aˤ/a ʕ s iˤ/i ʕ k iˤ/i ʕ			a s a k iː	a s a k iː					χ a s a r	a s χ a	χ a s a r a	χ a s a r	a s a x iː		χ ɑ s ɑ	a h a x eː			χ a s a l	ɑ s x
431_115_liedownv		h u k u l oː	u k ə l əː	h ʉ k l ə	h u k u l ɒː	h u k u l ɒː	h u k u l oː							x u g l ə			u l ɐː	x u l ə			
432_116_snaken								m ə kʰ i	m əi x ə	m u j k j i	m əi x ə	m ui k j i	m w u j k j i	m iː x i	m j iː k j i	m ui ɣ i				m ui	m ɘ i x
433_116_snaken		k u l i n	k ʊ l ɪː n	k u l i n	k u l iː n	k u l i n	k u l iː n										k ʊ l e n	x ʊ l ɛ ŋ	k u l j i ɣ a		
434_116_snaken	dʒ aˤ/a ʕ b d aˤ/a ʕ									dʒ a b dʒ a n											
435_116_snaken														o l g o m a							
436_117_cloudn	t o ɣ e tʃ i n	t u x s u	t u k s u	t uː k s u	t uː x s u	t u k ʃ u	t u x ś/ʃ u	tʰ u kʰ s u	t u g i	t u s u	t u g j i	t u k s ə	t ə w ə k s ə	t o k s o	t ɔ q s ɔ	t ə w ə ʃ k ə	t u k ʃ u	t o ʃː i	tʰ o k j ø	t ə w ə k s ə	tʰ u x s o
437_118_yearn	aˤ/a ʕ n ŋ aˤ/a ʕ n	a n ŋ á/a n iː	a nː a ɲ ɪː	a n ŋ a n iː	a n ŋ a ɲ iː	a n ŋ a ɲ i	a n ŋ a ɲ i	ɜ n i/j ə n	a n i/j ə	a n ŋ a n ɪ	a n j i j a	ae ŋ a ɲ a	a j ɴ a n i	a ɲ ŋ a n iː	a ŋː a ɲ i	ɑ n ɑ n i	a ŋː a n e	a n ɛ	a ŋ a n j i	a ɲ a	ɑ n j
439_119_tearv										g u d ə l j i		g u d ə l ə	g w u d ə l i		g u d ə	g u d ə n			g u dz a l j i	g u d ə + l i	g i ɖʐ ɑ l ɘ
440_119_tearv												x ə g d ə		x ə g d ə l							
443_119_tearv	t e k e l		t ə k əː l iː	t ə k əː																	
446_119_tearv		ə t ɨː			ə t ɨ r g ə																
448_120_askv				g ə l ə						g ə l ə		g ə l ə	g ə l ə	g ə l ɵː	g ə l ə	g ə l ə		g ə l ə	g ə l ə	g ə l ə	
449_120_askv								k ɑ tʃ i									g a				
450_120_askv		h a n ŋ u k t a				h a n ŋ u k t a	h a ŋ uː k t a		f o n i												f œ n dʑ i
451_120_askv									b ai ʃ i		b ai										
455_121_weavev	i n ŋ e													i ɲ ŋ i	i gː u						
457_121_weavev										ɢ o r f ɪ n a			g w o r p e n								
459_121_weavev																m u r i				m u r u	
45_18_meatn	u l r e	u l d ə	u l d ə	ʉ lː ə	u lː ɵ	u lː ə	u l d ə	u ɬ z ə		u l ə		u l ə k s ə	u l i k s ə	u l ə	u k t ə	u l i ʃ ə	u l ə	u l d ə	u l ə	u l s ə	
460_121_weavev											dʒ o d o										ɖʐ o d u
461_121_weavev																	n ə x ə	n ə x ə			
463_122_at	d uˤ/u ʕ	d uː	d oː	d ʉ	d uː		d uː	t u		d o		d o	d w o	d uː	d u	d ɔ	d ʊ	d ʊ l aː	d u	d o	
464_122_at											d ə										d
465_123_edgen		ď/d a p k a		dʒ a p k a	ď/d a p k a		ď/d a p k a	tɕ a p kʰ a r ɛ													
466_123_edgen	k iˤ/i ʕ r aˤ/a ʕ ɣ									k j e r a + n ɪ		k j e r a	k j e r a		k j i a	k i + r a			k j æ	k e r a	
467_123_edgen										dʒ ə r j ɪ n	dʒ ə r j i n									dʒ ə r j i	
46_18_meatn									j a l i		j a l j i										j ɘ l i
471_123_edgen	dʒ e j e n													dʒ ə j ɵː n				dʒ ə j i			
473_123_edgen		o l d ó/o n		o l d o n			o l d oː n														
475_124_chinn								s ə ʨh/tɕʰ kʰ ə		s ə s x ə	s ə n tʃ ə x ə	s ə s x ə	s ə s x ə							s ə s ə x ə	s ɘ ʈʂ k
476_124_chinn														g ɛː x aː n	g j æ q aː	g ɛː ɢ ɑ					
477_124_chinn			dz ə ɣ i	dʒ ə ɣ	ď/d e γ/ɣ		ď/d ə g										dʒ ə ɣ	dʒ ə ɣ i	dz əi		
479_125_playv	e w i	ə w iː	u ɣ iː	ə w ɨː	ə w i	ə w iː	ə w iː		ə f i		ə f j i	k u f j i	x w u p i	ə w iː	ə w i	x u p i	ə w i	u ɣ iː		x u p u	i v i
47_19_armhandn	ŋ aːˁ ɫ/lˠ	ŋ a l ə	n aː l a	ŋ aː l ə	ŋ aː l ə	ŋ aː l ə	ŋ aː l ɒ	n a l a	g a l a	ŋ a l a	ɢ a l a	n a n a	ɴ aː l a	ŋ a l a	ŋ aː l a	ŋ aː l ɑ	ŋ aː l a	n aː l	ŋ a l a	ŋ aː l a	g ɑ l
485_126_cheekn										d əu dʒ ə		d əu d j i	d ə r ə l		d ə bː i						
486_126_cheekn											ʃ a q ʃ a χ a								s a s a		
487_126_cheekn									f u n tʃ i							p u l̥ tʃ i					d ɘ r ɘ j + f i l tɕ i n
489_126_cheekn	e l r e k e n																				
490_126_cheekn			a n ts a n	a n tʃ a n	a n tʃ a n		a n tʃ a n							a n tʃ a n			a n tʃ a n	a n ʃ ɪ ŋ			
491_127_pusn	ɲ aːˁ s		n aː k s a	ɲ aː k s ə	ɲ aː x s ə	ɲ aː x ʃ ə	ɲ aː x ś/ʃ ə	ɲ i a ŋ kʰ i			n j i j a q j i	ɲ æː k s a	ɲ a + k s a	ɲ a k s a	ɲ aː + k s a	n aː k s ɑ	ɲ a k ʃ a		n j a + ŋ ə	ɲ eː k s a	j ɑ ŋ k
493_128_flyv	d e g	d ə g	d ə ɣ i l i	d ə ɣ	d ə g	d ə g	d ə g	t ə k d ə	d ə	d ə g d ə	d ə j ə	d ə g d ə + tʃ i	d ə g d ə	d ə g	d əi l j i		d ə j l i	d ə ɣ ə l i	d j i/j e l j i	d ə g d ə	d ɘ j i
495_129_holen	ħ aˤ/a ʕ ŋ aˤ/a ʕ r	h a ŋ aː r	s a ŋ aː r	s a ŋ aː r	s a ŋ a r		h a ŋ aː r	s a ŋ a		s a ŋ a	s a ŋ ɢ a	s a ŋ a	s a ɴ a r	s a ŋ ɣ aː	s a ŋ a	s ɑ ŋ ɑ		s a ŋ a l	s a ŋ a	s a ŋ g a l	s a ŋ ɢ a
496_129_holen												l u k t u		l o k t o x o						l o q t o	
499_130_growv	b aˤ/a ʕ l d aˤ/a ʕ + w aˤ/a ʕ tʃ			b a l d iː	b a l d ɨː		b a l d ɨ			b a l d ɪ		b a l d j e		b a l d i	b aː g d i	b a l + ɟ i			b a g d i	b a l d a	
49_20_flyn	d i l i k e n			g ɨ l k ə		d ɨ l k ɒ n		tʃ i n kʰ ʊ n	d ə r x u/w ə	dʒ i l ə k u n	d ə r x u w ə	g j i l u k t ə	dʒ i l w u/w ə k t ə	d i r k ɵː n	g j i l u w ə	dʒ iː l u w ə	d i l k ɐː tʃ ɐː n	g i l x o ŋ		g iː l u q t u	d u r v o
4_2_nosen								ɔ f ʋ r ə		o f o r o	o f o r o	o f o r o	o p w o r w o								o v u r
501_130_growv														i s ə w			j uː		j u		
502_130_growv			u r u g							u r ə			u r ə			u r ə				u r ə	
507_131_headn	d iˤ/i ʕ l	d ɨ l	d ɪ l ɪ	d ə l	d ɨ l	d ɨ l	d ɨ l m a	t i l i		d j ɪ l j ɪ		d j e l j e	dʒ e l i	d e l	d i l j i	dʒ i l i	d e l e		d i l j i	d e l e	
508_131_headn									u dʒ u		u dʒ u							u dʒ u			u ɖʐ o
509_132_bellyn								x ə b ə l i	x əu l i		x ə f ə l j i										kʰ ɘ v ɘ l
510_132_bellyn										ə m u g d ə		x ə m d ə	x ə m d ə	ə m u g d ə	ə m u g d ə				ə m u g d ə	x ə m d ə	
512_132_bellyn	u r			ʉ r																	
513_132_bellyn	ħ u k t e	h u k i t ə		h ʉ k ɨ t ə	h u k i t ə	h u k u t ə	h u k i t ə														
514_132_bellyn			g u d i ɣ ə														g u d ə ɣ ə	g u d ə ɣ			
515_133_shouldern	m iː r	m i r ə	m iː r ə	m ɨ r ə	m iː r ə	m iː r ə	m iː r ə	m i r ə	m əi r ə	m ə j r ə	m əi r ə n	m əi r ə	ŋ w u j r ə	m iː j ə	m j i j ə	m ui r ə	m iː r ə	m iː r		ŋ u j r ə	m i r i n
516_133_shouldern															b ɔ g d ɔ l ɔ				b o g d o l o		
517_134_clawn	oˤ/o ʕ s t aˤ/a ʕ	o h i k t a	o ʃ ɪ k t a	o s iː k t a	oː ś/ʃ i k t a	o ś/ʃ i k t a	o h iː k t a			o s j a q t a	o ʃ o χ o	χ o s a q t a	χ w o s a q t a	oː tː a	χ ɔ s j i k t a	χ ɔ ʃ i k t ɑ		ʊ ʃ ɪ tː		x o s t a	s o ɣ u r q o
519_134_clawn										tʃ a v a q t a							ʃ a r b a k t a n				
51_20_flyn			u j m i k əː k t ə		h u n m i k t a																
524_135_which	i aˁ q aˤ/a ʕ wː uˤ/u ʕ						eː k u m a				ai			ɛː m a	j aː o			i jː ə			ɑ i
525_135_which										o n + b j i		χ oː ɲ e + b j iː	χ w oː n i + b iː						o n o β j i		
526_135_which													χ a m a tʃ aː							χ a m a t a	
527_135_which	aˤ/a ʕ wː uˤ/u ʕ w		a w g ʊː n	a w a d i										a ww/wː u		χ aː w u				χ aː w o	
528_135_which	i r e k																i r i	iː r			
529_135_which		a n t ɨː			a n t ɨː																
52_21_nightn	d oˤ/o ʕ l b aˤ/a ʕ	d o l b o m i	d o l b o	d o l b o n iː	d o l b o ɲ iː	d o l b o	d o l b o	t ɔ ɬ p u	d o b o r i	d o l b o	d o b o n	d o l b o	d w o l b w o	d o l b o n	d ɔ bː ɔ	d ɔ l̥ b ɔ n i	d ɔ l b ɔ	d ɔ l b ɔ n	d o g b o	d o l b o	d œ v i r i
531_136_digv								f ə tʰ ə		f ə t ə	f ə t ə	f ə t ə									f ɘ tʰ ɘ
532_136_digv	u l	u l ə	u l ə	ʉ l əː									x w u l ə	u l ɵː	u l əi w i	x u l ə	u l ɐː		u l ə	x u l ə	
535_137_pullv	t aːˁ n	t aː n		t a n	t aː								t w oa n	t aː n	t aː n	t ɔː n	t aː n	t aː	tʰ a n a	t oa n	
537_137_pullv								tʰ a tʰ ə		t a t a	t a t a	t a t a									tʰ ɑ tʰ ɘ
539_137_pullv			i r u				i r uː														
53_22_earn		h eː n	ʃ ɪː n	s eː n	ś/ʃ e n	h e ɲ	h eː n	ɕ i/j ɛ n	ʃ a n	s j a n	ʃ a n	s j æː	s ea n	s ɛː n	s j æ	s ɛː n	ʃ eː n	ʃ e̞ː ŋ		s eː	s ɑ n
540_138_hot	ħ o k	h ə k uː h i	h ə kː uː	h ə k ʉː	h ə k u p tʃ u		h o k uː γ/ɣ iː					f ə k u s j i	p ə k ə s iː	x ə k u	x ə k u	x ə kː uː l i	ə x u	ə x u dː i	x ə k ui	p o q ao l e	
541_138_hot								ɔ ʨh/tɕʰ q ɔ l i		o tʃ o s j ɪ										a tʃ q a w l e	
544_138_hot									x a l uː		χ a l x uː n										x ɑ l x u n
545_139_firewoodn	m oˁː/oː	m o l	m oː	m oː		m oː l	m oː l	m o	m o	m oː	m oː	m oː	m w oː	m oː	m ɔː	m ɔː	m ʊ ɔː		m oː	m oː	
547_139_firewoodn											d əi dʒ i + k u										d i ʈʂ k
54_22_earn	q oˤ/o ʕ r aˤ/a ʕ t																		k u/w a̰i		
550_140_remainv																	a ɲ a		a m æ s a		
551_140_remainv													d ə r ə dʒ i			d ə r ə j d u				d ə r ə dʒ u	
552_140_remainv										d a t a		d o t a						d ʊ t a			tʰ u tʰ ɑ
555_140_remainv	e m e + b	o m o n + m u		ə m əː n + m ʉ										ə m ɵː + p							
558_141_cold				g ɨ l d ɨ								g j e s j e s j e	g j e tʃ i	g e l e g d i	g j i tʃ i s j i	g i tʃː uː l i			g j i l j iː	g i t i s i	
559_141_cold	i ŋ e ɲ	i ŋ i n i p tʃ u	i ŋ i ɲ i	ɨ ŋ ɨ n ɨ p tʃ ʉ		i ɲ i n m ə m ə	i ŋ i ɲ iː p tʃ u			i ŋ n i				i n i n dʒ i	i ŋ i ɲ i		i ŋ i n	i n i ɣ i dː i	i ŋ i n j iː		
55_23_neckn					m o ŋ o n		m o ŋ oː n	m əi f ə n		m o ŋ o n	m əi f ə n	m o ŋ o	m w o ɴ w o n	m o ŋ ɣ o n	m ɔ ŋ ɔ	m ɔ ŋ ɔ			m ø	m o ŋ g o	m i v i n
561_141_cold												n o ŋ d j e				n u ŋ dʒ uː l i					
562_141_cold									ʃ i m uː		ʃ a χ uː r u n										s ɑ ɣ u r u n
563_141_cold					h eː m u r	h eː m u r															
564_142_feathern								u f ʋ tʰ ə		u f u k t ə		u f u l t ə	u p w u l t ə		u p u k t ə	u + p u k + t ə			o f o k t o	u p u l t ə	
565_142_feathern							d ə k t ə n d ə							d ə t ə l ə		d ə k t ə k t ə	d ə b t i l ɐː	d ə tː ə l e		d ə q t ə q t ə	
567_142_feathern											f u ŋ ɢ a χ a										f u ŋ ɑ l
570_142_feathern				l ə p ʉ r əː		l ə p ə r ɒ								l u p u l t ə							
571_143_coughv	ħ i/j e m k e	h iː m k i t		s ɨ m k ɨ t	ś/ʃ i m k iː		h i m k i t	ɕ i m i kʰ i		s j i m k j i		s j i m k j i	s i ŋ b i s i	s i m k i	s j i m p j i + s j i	ʃ iː k p i	ʃ i m k i	ʃ iː ŋ k i	s j i m p j i	s i ŋ b u s u	
572_143_coughv									f u tʃ a		f u tʃ i x j i j a										f ə x s a
573_144_thin	n e m k u n			n ə m k ʉː n	n ə m k uː n		n ə m k uː n	n ə m n ə	n ə k ə i/j ə	n ə m n ə	n ə k ə l j i j ə n	n ə m d ə	n ə m j i	n ə m k uː n	n ə m n ə	n ə m d ə	n ə m k u n	n ə nː ə	n ə m ə ts ə̰	n ə m j i	n i ŋ kʰ i n
576_144_thin	ħ i l u m k u n				ś/ʃ i l i m k uː n																
580_145_grassn	oˤ/o ʕ r aːˁ t		o r o k t o	o r o k t o	œ r œ k t ə			ɔ r ɔ kʰ tʰ ə	o r x o		o r χ o	o r o q t o			ɔː k t ɔ	ɔ r ɔ q t ɔ	ɔ r ɔ k t ɔ	ɔ r ɔː tː	oː k t o		o r x o
581_145_grassn										n ea dʒ a χ a	n j i j a n tʃ i χ a		ɲ a dʒ a χ a							ɲ a dʒ a x a	
582_145_grassn																				s oa q t a	
583_145_grassn		ś/ʃ u k a			tʃ u k a	tʃ uː k a	ś/ʃ uː k a							tʃ oː x a							
585_146_foamn										χ o j a q s a		χ o j a q s a	χ w oe k s a			χ ɔi s ɑ		x oː s u ŋ		x o j s a	
586_146_foamn											o b o ŋ g j i										o b o ŋ g i
587_146_foamn	tʃ oˤ/o ʕ ɣ l iˤ/i ʕ q aˤ/a ʕ	tʃ o w i x s a		tʃ o w iː k s a	tʃ o w i x s a		s o w iː ś/ʃ a							tʃ o x s a							
589_147_sour							g o t ɨː p tʃ u							g o t i g d i							
58_23_neckn	ɲ iˤ/i ʕ q aˤ/a ʕ n	ɲ i k i m ɲ a	ɲ ɪ k ɪ n m a	n i k i m n a		ɲ i k i m n a											n e x e m n a	n ɪ x a m			
591_147_sour									dʒ u s u	dʒ o j o r s j ɪ	dʒ u ʃ u x u n	dz o r j e s j e	dʒ w o j w o r s iː	dʒ o j a j i g d i	dʒ oi s j i	d uː r uː l i	dʒ i h u n	dʒ i s u ŋ	dz y/j i	dʒ uː j u r u l i	dʑ y/j s x u n
593_147_sour		i d a r iː p tʃ u		i d a r i p tʃ u																	
594_148_full		ď/d a l u m		dʒ a l u m	ď/d a l u m		ď/d a l u m	tɕ a l u n			dʒ a l u	dz a l o					dʒ a l ʊ m	dʒ a l ʊ ŋ		dʒ a l o	ɖʐ ɑ l u
595_148_full														d oː tʃ iː	d ɔː k j i				d ɔː x j i		
596_148_full										t ea s + b j i		t j æː s	t ea s + b iː			t ə ʃ			t æ s j i	t e s + b j i	
59_24_far	g oˤ/o ʕ r	g o r o l oː	g o r o	g o r o	g o r o l oː		g o r o l oː	k o r o	g o r o	ɢ o r o	ɢ o r o	ɢ o r o	ɢ w o r w o	g o j o	g oː	ɢ ɔ r ɔ	g ɔ r ɔ	g ɔ r ɔ	g oː	g o r o	ɢ o r o
5_2_nosen															ŋ i k s ɔ			n ɪː n s a	ŋ ø	w a k s a	
601_148_full	t oˤ/o ʕ l iˤ/i ʕ													d oː l k aː n							
602_149_dayn	i n e ŋ		i n ə ŋ iː					i n i n	i n ə ŋ g i	i n ə ŋ i	i n ə ŋ g j i	i n	i n i	i n ə ŋ	i n ə ŋ i	i n ə ŋ i	i n i j i	i n i ɣ i	i n ə ŋ i n j i	i n ə ŋ	i n ɘ ŋ
603_149_dayn		t ɨ r g a ɲ iː		t i r ɣ a n iː	t ɨ r g a ɲ iː	t ɨ r g a ɲ iː	t ɨ r g a ɲ iː														
604_150_sleepv		aː	aː ʃ ɪ n	aː	aː	aː	aː	a f i n ə		a f j ɪ n a		ao	ao	aː	aː	ɑ u	aː ʃ e n	aː ʃ ɪ n		a w o	
607_150_sleepv											a ŋ a										ɑ m x ɘ
609_151_monthn	b iˁ aˁ ɣ	b éː/eː γ/ɣ a	b eː g a	b eː ɣ a	b eː γ/ɣ a	b eː γ/ɣ a	b eː g a	p i a	b i/j ə	b j æ	b j i j a	b j æː	b ea	b ɛː ɣ a	b j æ	b ɛː	b ɛː	b e̞	b j æ	b j eː	b i ɑ
611_152_white								ɕ i/j ɛ n g i	ʃ a ŋ g i a		ʃ a ŋ g j i j a n								ts a l j i ɣ j i		s ɑ ŋ ɘ n
612_152_white										tʃ a ɢ dʒ a n		ts aː g dz a	tʃ aː g dʒ a n		tʃ aː g dʒ a	t aː g d ɑ			ts a g dʒ a	tʃ aː g dʒ a	
614_152_white	g iˤ/i ʕ l t aˤ/a ʕ ɲ aˤ/a ʕ																	g ɪ l t a r ɪ ŋ			
616_152_white		b a g d a m a	b a g d a r ɪ n	b a ɣ d a m a	b a g d a r iː n	b a g d a m a	b a g d a m a							b a g d a j iː n			b a g d a r e n				
617_153_sewv		u l d ɨ	u l d i	ʉ lː ɨː	u lː iː		u l d ɨː	u l ə ɕ i		u l f j i	i f j i	u l f j i	u l p i	u l i	i pː i	u l̥ p i	u l iː	u l d i	u l j i	u r p u	i v i
61_25_domakev	oˁː/oː	o	oː	oː	o	oː	oː	ɔ u				o		oː	ɔː		ʊ ɔː	ɔː	oː		
620_154_killv	m aːˁ	w aː	w aː	v aː	w aː	w aː	w aː	w a	w a d u	v aː	w a	w aː	w aː	w aː	w aː	w aː	w aː	w aː	w aː	w aː	v ɑ
622_155_jumpv	iˤ/i ʕ r q uˤ/u ʕ n							χ u r q h u		x u t k u		f ui k u	p w u j kʷ u		χ ɔ qː ɔ						
623_155_jumpv																			x ə k t i n ə		kʰ ɘ t kʰ ɘ n ɘ
624_155_jumpv				h ə t ə k əː n												p ɵ tʃː ɵ	ə t ə x ə n			p u tʃ u	
625_155_jumpv									f u tʃ u		f ə k tʃ ə										
627_155_jumpv	dʒ e l ŋ e m e tʃ																				
628_155_jumpv	t uˁː/uː s aˤ/a ʕ n																	t ʊ sː a n			
62_25_domakev										t a			t a			t ɔ				t a	
634_155_jumpv		m i k tʃ aː n			m i k tʃ aː n		m i k tʃ aː														
635_156_throatn	b iˤ/i ʕ l g aˤ/a ʕ			b i l ɣ a					b i l a	b j ɪ l ɢ a	b j i l χ a	b j e l ɢ a	b e l ɢ a	b e l g a	b j i gː a	b i l̥ d ɑ				b j e l dʒ a	b i l x ɑ
636_156_throatn			k əː m ə k ə					kʰ əu l ə kʰ tʰ ə													
638_156_throatn										q ao q a										q a w q a	
63_25_domakev										a ŋ ɢ o		a ŋ ɢ o	a ɴ w o			ɑ n d u				a n dʒ o	
642_156_throatn					ɲ i m ŋ ə ŋ k i	ɲ i mː ə ŋ k iː															
643_157_woodsforestn		m oː h a					m oː l					m oː		m oː	m ɔː	m ɔː s ɔ	m ʊ ɔː ʃ a		m oː x j i + b u/w a		
644_157_woodsforestn								p u x a ɕ h ə n	b u dʒ a n		b u dʒ a n										b u ɖʐ ɑ n
645_157_woodsforestn										d u/w ə n t ə		d u/w ə n t ə	d w u/w ə n t ə							d u/w ə n t ə	
646_157_woodsforestn												x u r ə				p u + r ə t					
648_157_woodsforestn			ʃ i ɣ iː	s ɨ ɣ ɨː														ʃ i ɣ eː			
649_157_woodsforestn					a γ/ɣ iː	a j iː l															
64_25_domakev									a r a		a r a										ɑ r ɘ
650_158_there	t aˤ/a ʕ d uˤ/u ʕ		t a l aː	t aː d uː	t a l aː		t ɵː l ɵː	tʰ a d u		t aː + d ʊ	t ə + d ə	t a + d o	t a + d w u	t aː + d uː	t aː d o		t a d ʊ	t a d ʊ	tʰ a d u	t e d o	tʰ ɘ r + v ɑ
651_158_there													tʃ a + d w u			tʃ ɑ + d u					
652_159_findv	b aˤ/a ʕ q	b a k a	b a k a	b a k a	b a k a	b a k a	b a k a	p a qː ə	b a x a	b a q a	b a χ a	b aː	b aː	b a x a	b aː	b aː	b a x a	b a x a	b a̰	b aː	b ɑ ɣ ɘ
653_160_flowv		o j o n	ə j əː n	ə j əː n	o j ɵː n		o j ɒː n	ə j i	əi	ə j ə g j i	ə j ə	x ə j ə	x ə j ə	ə j ɵː	ə j ə	x ə j ə	ə j ɐː	ə j əː	ə i/j ə	x ə j ə	ɘ j i
655_160_flowv	n u b l i																				
656_161_many								m a ɬ χ u ŋ		m aː χ o n		m a l χ o									
657_161_many			h ə g d iː									ə g d j i	ə g dʒ i	ə g d i	ə g d i				ə g d i	ə g d i	
658_161_many																b ɑ r ɑ	b a r aː n	b a r a ŋ			
65_26_housen	dʒ uː	ď/d u k tʃ aː	dz ʊː g	dʒ uː		ď/d uː	ď/d uː	tɕ o		dʒ oː		dz oː	dʒ w oː	dʒ oː	dʒ oː	d u x u	dʒ uː	dʒ u	dz u g d i		
665_161_many		k ə t ə		k ə t ə	k ə t ə	k ə t ə	k ə t ə														
666_162_chewv	ħ iˁ aˁ	h eː		s eː	ś/ʃ eː		h əː				s ai			s ɛː	s ei w i	s ɛː	ʃ ɐː		s a	s eː	
667_162_chewv								n i/j ɛ n i		ɲ a ɲ ʊ	n j i j a n j i/j o	ɲ a n o						n a n ʊ			ɲ i ɑ n i
669_163_swallowv	ɲ i m ŋ e	ń/n i m ŋ ə		n ɨ m ŋ ə	ń/n i m ŋ ə		ɲ i m ŋ ə	i m n u r		l j i ŋ m ə	n u ŋ g ə	l u m g ə	l w u ŋ b ə	n i m ŋ ə	ɲ i mː ə	n u ŋ b ə	n i m ŋ ə	n i ŋ ə	n j i ŋ m ə		n u ŋ u
671_163_swallowv				a m ŋ a													a m ŋ a n				
673_164_wet								ʨh/tɕʰ i pʰ kʰ a		tʃ e p q a		tʃ e f q a	tʃ a q p a		tʃ i pː a	tʃ i k p ɑ			ts i f u ŋ ḛi	tʃ e q p a	
675_164_wet									u ʃ i x ə		u s j i x j i n										u s x i n
676_164_wet	uˤ/u ʕ ɫ/lˠ aˤ/a ʕ q tʃ aˤ/a ʕ	u l aː p k u n	ʊ l a p k ʊ n	u l a p k uː n	u l a p k u n	u l a p k u n	u l a p k u n							o l a + p u tʃ i				ʊ l ʊ kː ʊ ŋ			
679_165_four	d i ɣ e n	d ɨ γ/ɣ i n	d i ɣ i n	d ɨ ɣ ɨ n	d ɨ γ/ɣ i n	d ɨ γ/ɣ i n	d ɨ γ/ɣ i n	t ui n	d ui n	d iː n	d ui n	d uiː	d w ui n	d i ɣ i n	d iː	dʒ iː n	d i j i n	d i ɣ i ŋ	d iː	d ui	d u j i n
67_26_housen									b o		b oː										b o
680_166_soft								u j ɛ n										ʊ j ɪ ŋ		o j a	
682_166_soft															n a p o + n a p o					n a p o + n a p o + b j i	
685_166_soft		ɲ ə m uː l ə		ɲ ə m ʉ m ə	ɲ ə́/ə m u m ə		ɲ a m uː m ɒ			n ə m u + n ə m u		n ə m u + n ə m u + b j iː		ɲ a m u + ɲ a m u							
686_166_soft	d o j															d ɵ j ɵ		d ə j i			
688_166_soft																		n əː l b e ŋ			
68_26_housen					g u l ə	g uː l ə															
694_166_soft																		l ʊ ŋ k ɪ x			u l u kʰ u n
697_167_lookv	i tʃ u + l i	i s ə t	i ts ə	ɨ tʃ ə + t		i tʃ ə t	i ś/ʃ ə t	i ʨh/tɕʰ i		i tʃ ə + d j i		i s k ə	i tʃ ə + dʒ ə	i tʃ ə + t	i tʃ ə + d i	i t ə	i tʃ i	i ʃ i	i s ə s j i	i tʃ ə + dʒ ə	
698_167_lookv									t o		t u w a										
69_27_stonerockn	dʒ oˤ/o ʕ l		dz o l o	dʒ o l o	ď/d o l o	ď/d o l o		tɕ ɔ l o		dʒ o l o		dz o l o	dʒ w o l w o	dʒ o l o	dʒ ɔ l ɔ	dʒ ɔ l ɔ	dʒ ɔ l ɔ	dʒ ɔ l	dz o l o	dʒ o l o	
702_168_nasalmucusn								ɲ i a ŋ kʰ i			n j i j a q j i					x u r i ɣ ɑ + n aː k s ɑ n i					o v u r + j ɑ ŋ k
703_168_nasalmucusn										e n o q s a		e n o q s a	e n w o k s a		i n o + k s a					e n o k s a	
704_168_nasalmucusn																			l i g b a		
705_168_nasalmucusn	uˤ/u ʕ m aˤ/a ʕ j iˤ/i ʕ k																				
706_168_nasalmucusn				i l i k s a	i lː iː x s a									e l i k s a			e l e k ʃ a	ɪ l ɛ ʃː ɪ			
707_169_that	t aˤ/a ʕ r	t a r	t a r ɪ	t a r	t a r eː	t a r	t a w a r	tʰ i		t i j	t ə r ə	t j i	t ə j	t a j	t əi	t ɑ r i	t a r e	t a r ɪ	t əi	t e	tʰ ɘ r
709_170_cutv								x o j i		χ o ɪ					χ ɔi						
70_27_stonerockn		i h ə			h i s ə k ɒː n		iː h ɒ		u x ə		w ə x ə										v ɘ ɣ ɘ
711_170_cutv	m iː n e		m iː	m ɨː	m i ś/ʃ i n		m iː n oː							m iː		m iː n ə			m i n d ə	ŋ u j n ə	
712_170_cutv										tʃ a s o		ts aː l j e	tʃ aː s w o							tʃ aː + l o	
714_170_cutv																	dʒ i g ə	dʒ i ɣ i		dʒ uː	
716_170_cutv									f i t a		f ai t a										f u r u
717_171_mothern	e ɲ i n	ə ɲ eː	ə n əː	ə n ɨː n	ə ɲ iː	ə ɲ i n	ə ɲ iː	ɜ n i		ə ɲ ə		ə ɲ i	ə n i n	ə ɲ i n	ə ɲ i	ə n i n	ə n i n	ə n i ŋ	ə n j i	ə ɲ ə	ɘ n i
718_171_mothern									ə m ə		ə m ə										
719_172_scratchv	oˤ/o ʕ s i			o s iː				u s i kʰ a l ə	u ʃ a		u ʃ a		χ w o s e s e	o s iː		χ ɔ ʃ i		ʃ iː	w ai	x o s a tʃ o	
71_28_bitter	g oˤ/o ʕ t			g ə tʃ ɨ p tʃ ʉ				k o ɕ i q h u l i	g o ʃ o	ɢ o t ɪ s j ɪ	ɢ o s j i χ o n	ɢ o tʃ e s j i	ɢ w o tʃ e s eː	g o t i g d i	g ɔ t i s j i	ɢ ɔ tʃː uː l i	g ʊ t eː	g ʊ s ɛ dː e	g u/w a ts i	g o t o l e	ɢ o s x u n
720_172_scratchv										o t o n s j ɪ		χ o t o r s j e			x u t u ɲ i s j i						
724_173_sunn			ʃ i ɣ uː n					ɕ i w ʊ n	ʃ əu n	s j i/j u n	ʃ u n	s j i/j u	s i w u n	s i w u n	s əu	ʃ uː n		ʃ i ɣ u ŋ	s uː	s i/j u	s u n
726_173_sunn		d ɨ l a s aː		d i l a tʃ aː	d ɨ l a tʃ aː	ď/d i l i tʃ aː	ď/d i l a s aː										d e l a tʃ a				
727_174_lookforv	g e l e	g ə l əː k t ə	g ə l əː k t ə	g ə l əː k t ə	g ə l ɵ k t ə			k ə ɬ tʰ ə				g ə l ə	g ə l ə + g w u	g ə l ɵː k t i	g ə l ə + k t ə	g ə l ə	g ə l ɐː	g ə l ə	g a l a k t a	g ə l ə	
729_174_lookforv									b əi		b ai										b i ɑ
72_28_bitter		i d a r i p tʃ uː			i d a r i p tʃ uː									dʒ o j a j i g d i							
731_175_brainn	i r g e			ɨ r ɣ ə	i r g ə		i r g ə			i g ə		i g ə	iː g ə	i ɣː ə	iː g ə	i d ə	i r g ə	i gː ə		i dʒ ə ɣ	
732_175_brainn								f ə x i			f ə x j i										f i x
734_176_warm	ɲ aˤ/a ʕ m	ɲ a m a p tʃ u	n a m a	ɲ a m a	ɲ a m a p tʃ u		ɲ a m a p tʃ u	ɲ i a m q h u l i		ɲ a m a		ɲ æː m a	ɲ a m a	ɲ a m		n ɑ m ɑ u l i	ɲ a m a	n a m a dː ɪ	ɲ a m i	ɲ a m a	
735_176_warm															x ə k u s j i						
736_176_warm												x u l d j i								x u l d u	
737_176_warm	d uˁː/uː ɫ/lˠ aˤ/a ʕ n								d u l uː												
738_176_warm											b u l u q a n										b o l o q u n
73_29_sayv	g oː n	g u n		g ʉː n	g u n	g u n	g uː n		x ə n d u	u n ə	x ə n d u	u n	u n	g uː n	g u n	u n	g e ŋ n a	g u n	g u n ə	w ə n	
741_177_coverv	d aˤ/a ʕ s			d a l	d a s		d a s	t a s i		d aː l j ɪ	d a l d a	d a s j e	d a s e	d a s							d a l d a
742_177_coverv	n e m n e														n ə m ə	n ə m b ə			n ə m ə		
743_177_coverv												d aː q a n				d ɑ qː ɑ n				d a q a n	
745_177_coverv									x u/w ə d i		x u w ə dʒ ə										
748_177_coverv		k u p t u		k ʉ p t ʉ																	
74_29_sayv								x ə z u			s ə										ɕ i
750_178_womann	aˤ/a ʕ s iˤ/i ʕ	a h iː	a ʃ ɪː + b ə j ə	a s iː	a ś/ʃ iː	a h iː	a h iː	a z ə n		a s j ɪ + b ə j ə		a s a		a s iː	a s a		a h eː + b ə j ə	a s aː l	aː n t a		
751_178_womann									x ə x ə		x ə x ə		ə k t ə n i		əː k ə	əː k t ə nː ɛː				əː q t ə	x ɘ ɣ ɘ + n ɑ n
752_179_deep	ħ uˁː/uː n t aˤ/a ʕ			s u ŋ t a	s u ŋ t a		h u ŋ t a	s ʊ n tʰ a		s o ŋ t a		s o ŋ t a	s w o ɴ t a	s o ŋ t a	s o ŋ t a	ʃ u k t ɑ	ʃ ʊ ŋ t a	s ʊ n t	s u ŋ t a	s o ŋ t a	
754_179_deep									ʃ o m i		ʃ u m j i n										ɕ y/j m i n
755_180_above	o j d e d u	u γ/ɣ i		ʉ ɣ ɨː d əː	u γ/ɣ iː	uː ʃ k i	u j i	ui r tʃ i g ə + t u		u j d ə	w ə s j i x u n	u j ə	u j ə + l ə	u g w i d ɵː	u j ə dʒ i + l ə	u wː ɛː	u j l ɐː	u ɣ i l ə		u j	
759_181_femaleofananimaln	aˤ/a ʕ s iˤ/i ʕ		a ʃ ɪː	a s iː				a z a n		a s j ɪ		a s a		a s iː			a h eː	a s aː l			
760_181_femaleofananimaln												ə ɲ ə			ə n əː	ə + n i + n ə			ə n j i	ə nː ə	
761_181_femaleofananimaln											x ə x ə		ə k t ə			əː k t ə				əː q t ə	x ɘ ɣ ɘ
763_182_putonv	t e t		t ə t i	t ə t	t ə t ɨ		t ə t	tʰ i tʰ i		t ə t i g j i		t u t u	t ə t w u	t ə t	t ə t i	t əi d u	t ə t	t ə t i	t ə t i	t ə t u	
764_182_putonv									ə t u		ə t u										u tʰ u
765_183_other	g iˁ aˁ	g eː						k i a		g j ea n	g uː w a	ɢ oe	ɢ w o j	g ɛː		ɢ ɔi				g o j	g u ɑ
766_183_other	ħ oː n t e	h u ŋ t u	h u n t u	ʉ ŋ t ʉ			h u ŋ t u							x o ŋ k t ə	χ ɔ ŋ t ɔ		o ŋ t o	o n t u	x o ŋ t o		
768_184_foreheadn					h oː j o		x o j oː n	x ə j i		x ə j ə		f əi	p əː j ə			p əː j ə			x əi e	p ə j ə	
76_30_toothn	iː t	i k t ə	iː k t ə	ɨ k t ə	i k t ə	i k t ə	i k t ə	i kʰ tʰ ə l ə	w əi x ə	i k t ə l	w əi x ə	x u k t ə l ə	x w u k t ə	i k t ə	i k t ə	i k t ə	i k t ə	iː tː	i k t ə	i q t ə	v i x
771_184_foreheadn											ʃ ə ŋ g j i n										ɕ i ŋ ɘ l + tʰ ɑ l
772_184_foreheadn	oˤ/o ʕ m q aˤ/a ʕ t		o m k o t o	o m k o t o										o m k o t o							
773_184_foreheadn																	m a ŋ g eː l a	m a ŋ g ɪ l			
774_185_left								x ɑ z u kʰ tʰ ə	x a s u	χ a s t a	χ a s x uː	χ a s o χ t a									
775_185_left	dʒ e ɣ e n g e ɣ	ď/d ə γ/ɣ i n	dz ə ɣ i n	dʒ ə w ɨ n	ď/d ə γ/ɣ i n	d ɨ γ/ɣ i n ŋ i d aː	ď/d ə γ/ɣ i ŋ u						dʒ ə w u ŋ i/j ə	dʒ e ɣ i n ŋ i d ɵː	dʒ æ ɲ dʒ i	d əu n dʒ ɛː	dʒ ə j i n	dʒ ə ɣ i ŋ	dz j i/j e ŋ ə dz ə	dʒ əu n dʒ i	
777_186_risev				j uː											ɲ uː + g i						
780_186_risev				d ə ɣ d ə					d ə d ə		d ə k d ə	d ə g d ə	d ə g d ə	t u k t i		t ə d ə	d ə g d ə	d ə dː ə	d ə g d ə		d ɘ x d ɘ
784_186_risev					t u k t ɨ	t u k t ɨ	t u k t ɨ														
786_186_risev						uː r i w	u γ/ɣ i r iː w														
787_187_dry		o l g oː k i n	o l g o	o l ɣ o k i n	o l g ɒː k i n	o l g o	o l g oː k i n	ɔ ɬ q u	o x o l o		o l χ o n	χ o l ɢ o	χ w o l g o n a	o l g o x i n		χ ɔ l̥ d ɔ + χ ɔ	ɔ l g ɔ x e n	ɔ l g ɔ x ʊ ŋ	o g o̰ u	x o l dʒ o	o l x u n
788_187_dry	i l e ŋ									i l ə k j i n					i l a x q j i				i l ə x j i		
78_31_hairn	ɲ uː r i t	ɲ u r i k t ə	n uː r i k t ə	ɲ ʉ r ɨ k t ə	ɲ uː r i k t əː	ɲ uː r i k t ə	ɲ uː r i k t ə	n y/j kʰ tʰ ə		n i r u k t ə		n u k t ə	n w u k t ə	ɲ i j u k t ə	ɲ u k t ə	n i r u k t ə	ɲ u r i k t ə	n uː tː	ɲ u k t ə	n u q t ə	
792_188_how	oˁː/oː n	o n	oː n	oː n	oː n ə	o n	o n	ɔ n i		oː n ɪ		χ o ɲ	χ w oː n i	oː n	ɔː ɲ i	χ ɔː n i	ʊ ɔː n	ɔː n d ɪ	o n o	x o n e	
794_188_how														ɛː n dʒ i							ɘ r ɑ i
795_189_breakv								ɜ p t u		ə b d ə							ə b d ə w	ə dː u			
797_189_breakv		h u k tʃ a		s u k tʃ a			h u k tʃ a														
799_189_breakv										m o q t o ɢ ɪ									m u s j i		
79_31_hairn									f u n x ə		f u n j i j ə x ə										f ɘ n j x
7_2_nosen																x u r i ɣ ɑ					
800_189_breakv												b oe l ao	b w o j a l e			b u j ɑ l				b o j a l o	
804_189_breakv														d e l d a m							
807_189_breakv	ħ aːˁ j uˤ/u ʕ													x a j i							
808_190_where	i d u	i d u		ɨː d ʉː	iː d uː	iː d u	iː d u	i a + d u		eː d ʊ	ai b j i	χ ae + d o	χ a j d ʊ	iː + d uː	i + d o	χ ɑ i + d u	i d u		j ə + d u	χ a j + d o	j ɑ + v ɑ
809_190_where			i l əː												j aː + l a			i l ə			
80_32_big								s a k d i							s aː g d i				s a g d i		
811_191_spinv	t oˤ/o ʕ m q aˤ/a ʕ			t o m k o								t o m f o	t w o m p w o	t o m k o	t ɔ m p ɔ	t ɔ k p ɔ		t ɔ ŋ ɔ n	tʰ o m p o	t o ŋ p o	
815_191_spinv											f o r o						ɔ r ɔ l				
817_192_ripev	i r		i r i	ɨ r	i r		i r		u r ə	i r i		x u r u	x w u r w u	i j	χ u r u	x u r u	i r	u r b u		x u r u	u r u
819_192_ripev												ae d a							x a j		
81_32_big												d aːe	d aːi			d aː j i				d aːe	
821_193_lickv								i l ə ʨh/tɕʰ i		i l ə tʃ i	i l ə	i l ə	i l ə		i l ei	i l ə	i l ə d ɐː	i l x ə	i l ə	i l ə	i l i
822_193_lickv	tʃ uˁː/uː			tʃ ɨː b	tʃ i p		ś/ʃ i p							tʃ e w							
823_194_openv				n ɨː				n əi	n əi	n i x ə l j i	n əi	i x ə l j i	n i x ə l i	n iː	n j i x ə	n iː			ŋ i ɣ j i	ɲ iː	l i
824_194_openv										d ə g b ə l j i										d ə g b ə	
825_194_openv	aːˁ ŋ aˤ/a ʕ	a ŋ a																			
829_195_tall	g uˁː/uː d	g ú/u g d aː		g u ɣ d a	g u g d a	g u g d a	g u g d a	q u g d a		ɢ ʊ ɢ d a		ɢ o ɢ d a	ɢ w o ɢ d a	g o g d a	g o g d a	g u g d ɑ	g ʊ g d a	g ʊ dː a	g u g d a	g o g d a	
82_32_big		k ə t ə					k ə t ø			k əː t ə						k a + d a + r a					
830_195_tall									d ə		d ə n										d ɘ n
831_196_bad								ɜ x ə l ə	ə x ə	ə x ə l ə	ə x ə	ə x ə l ə									ɘ x
832_196_bad												o r k j e	o r k j e n		ɔ qː i	ɔ r k i				o r k e	
836_196_bad		ə r uː p tʃ u	ə r uː	ə r ʉː	ə r u p tʃ u	u r u p tʃ u	ə r u p tʃ u										ə r u	ə r u			
838_197_barkn						ə r ə k t ɒ		ə r x tʰ ə										x əː r			
839_197_barkn	uˤ/u ʕ r t aˤ/a ʕ									o r a q t a		χ o r a q t a			i w a q t a	x u r ɑ q t ɑ			w a k t a	x o r a q t a	
83_32_big									a m b a		a m b a										ɑ m b u
844_197_barkn		u l d áː/aː x s a		u l d a k s a	u l d a x s a									o g d a k s a							
847_197_barkn		t a l uː															t a l u				
848_198_breathev			ə r iː	ə r ɨː	ə r iː		ɵ r iː	ə r kʰ s i		ə r g ə + s j i	ə r g ə n + ɢ ai	ə r g ə	ə r s i	ə j iː	əi s i	əː r i	ə r iː	ə r g ə	əi k p ə s j i	əː r p u	ɘ r x ɘ m + g i ɑ
84_32_big	e g dʒ e n													ə g d i ŋ ɣ ɵː			ə g d ə ŋ ə	ə dː ə ɣ u			
850_199_countv	t aˤ/a ʕ ŋ	t a ŋ	t a ŋ ɪ	t a ŋ										t a ŋ	t a ŋ æ		t a ŋ	t a ŋ ɪ	tʰ a ŋ i		
851_199_countv										t ao n a		t ao n	t ao n		t ao n	t ɑ u n				t ao n	
852_199_countv								tʰ ɔ l o			t o l o										tʰ o l u
853_199_countv											b o d o									b o d o	b o d u
854_200_diev		b u	b u	b ʉ	b u	b u	b uː	p u d ə	b u tʃ i	b u d ə	b u tʃ ə	b u d ə	b w u	b u	b u	b u	b u	b u d	b u d ə	b u l b u	b ɘ ʈʂ h ɘ
857_201_dirty	ɲ aˤ/a ʕ ŋ s aˤ/a ʕ m n aˤ/a ʕ n	ɲ a n d a + ś/ʃ i		ɲ a ŋ ɲ a tʃ iː	ɲ a ŋ ɲ a tʃ iː		ɲ a ŋ d a				l a ŋ s ə	j a ŋ g s a + q o			ɲ a ŋ s a + k j i					j a ŋ s a tʃ o	l ɑ ŋ s
859_201_dirty														t ə l b ɵ		t ə l̥ b əː n uː l i			t ə g b ə n j i		
85_32_big		h ə́/ə g d ɨː	h ə g d ə ɣ ə	h ə ɣ d ɨ	h ə g d ə	h ə g d ɨ	h ɵː g d ə														
861_201_dirty										e r b a s j ɪ		e r b a s j e + k t a + l a								ɲ e l b a r s e	
864_201_dirty																	b ʊ dʒ a r	b ʊ dʒ ɪ r			
866_202_dust									b u r a k i	b u r ə ŋ g j i	b u r a q j i				b u r ə x j i					b u r ə x i	
867_202_dust								f ʋ ŋ z u				f a ŋ s a ŋ g j e									
868_202_dust															s u t u l a q t ei n				s u t u		
870_202_dust																p u k t aː				p o ŋ t a	
871_202_dust			t oː s ʊ n																		tʰ o s
874_202_dust																	t ʊ ɔː r a ɣ	t ɔː r ɔ l			
876_202_dust														t o x o l a							
877_203_fatn	i m s e	i m uː r ə n	i m u k s ə	ɨ m ʉː k s ə	i m u r ə n	i m uː x ʃ ə	i m uː x s j o	i m ə x s ə		i m u k s ə		s j i m u k s ə	s i m w u k s ə	i m u k s ə	u m u k s ə	ʃ i m u k ʃ ə	i m u k ʃ ə		i m o	s i m s ə	
879_203_fatn									t a r uː		t a r g uː										
883_204_fathern	aˤ/a ʕ m aˤ/a ʕ	a m eː	a m aː	a m iː	a m iː		a m iː	a m a	a m a	a m j ɪ n	a m a	a m a	a m j e n	a m i n	a m j i n	ɑ m i n	a m e n	a m ɪ ŋ	a β u	a m a	ɑ m ɘ
884_205_fearv	ŋ eː l		n əː l ə	ŋ əː l ə	ŋ ɵː l ə	ŋ oː l ə	ŋ ɒː l i t	n ə l ə	g ə l ə	ŋ ə l ə	g ə l ə	l əː l ə	ŋ əː l əː tʃ i	ŋ ɵː l ə	ŋ əː l ə + tʃ i	ŋ əː l ə	ŋ ɐː l ə	n əː l i	ŋ ə l ə	ŋ əː l ə + tʃ u	g ɘ l ɘ
885_206_fightv								tʰ a n tʰ a + m a ʨh/tɕʰ i													tʰ ɑ n d ɘ
886_206_fightv														m o t tʃ a n	ŋ ɔː tʃ i	ŋ ɔː + t ɔ					
887_206_fightv												w aː tʃ e					w aː l d e		w a l j i	w aː l e	
888_206_fightv									s o r i	s o r j e		s o r ɢ a	s w o r j e			s ɔ r i				s o r j e	
889_206_fightv	d iˤ/i ʕ l m aˤ/a ʕ tʃ																			d e l m a tʃ o	
88_33_one	o m e n	u m u k oː n	u m u n	ʉ m ʉː n	u m u k ɒː n	u m u k ɒː n	u m u k oː n	ɜ m kʰ ə n	ə m u	ə m u n	ə m u	ə m	ə m	ɵ m u n	ɔ m ɔ		u m u n	ə m u ŋ	o m o	o m o	ɘ m kʰ ɘ n
891_206_fightv	k u s i			k ʉ s ɨː	k u ś/ʃ iː		k u h iː							k u s iː							
894_207_five	t uˤ/u ʕ n ŋ aˤ/a ʕ n	t u n ŋ a	t u nː a	t u n ŋ a	t u n ŋ a	t u n ŋ a	t u n ŋ a	s ʊ n tɕ a	ʃ u n dʒ a	t o ɲ ŋ a	s u n dʒ a	t oe ŋ ɢ a	t w o j ɴ a	t o ɲ ŋ a	t o ŋ a	t u n d ɑ	t ʊ ŋː a	t ʊ ŋ a	tʰ u ŋ a	t o n dʒ a	s u n ɖʐ ɑ
895_208_flowern			ɪ l g aː					i ɬ g ɑ ɬ kʰ i	i l a	e l a q t a	i l χ a	e l q a			i l a q t a	ʃ i lː aː	e l g a	ɪ l g a	i l a	s e l a	i l x ɑ
896_208_flowern													tʃ a tʃ a q a							tʃ e tʃ a	
897_208_flowern	ɲ oː tʃ e			n oː d i																	
899_209_fogn	t aˤ/a ʕ n m aːˁ r iˤ/i ʕ		t a m n a k s a	t a m n a k s a	t a m n a x s a		t a m ŋ a	tʰ a m n ə kʰ s ə	t a l m a g i	t a m n a q s a	t a l m a n	t a m n a	t a m n a	t a m n a k s a	t a m n a	t ɑ m n ɑ	t a m n a	t a m n a	tʰ a m n j æ	t a m n a	tʰ ɑ l m ɘ n
8_3_gov	ŋ e n	ŋ ə n ə	n ə n ə	g ə n ə	ŋ ə n ə	ŋ ə n ə	ŋ ə n ə	ɜ n ə	g ə n i/j ə	ə n ə	g ə n ə	ə n ə	ə n ə	ŋ ə n ə	ŋ ə n ə	ŋ ə n ə	ŋ ə n ə	n ə n ə	ŋ ə n ə	ŋ ə n ə	g ɘ n ɘ
902_210_freezev								g ə k tʰ i	g ə t i	g ɪ tʃ ɪ + g ɪ + l ɪ	g ə tʃ ə	g ə k tʃ i	g ə k tʃ i		g ə k t i			g ə tː i	g ə k t i		g ə tʃ u
903_210_freezev														i ŋ ɣ u m		ʃ u ŋ u n				s i ŋ g u + dʒ u	
906_210_freezev		d o ŋ o t o		d o ŋ o t o		d o ŋ o t o	d o ŋ o t o										d ɔ ŋ ɔ t ɔ				
907_211_fruitn	t e w t e			t əu k t ə				tʰ u p ə kʰ i	t u j u x ə		t u b j i x ə			t ə w u k t ə			t u b i x i	t u p i			
908_211_fruitn															g ə b ə k u				g ə g b ə ŋ k u		
909_211_fruitn										a m t a q a		a m t a q a	a m t a q a							a m t a q a	
90_34_who	ɲ iː	n iː	ɲ iː	ŋ ɨː	ɲ iː		ŋ iː	n i		n iː	w ə	ui	u j	n iː	ɲ i	ŋ ui	n iː		n j iː	ŋ u j	v ɘ
912_211_fruitn		ď/d i k t ə		d i k t ə	ď/d i k t əː	ď/d i k t ə	ď/d i k t ə														
913_212_green								n i/j u ŋ g i/j ɛ n	n i/j ə ŋ i a	ɲ o n ɢ j æ n	n j i/j o w a ŋ g j i j a n	n o ŋ g j æː	ɲ w o ɴ ea n		ɲ oː g dʒ a				n j o g j ə	ɲ oː g dʒ o	n y/j ŋ ɲ i ɑ n
916_212_green	tʃ uˁː/uː l b aˤ/a ʕ ɲ aˤ/a ʕ	tʃ uː l a m a		tʃ u l a m a										tʃ o j iː n			tʃ u t u r i n	s ɔː r ɪ ŋ			
917_213_gutsn	ħ iˤ/i ʕ l t aˤ/a ʕ	h i l u k t a	ʃ ɪ l u k t a	s i l u k t a	ś/ʃ i l u k t ɒ	h i l u k t a	h i l u k t a	ɕ i ɬ x ə						s e l t a		ɕ i + l ɔ k + t ɔ	ʃ e l ʊ k t a	ʃ ɪ l a tː			
919_213_gutsn									d u x a		d u χ a	d oː			d ɔː				d o		d u ɣ ɑ
920_213_gutsn										f u k j i n		f u x j i	p w u x j i n			p u x i				p u k u	
922_214_heartn	m iˁ aˁ w uˤ/u ʕ n	m eː w a n	m ɪː g a n	m eː w a n	m eː γ/ɣ a n		m eː w a n	m i a w ʊ n	n i/j ə m a	m j ea v a n	n j i j a m a n	m j æː w a	m j ea w a n	m ɛː w a n	m j æ a w a	m ɛː w ɑ	m ɛː g a n	m e̞ː g a ŋ	m æ w a	m j eː w a	ɲ i ɑ m ɘ n
924_215_here	e d u	ə d uː	ə d uː	ə d ʉː	ə d uː			ɜ d u		eː d u	ə + d ə	əi + d u	ə j + d w u	ɵ + d uː	əː d u	j ə d u	ə d u	ə d u	o d u	ə j + d u	ɘ r v ɑ
927_216_huntv		b u l t aː		b u l t a		b u l t aː	b u l t aː														
928_216_huntv		w aː										w ae ts a	w aː + j tʃ a						w aː k tʃ a		
929_216_huntv										q a r a tʃ ɪ		q a r tʃ e									
930_216_huntv	b u j u		b ə j č/tʃ i											b ɵ j i t		b ɵ jː ɵ u	b ə j u	b ə j uː ʃ i		b ə j tʃ u	
933_216_huntv											a b a + l a										ɑ v ɘ l ɘ
936_217_icen	dʒ o k	ď/d u k ə		dʒ ʉ k ə	ď/d u k ə	ď/d u k ɵ	ď/d u k ɵ	t ʐ u kʰ ə	dʒ u x ə	dʒ u k ə	dʒ u x ə	dz u k ə	dʒ w u k ə	dʒ u x ə	dʒ u k ə				dz u g d ə	dʒ u w ə	ɖʐ u ɣ o
937_217_icen	b o k e s															b u kː ə					
939_217_icen			u m u k s ə														u m u k ʃ u	ə m ə ʃː i			
93_35_3sgpronoun	n oˤ/o ʕ ŋ aˤ/a ʕ n	n u ŋ a n	n ʊ ɣ a n	n u ŋ a n	n u ŋ a n	n u ŋ a n	n u ŋ a n	n i/j ɛ n i		ɲ oa + n ɪ		j aː ɲ i	ɲ w oa n i	n o ŋ ɣ a n	n o ŋ a + ɲ i	n ɔː n i	n ʊ ɣ a n e n		n u/w a + n j i	n aː n i	
940_218_laken								tʰ a ɬ g ə		t a l ɢ a		t a l ɢ a									
942_218_laken	t o ŋ eː r														t u ŋ g j i				tʰ o ŋ i		
943_218_laken		a m u t	a m ʊ č/tʃ ɪ	aː m u t	a m u t		a m u t k aː n			a m q a n	o m o	a m o	a m w oa n	a m u t	ɔ m ɔ	ɔ m ɔː	a m ʊ dʒ e	a m ʊ dʒ ɪ		o m o	o m
947_218_laken						ɲ a r u t															n o r o
948_219_livev								p a ɬ d i		b a l d ɪ	b a n dʒ i	b a l d j e	b a l dʒ e	b a l d i	b aː g d i	b ɑ l̥ dʒ i	b a l d e	b a l d ɪ	b a g d i	b a l d a	b ɑ n dʑ i
949_219_livev	b i	b i		b ɨ dʒ ə	b i	b i	b i									b iː					
94_35_3sgpronoun											t ə r ə							t a r ɪ			tʰ ɘ r
951_219_livev		i n	iː ɲ i k i n		i n		i n											i n ə			
952_220_moonn	b iˁ aˁ ɣ	b eː γ/ɣ a	b eː g a	b eː ɣ a	b eː γ/ɣ a	b eː γ/ɣ a	b eː g a	p i a	b i/j əa	b j æ	b j i j a	b j æː	b ea	b ɛː g a	b j æ	b ɛː	b ɛː a ɣ	b e̞ː g a	b j æ	b j eː	b i ɑ
954_221_narrow								n ə m n ə		n ə m n ə			n ə m d ə		n ə m n ə	n ə m d ə			n ə m n ə s ə̰	n ə m d ə	
958_221_narrow									i s ə x u n		i s x ə l j i j ə n										
963_221_narrow				s ɨ l ɨ m k ʉː n			ś/ʃ i l i m k uː n							s i l i m k uː n			ʃ i l i m k u n				
965_221_narrow		t ɨ j œː			t ɨ j œː																
966_222_near								q ɑ ɬ ʨh/tɕʰ i	x a n tʃ i	q a l tʃ ɪ	χ a n tʃ i	q a l tʃ e									
967_222_near															dʒ a pː a	d a k + p a				dʒ a q p a	
968_222_near			d a ɣ a	d a ɣ a	d a γ/ɣ a		d a γ/ɣ a k aː n					d a r j e + d a r j e		d a ɣ a			d a ɣ a	d a ɣ	d aː s a̰		
969_222_near										l a ŋ + l a ŋ		l a ŋ + l a ŋ	l a ɴ			l ɑ χ ɑ			l a ŋ	l a ŋ	
96_36_hitbeatv								tʰ a n tʰ ə			t a n t a										tʰ ɑ n d ɘ
971_222_near	d aˤ/a ʕ l b uˤ/u ʕ																				d ɑ l v ɘ
974_223_personn								n i/j o	n i/j ə m a		n j i j a l m a	n ae	n a j		ɲ æ	n ɑ r i			n j iː	ɲ iː	n ɑ n
975_223_personn	b e j	b ə j ə	b ə j ə				b ə j ə			b ə j ə				b ɵ j ə			b ə j ə	b ə j ə			
976_223_personn				ɨ l ə	i l ə	i l ə															
977_224_pushv	aˤ/a ʕ n		a n a	a n a				a n a		a n a	a n a	a n a	a n a	a n a	a n a	ɑ n ɑ	a n a		a n a	a n a	ɑ n ɘ
97_36_hitbeatv	p aˤ/a ʕ t uˤ/u ʕ l									f a t a l a			p aː tʃ e l a		p aː t i + n d a					p aː t e l a	
980_225_rivern		b i r a	b ɪ r a	b i r a	b i r a	b i r a	b i r a	p i r a	b i r a	b j ɪ r a	b j i r a			b e j a			b e r a	b ɛ r a	b æ̰ s a		b i r ɑ
981_225_rivern								m a m ŋ ə				m a m ɢ o	m a ɴ b w o							m a ŋ g o	
982_225_rivern									u l a		u l a	o l a			o l j i				u l i		u l ɑ
983_225_rivern																u n i				o n e	
985_226_tobecomerottenv								ɲ a		ɲ a q t o	n j i j a q j i + n a	ɲ æː	ɲ a	ɲ aː	ɲ aː	n aː			ɲ aː	ɲ eː	j ɑ
986_226_tobecomerottenv	m u n	m u n u	m u n u	m ʉ n ʉ	m u n u		m u n u										m u n u	m u n u			
987_227_round	m e r e t i			m ʉ r ʉ m ə	m u r u k iː	m u r u k ə	m u r uː m a	m u r g i		m u r u + m u r u		m u r g j i + m ə r g j i				m ɔ r ɔ l i ʃ u				m o r o l + m o r o l	
989_227_round	b uˤ/u ʕ ŋ ɲ uˤ/u ʕ q aˤ/a ʕ									b o ŋ ɢ a l + k j ɪ n		b o ŋ ɢ a + b o ŋ ɢ a + b j iː	b w o ɴ a l + b w o ɴ a l + b iː		b ɔ n b ɔ l k aː			b a ŋ g a l	b o m b o + l j i ɣ j i		
98_36_hitbeatv	d u w	d u k t ə							d u		d u			d u k t ə		d u x i n			d u k t ə		
991_227_round									m u l i/j ə		m u x ə l j i j ə n										m u ɣ u l i n
992_227_round					tʃ u m b u k iː													dʒ a ŋ g a l ɛ			
993_227_round														t o ŋ g u l i k i n			t o ŋ g o r i n				
995_228_sean	n aˤ/a ʕ m			l aː m u				l a m u		l a m ʊ	n a m u	l a m o	n a m ʊ	l aː m	n aː m o	n ɑ m u		n a m ʊ	n a m u	n a m o	
996_228_sean									m ə d ə		m ə d ə r j i										m ɘ d ɘ r j
997_228_sean			d a l a j														d a l a j				
998_229_seedn								u z ə		u s ə	u s ə	u s ə	u s ə							u s ə	u z o
999_229_seedn	tʃ eː m i n e			tʃ əː m ə	tʃ ə m ə										tʃ ə m ə	t ə mː ə			ts ə m ə		
9_4_watern	m o	m uː	m uː	m ʉː	m u	m uː	m uː	m u kʰ ə	m u k ə	m u k ə	m u k ə	m u k ə	m w u/w ə	m uː	m uː	m ɵː	m uː	m u		m uː	m u kʰ u
