Cognate_ID	Amharic	Argobba	Chaha	Endegagn	Ezha	Geez	Gogot	Gumer	Gura	Gyeto	Harari	Inor	Kistane	Mesqan	Muher	Oromo	Silte	Tigre	Tigrigna	Wolane	Zway
100_15_bread																		b a n i	b a n i		
101_17_brother																		ħ u	ħ a w		
106_21_came	m ə ťť/tʼː a	m ə ťť/tʼː a		m ə ʔ a		m ə ś/s ʔ a						m ə ʔ a	m ə ťť/tʼː a				m ə ť/tʼ a	m ə ś/s a	m ɨ ś/s a ʔ	m ə ť/tʼ a	m aː t aː
107_22_camel	g ɨ m ə l	g a m e l a	g a m e r a	g ɨ m ə l	g a m e r a	g ə m ə l	g i m ə l	g a m e r a	g a m e r a	g a m e r a	g aː m ə l a	g a m e r a	g i m ə l	g a m e l a	g a m e l a	g aː l a	g aː m eː l a	g e m ə l	g ɨ m ə l	g aː m eː l a	g aː l a
108_23_cat	d ɨ mː ə t	d ɨ m ə t				d ɨ mː ə t												d ɨ mː u	d ɨ mː u		
109_24_cheek	g u n ć/tʃʼ	g u n tʃ e									ć/tʃʼ aː ć/tʃʼ u	g u n ć/tʃʼ ə	g u n ć/tʃʼ ə		g u n ć/tʃʼ ə		g u n ć/tʃʼ o		n u n ć/tʃʼ i		
10_10_black	ť/tʼ ɨ ќ/kʼ u r	ť/tʼ ɨ ќ/kʼ u r	ť/tʼ ɨ ќ/kʼ u r				ť/tʼ ɨ ʔ u r	ť/tʼ ɨ k w ɨ r	ť/tʼ ɨ ќ/kʼ u r	l ɨ ќ/kʼ u r			ť/tʼ ɨ ќ/kʼ u r	ť/tʼ ɨ ќ/kʼ u r	ť/tʼ ɨ ќ/kʼ u r						
110_25_chest	d ə r ə t		d a t a	d a tː ə	d a dː a		d ə r ə t	d a tː a		d a tː ə		d a t a	d ə r ə t		d a dː a						
111_26_child	l ɨ ğ/dʒ	l ɨ ğ/dʒ																		w e ğ/dʒ	
112_27_cloud	d a mː ə n a	d ə m ə n a	d a b ə r a	d a w ə n ə	d a b ə r a	d ə mː ə n a	d a b ə n a	d a b ə r a	d a b ə r a	d a m ə r a	d aː n a	d a m ə r a	d a m ə n a	d a b ə n a	d a b ə n a	d uː m e sː a	d ə b ə n a	d ə b n a	d ə b ə n a	d a b ə n a	d aː b aː n aː
113_28_coffee	b u nː a	b u nː			b u n a	b u nː a	b u nː a			b u n o	b u n		b u n a			b u n a	b u n o	b u n	b u n	b u n o	b u n a
114_29_concealed	d ə bː ə ќ/kʼ ə					d ə b ə ќ/kʼ ə															
115_30_cow	l a m	l a m	ʔ ə r a m	ʔ a n a w	ʔ ə r a m	l a h m	ʔ ɨ nː a m	ʔ ə r a m	ʔ ə r a m		l aː m	ʔ ə r a m	ʔ ə l a m	ʔ ə r a m	ʔ ə nː a m		l a m		l a m	l a m	l a m
116_25_chest		g ə n g a d				ʔ ɨ n g ɨ d ʔ a															
118_21_came			tʃ ə n ə		tʃ ə n ə			tʃ ə n ə	tʃ ə n ə	tʃ ə ň/ɲ ə				tʃ ə ňň/ɲː ə							
119_23_cat			ʔ a n g a tʃ a	ʔ a n g a tʃː ə	ʔ a n g a tʃː a		ʔ a n g a tʃː a	ʔ a n g a tʃː a	ʔ a n g a tʃ a	ʔ a n g a tʃ a		ʔ a n g a tʃ a	ʔ a n g a tʃ a	ʔ a n g a tʃ a	ʔ a n g a tʃ a						
120_24_cheek			d a n g a	d a n g ə	d a n g ə		d a n g a	d a n g a	d a n g a	d a n g a				d a n g a							
121_26_child			t ɨ k ə	t ɨ k ə	t ɨ k ə		t ɨ k ə	t ɨ k ə	t ɨ k ə	t ɨ k ə		t ɨ k ə		t ɨ x ə	t ɨ k ə						
122_28_coffee			ќ/kʼ a w a	ќ/kʼ ə w a				ќ/kʼ a w a	ќ/kʼ a w a			ќ/kʼ a w a		ќ/kʼ a w a	ќ/kʼ a w a						
123_29_concealed			ʃ e m ə		ʃ e m ə m		ʃ e m ə m	ʃ e m ə m	ʃ e m ə ʔ	ʃ e m ə	ʃ eː m ə ќ/kʼ a		s ə ť/tʼ ə	ʃ e m ə	ʃ ə m ə m		ʃ eː m e			ʃ e m e	ʃ i m i
124_29_concealed				d ə ʔ ə n ə								d ə ʔ ə r ə ʔ									
125_24_cheek						m ə l t a ħ t										m a lː aː					
126_26_child						w a l d					w iː ğ/dʒ							w ə l a d			
127_21_came							b ə sː a m								b ə sː a m						
131_23_cat											ʔ a d u rː u					ʔ a d u rː e	ʔ aː d ə n			ʔ a d ə n	ʔ a d u rː u
132_25_chest											w a z ə n a						w ə z ə n ə				
133_26_child													b ayː/ai̯								b aa/aː y/j u
139_30_cow																s a ʔ a		ʔ a ħ a			
13_8_belt		m ə kː a tʃː a	m ə t a g ə tʃ a																		
151_31_cried	ʔ a l ə ќќ/kʼː ə s ə	l ə ќќ/kʼː ə s ə																			
152_32_crocodile	ʔ a zː o	ʔ a z o			ʔ a zː o		ʔ a zː o	ʔ a zː o					ʔ a zː o	ʔ a zː o	ʔ a zː o					ʔ a zː o	ʔ a zː o
153_33_decide	w ə sː ə n ə		w ə w ə sː ɨ n					w ə s n o t				w ə sː ɨ n	w o w o sː ɨ n	w ə w ə sː ɨ n	w ə w ə sː ɨ n				w ə sː ə n ə		
154_34_destroy	ʔ a f ə rː ə s ə	f ə rː ə s ə				ʔ a f r ə s ə	b ə rː ə s ə m							b ə rː ə s ə	ʔ a f ə rː ə s ə m			ʔ a f r ə s a			f ə r ə s ə
155_35_dog	w ɨ ʃː a	w ɨ ʃ a											w ɨ sː a								
156_36_donkey	ʔ a h ɨ yy/jː a	ʔ a h ɨ y/j a																			
157_37_dreamt	ʔ a lː ə m ə					ħ ɨ l u m												ħ a lː ə m	ħ a l ə m ə		
158_38_dressn	ќ/kʼ ə m i s	ќ/kʼ e m i s	ќ/kʼ ə m i s	ќ/kʼ ə m i s		ќ/kʼ ə m i ś/s		ќ/kʼ ə m i s	ќ/kʼ a m b i s					ќ/kʼ ə m i s	ќ/kʼ ə m i s		ќ/kʼ ə m b i sː ə		q ə m ɨ Š/ʃ	ќ/kʼ ə m i s	ќ/kʼ ə m i s
15_2_all			ʔ ɨ nː ɨ m	h ɨ n ʔ e d i	ʔ ɨ nː ɨ m		ʔ ɨ nː ɨ m	ʔ ɨ nː ɨ m	ʔ ɨ nː ɨ m	ʔ ɨ nː ɨ ʔ		ʔ ɨ nː ə		ʔ ɨ nː ɨ m	ʔ ɨ nː ɨ m						
160_40_dryadj	d ə r ə kʼ	d ə r ə ќ/kʼ a	ť/tʼ ə r ə kʼ	d ə r ə ʔ	ť/tʼ ə r ə kʼ		ť/tʼ ə r ə kʼ	ť/tʼ ə r ə kʼ	ť/tʼ ɨ r ə kʼ	ť/tʼ ə r ə kʼ	d ə r ə kʼ	d ə r ə ʔ	d ə r ə kʼ	ť/tʼ ɨ r ə kʼ	ť/tʼ ə r ə ʔ		d ə r ə kʼ			d ə r ə ќ/kʼ ə	d ə r ə kʼ
161_33_decide		ќ/kʼ o rː ə ť/tʼ a					ʔ a rː a ť/tʼ ə m														
162_37_dreamt		m ə n a m h a n ʒ a														m a n aː b e					
163_39_drink		s ə tʃ a	s ə ć/tʃʼ ə	s e ćć/tʃʼ ə	s ə ćć/tʃʼ ə	s ə t y/j ə	s ə ćć/tʃʼ ə m	s ɨ ť/tʼ ə	s ə ć/tʃʼ ə	s ə ć/tʃʼ ə	s ə tʃ a	s ə ć/tʃʼ ə	s ə ćć/tʃʼ ə	s ə ćć/tʃʼ ə	s ə ćć/tʃʼ ə m		s ə tʃ e	s ə t ə	s ə t ə y/j ə	s ə tʃ e	s ə tʃ i
164_31_cried			b ə k ə m	b e kː ə	b ə k ə m		b ə ќќ/kʼː ə m	b ə kː y/j ə m	b ə k ə m	b ə ќ/kʼ ə	b ə ќ/kʼ a	b ə k ə	b ə ʃː ə m	b ə kː ə	b ə kː y/j ə m		b ə tʃ e		b ə x ə y/j ə	b ə tʃ e	b aː tʃ i
166_34_destroy			b a n ə r ə m	b a nː ə r ə	b a nː ə s ə m				b a n ə r ə m			b a n ə r ə									
167_35_dog			g ɨ y/j ə	g ɨ y/j ə	g ɨ yy/jː ə		g ɨ y/j ə	g ɨ y/j ə	g ɨ y/j ə	g ɨ y/j ə		g ɨ y/j ə		g ɨ y/j ə	g ɨ y/j ə						
168_36_donkey			ʔ ɨ m a r	ʔ ə w a n	ʔ ɨ m a r		ʔ ɨ m a r	ʔ ɨ m a r	ʔ ɨ m a r	ʔ ɨ m a r		ʔ ɨ m a r	ʔ ə m a r	ʔ ɨ m a r	ʔ ɨ m a r		ʔ uː m a r			ʔ u m a r	ʔ u m a r
169_37_dreamt			n ə z ə z ə m	n ə z ə z ə	n ə zː ə z ə m		b ɨ r ə zː ə z ə m	n ə z ə z ə m	n ə z ə z ə m	b ə r z a z a ʃ ə	b ɨ r z ə z ə ʃ ə	n ə z ə z ə	b ɨ r ə z ə z ə	b ɨ r ə zː ə z ə	n ə z ə z ə m		b i r ə z ə z ə			b ɨ r ə z ə z ə	b i r ə z ə z ə
16_3_arm			ʔ a g a t	ʔ a g a d						ʔ a g a l											
170_32_crocodile				d ə r ə w ə					y/j ə b a r ʔ a w i	ʔ a b a r a w		ʔ a b a r ʔ a w i									
175_32_crocodile						ħ ə r g ə ś/s					ħ aː s								ħ a r g ə ś/s		
177_35_dog						k ə l b												k ə l ɨ b	k ə l b i		
178_36_donkey						ʔ a d g												ʔ a d ɨ g	ʔ a d g i		
179_40_dryadj						y/j ɨ b u s												y/j ɨ b u s	n ɨ Ќ/kʼ w u ś/s		
17_5_barley			ʔ ə x ɨ r	ʔ ə h ɨ r	ʔ ə x ɨ r			ʔ ə h ɨ r	ʔ ə h ɨ r	ʔ ə x ɨ r		ʔ ə x ɨ r		ʔ ɨ h ɨ r	ʔ ə x i		ʔ ɨ x ɨ l	ʃ ɨ ʕ i r		ʔ ɨ x ɨ l	
180_38_dressn							l ɨ b s											l ɨ b ə s			
184_34_destroy										d a s ə	d aː m ə s a		d a s ə m				d a s ə m			d a s aː	
186_33_decide											ќ/kʼ oː ć/tʃʼ a						ќ/kʼ oː tʃ e			ќ/kʼ oː tʃ e	ќ/kʼ uː tʃ i
187_35_dog											b u tʃ i						b uː tʃ o			b u tʃ o	
18_9_big			n ɨ ќ/kʼ i y/j ə	n u ʔ	ʔ ɨ m i y/j ə			n ɨ ќ/kʼ y/j ə	n ɨ ќ/kʼ y/j ə	n ɨ k i y/j ə		n u ʔ i y/j ə		n ɨ kʼ	l ɨ ʔ ɨ y/j ə						
1_1_added	d ə mː ə r ə	ć/tʃʼ e mː ə r a	d ə p ə r ə m	d a pː ə r ə	d ə bː ə r ə m	d ə mː ə r ə	d ə bː e ʔ ə m	d ə pː ə r ə m	d ə p ə r ə m	d a pː ə r ə	d ə b ə l a	d a pː ə r ə	d ə bː ə l ə m	d ə bː ə r ə m	d ə bː ə r ə m	d a b a l e	d ə b ə l ə		d ə mː i r u	d ə b ə l ə	d ə b ə l ə
207_41_ear	dʒ o r o	dʒ o r o																			
208_42_egg	ʔ ɨ n ќ/kʼ u l a l	ʔ ɨ n ќ/kʼ u l a l	ʔ ɨ n ќ/kʼ w ɨ r a		ʔ a n ќ/kʼ w ə	ʔ ə n ќ/kʼ o ќ/kʼ ɨ h o	ʔ a n ќ/kʼ w ə	ʔ ɨ n ќ/kʼ w ɨ r a	ʔ ɨ n ќ/kʼ w ɨ r a	ʔ ɨ n ќ/kʼ u r a	ʔ a ќ/kʼ u ħ	ʔ ɨ n ќ/kʼ w ɨ r a	ʔ a n ќ/kʼ o	ʔ a n ќ/kʼ w ə	ʔ a n ќ/kʼ w ə			ʔ ɨ n ќ/kʼ o ќ/kʼ ɨ ħ o		ʔ ɨ n ќ/kʼ ʔ o t	ʔ ɨ n ќ/kʼ ə ќ/kʼ u
209_43_eight	s ɨ mː ɨ n t	s ə mː ɨ t	s u n t		ʃ ɨ m u t		s ɨ mː u t	s ɨ m w ɨ t	s ɨ m u t	s u w ɨ r	s uː t	s uː n t	s ə mː ɨ n t	s ɨ mː u t	s ɨ mː u t		s ə m u t	s ə m ə n	Š/ʃ ɘ m o n t ə	s u mː u t	s ɨ mː u t
20_10_black				g ə m b ə n ə	g ə m b ə nː a							g ə m b ə n a									g ə m b ə l o
210_44_elephant	z ɨ h o n	z ə h o n	ǯ/ʒ ə x w ə r ə		ǯ/ʒ ə x w ə r ə		ʒ ə h o n a	ǯ/ʒ ə x w ə r ə	ǯ/ʒ ə x w ə r ə	ʒ ə x w ə r a	d o x o n	ǯ/ʒ ə x w ə r ə	z ə x o n	ǯ/ʒ ə x w ə n ə	z ɨ x o n		d ə x a n o			d ə h ə n o	d ə h ə n o
211_45_evening	m ɨ ʃː ɨ t	m u ʃ e d				m ɨ s e t					m ə ʃ eː t		m ɨ ʃ ə r				g ə bː a t	m ɨ s e	m ɨ Š/ʃ ə t		m ɨ ʃ i t
212_46_eye	ʔ ay/ai̯ n	ʔ eː n	ʔ e n		ʔ e n	ʕ ay/ai̯ n	ʔ ɨ n	ʔ e n	ʔ e n	ʔ ay/ai̯ n	ʔ i n	ʔ e r	ʔ i n	ʔ e n	ʔ e n		ʔ iː n	ʔ ɨ n	ʕ ay/ai̯ n i	ʔ i n	ʔ i n
213_47_farmer	ʔ a r aː ʃ	ʔ a r aː ʃ					ʔ a r a ʃ				ħ a r aː ʃ i		ʔ a r a ʃ	ʔ a r a ʃ			ʔ a r aː ʃ i	ħ ə r ə s t ay/ai̯	ħ a r ə s t ay/ai̯	ʔ a r a ʃ	ʔ a r aː ʃ i
214_48_father	ʔ a bː a t		ʔ a b		ʔ a bː a	ʔ a b	ʔ a bː a	ʔ a bː a	ʔ a b	ʔ a b		ʔ a b a	ʔ a b i	ʔ a b	ʔ a b	ʔ a bː aː	ʔ a b o t	ʔ a b	ʔ a bː o	ʔ a bː o t	ʔ a b u
215_49_finger	ť/tʼ a t	ť/tʼ a d	ʔ a t e b ə t		ʔ a t e b ə t	ʔ a ś/s b a ʔ ɨ t	ʔ a ť/tʼ e b ə t	ʔ a t e b ə t	ʔ a ť/tʼ e b ə	ʔ a ť/tʼ e b ə t		ʔ a ť/tʼ e y/j ə	ʔ a ť/tʼ a b ə t	ʔ a ť/tʼ e b ə t	ʔ a ť/tʼ e b ə t		ʔ ɨ n ť/tʼ a b i t			ʔ ɨ n ť/tʼ a b i t	ʔ ɨ n t ə b i t
216_50_finishv	ć/tʃʼ ə rː ə s ə	ć/tʃʼ e rː ə s a															ć/tʃʼ eː r ə s ə			ć/tʃʼ eː r ə s ə	
217_48_father		ʔ a w									ʔ aː w										
218_41_ear			ʔ ɨ n z ɨ r		ʔ ɨ n z ɨ r	ʔ ɨ z n	ʔ ɨ n z ɨ n	ʔ ɨ n z ɨ r	ʔ ɨ n z ɨ r	ʔ ɨ n z ɨ r	ʔ u z u n	ʔ ɨ n z ɨ r	ʔ ɨ n z ɨ n	ʔ ɨ n z ɨ n	ʔ ɨ n z ɨ n		ʔ ɨ z ɨ n	ʔ a z ə n	ʔ ɨ z n i	ʔ ɨ z ɨ n	ʔ ɨ z ɨ n
219_45_evening			g ə p a t		g ə bː a t			g ə pː a t	g ə p a t	g ə p a t		g ə p a d		g ə bː a t	g ə bː a t						
220_47_farmer			tʃ ə w a tʃ		tʃ ə w a tʃ			tʃ ə w a tʃ	tʃ ə w a tʃ	tʃ o w a tʃ		tʃ ə w a ğ/dʒ			tʃ ə w a tʃ						
221_50_finishv			dʒ ə p ə r ə					dʒ ə pː ə r ə	dʒ ə p ə r ə	dʒ ə pː ə r ə		dʒ ə p ə r ə		ǯ/ʒ ə bː ə r ə							
222_50_finishv					f ə dʒː ə m	f ə śś/sː ə m ə	f ə dʒː ə m								f ə dʒː ə m						
224_44_elephant						ħ ə r m ə z												h a r m ə z	ħ a r m a z		
227_49_finger											ʔ a ť/tʼ ə b i ňň/ɲː								ʔ a ś/s a b ɨ ʕ t i		
229_50_finishv													ć/tʃʼ ə rː ə s ə					w ə dː ə ʔ ə	w ə dː ə ʔ ə		ʔ a ć/tʃʼ i r aː kʼ
231_42_egg																b u pʼː a	b u pʼː a				
242_51_five	ʔ a m ɨ s t	ʔ a m ɨ s t	ʔ a m ɨ s t		ʔ a m ɨ s t	ħ ə m ś/s	ʔ a mː ɨ s t	ʔ a mː ɨ s t	ʔ a m ɨ s t	ʔ a m ʔ ɨ s t	ħ a mː i s t i	ʔ a mː ɨ s t	ʔ a mː ɨ s t	ʔ a mː ɨ s t	ʔ a mː ɨ s t		ʔ a mː ɨ s t	h a m ɨ s		ʔ a mː ɨ s t	ʔ a mː ɨ s t
243_52_found	ʔ a g ə ňň/ɲː ə						g ə ňň/ɲː ə m				ʔ a g ə ň/ɲ ə		ʔ a g ə ňň/ɲː o		ʔ a g ə ňň/ɲː ə m						g aː ň/ɲ i
244_53_four	ʔ a r a tː	ʔ a r b i t	ʔ a r b ə t		ʔ a r b ə t	ʕ ə r b a ʔ	ʔ a r b ə t	ʔ a r β ə t	ʔ a r b ə t	ʔ a r b ʔ a t	ħ a r a t	ʔ ə r b ʔ a t	ʔ a r a t	ʔ a r b ə tː	ʔ a r b ə t		ʔ a r a t	ʔ a r b ə ʕ ə	ʔ a r b a ʕ t ə	ʔ a r a t	ʔ a r ə t
245_54_fox	ќ/kʼ ə b ə r o		ќ/kʼ ə w ə r ə		ќ/kʼ ə w ə r ə			ќ/kʼ ə w ə r ə	ќ/kʼ ə w ə r ə	ќ/kʼ w ə b ə r ə					ќ/kʼ ə w ə r ə						
246_55_friday	ʔ a r b					ʕ a r b													ʕ a r b i		
247_56_frog	ʔ ɨ n ќ/kʼ u r a r i t	ʔ ɨ n ќ/kʼ u r a r i t															ʔ ɨ n ќ/kʼ u r a r i t	ʔ ɨ n ќ/kʼ ɨ r ʕ o b	ʔ ɨ n Ќ/kʼ u r a r i t	ʔ ɨ n ќ/kʼ u r a r i t	ʔ ɨ n ќ/kʼ u r a r i t
248_57_full	m u l u	m u l u	m u r a		m u r a	m ə l ʔ ə	m u l ə	m w ɨ r a	m u r a	m u r ʔ a	m u lː u ʔ	m u r ʔ a	m u l a	m u l a	m w əy/əi̯		m u lː a	m ɨ l u ʔ	m ɨ l u ʔ	m u lː i	m u l i
249_58_garlic	n ə ćć/tʃʼ ʃ ɨ n k u r t	z a h ʃ u n k u r t																			
24_7_bed						ʕ a r a t												ʕ a r a t	ʕ a r a t		
250_59_giveup	t ə w ə	t ə w ə	w ə t e		w ə t e			t a b o t	w ə t e			ʔ ə t ə ʔ u t			w ə t e						
251_60_goat	f ɨ yy/jː ə l	f ɨ yy/jː ə l	f e kʼ		f ɨ y/j ə kʼ		f a ňň/ɲː ə	f e kʼ	f e kʼ	f e kʼ		f ə ň/ɲ ə ʔ	f ɨ yy/jː ə l	f e kʼ	f ə ňň/ɲː ə ʔ ə		f e kʼ			f e kʼ	f i kʼ
252_52_found		r a x ə w	n ə k ə b ə m		n ə kː ə b ə m	r ə k ə b ə		n ə kː ə b ə m	n ə k ə b ə	n ə k ə b ə		n ə k ə β ə		r ə kː ə b ə			r ə k ə b ə	r ə k b ə		r ə h aː b ə	
253_54_fox		ʔ ɨ n dʒ e d e l o														d eː dʒ a lː o					dʒ eː d aː l ə
254_55_friday		dʒ u m a ʔ a	dʒ i m a t					dʒ ɨ m a t	dʒ ɨ m a t	dʒ i m ʔ a t	dʒ u m ʔ a	dʒ ɨ m ʔ a t				dʒ i mː a	dʒ i m a t	dʒ ɨ m a t		dʒ i m a t	dʒ i m ə t
255_56_frog			ќ/kʼ w ə n ć/tʃʼ ə		ќ/kʼ w ə ć/tʃʼ ə		ќ/kʼ w a l ə ć/tʃʼ a	ќ/kʼ w ə n ć/tʃʼ ə	ќ/kʼ w ə n ć/tʃʼ ə	ќ/kʼ w ə n tʃ ə		ќ/kʼ o n tʃ ə	ќ/kʼ o l ə tʃ ə	ќ/kʼ w ə tʃ ə	ќ/kʼ o l ə tʃ ə	r aː tʃː a					
256_58_garlic			t u mː a		t u mː a	t u mː ə	t u mː a	t u mː a	t u mː a	t u mː ə	t u mː a	t u m a	t u mː a	t u mː a	t u mː a		t u mː a	t o m		t u mː ə	t u m ə
257_55_friday					ʔ a dː a r ə		ʔ a dː a r ə						ʔ a dː a r ə	ʔ a dː a r ə	ʔ a dː a r ə						
258_54_fox						ќ/kʼ w ɨ n ś/s ɨ l												ħ a ʃ i l			
259_56_frog						ќ/kʼ w ə r n ə n ə ʕ a t					ʔ a n ќ/kʼ u r aː r a ħ										
260_59_giveup						ʔ a b k w ə r ə	g ə tː a r ə m														
261_60_goat						ť/tʼ a l i													tʼʲ ə l		
262_54_fox							g o g ɨ yy/jː ə							y/j ə g w ə r ə g y/j ə							
264_54_fox											ʔ aː z y/j ə g ə d u						z ə g ə d o				
267_54_fox												ʔ ɨ n g w ə r ə g ɨy/ɨi̯								w ə l ə n g aa/aː y/j a	
269_59_giveup													w ə g f ɨ r	w ə g f ɨ r							
26_9_big						ʕ ə bː iy/i												ʕ a b a y/j i			
277_59_giveup																	ʔ ɨ d ə g o t			ʔ a d ə g ə	ʔ a d ə g ə
27_10_black						ś/s a lː i m												ś/s ə l i m	ś/s ə lː i m		
285_61_griddle	m ɨ ť/tʼ a d	m ɨ ť/tʼ a d	m ɨ d a d		m ɨ d a d		m ɨ d a d	m ɨ d a d	m ɨ d a d	m ɨ d a d	m ɨ ť/tʼ aː d	m ɨ d a d	m ɨ ť/tʼ a d	m ɨ d a d	m ɨ d a d		m ɨ ť/tʼ a d			m ɨ t a d	m ɨ t a d
286_62_hair	ś/s ə g u r	tʃ ɨ g a r				ś/s ə g w r					ć/tʃʼ ɨ g ə r							ć/tʃʼ ə gː ə r ə t	s ə g u r i		t ɨ g ə r
287_63_he	ʔ ɨ sː u	k ɨ s u														ʔ i s a			n ɨ sː u		
288_64_head	r a s					r ɨ ʔ ɨ s					ʔ u r uː s							r ə ʔ a s	r ɨ ʔ s i		ʔ a h ə r
289_65_heart	l ɨ bː	l ɨ b i				l ɨ bː	l ɨ bː				ќ/kʼ ə l b i		l ɨ bː		l ɨ bː			l ɨ bː	l ɨ bː i		
290_66_helped	ʔ a gː ə z ə	h a gː ə z a	ʔ a g ə z ə m		ʔ a gː ə z ə m	ħ ə g ə z ə	ʔ a gː ə z ə m	ʔ a g ə z ə m	ʔ a g ə z ə m					ʔ a gː ə z ə			ʔ a g ə z ə		ħ a g ə z ə	ʔ a g ə z ə	
291_67_hen	d o r o	d o r o				d o r h o												d ə r h o	d ə r h o		
293_69_horse	f ə r ə s	f ə r ə s	f ə r ə z		f ə r ə z	f ə r ə s	f ə r ə z	f ə r ə z	f ə r ə z	f ə r ə z	f ə r ə z	f ə r ə z	f ə r ə z	f ə r ə z	f ə r ə z	f a r d a	f ə r ə z	f ə r ə s	f ə r ə s	f ə r ə z	f ə r ə z
294_70_hot	m u kʼ	m u ќ/kʼ i n a			m w o kʼ	m ɨ w ɨ kʼ	m u kʼ	m w ə kʼ	m w ə kʼ	m o kʼ		m w o kʼ	y/j ə m o ќ/kʼ ə	y/j ə m w ə ќ/kʼ ə	m w ə ʔ		m u kʼ			m u ќ/kʼ a m u kʼ	m uː kʼ
295_64_head		d ɨ m a															d u m			d u m i	
296_68_his		ʔ i wː a t	y/j ə h u t		y/j ə x u t		k u t	y/j ə x u t	y/j a h u t	ʔ ɨ x w t a		ʔ ɨ h u d a	y/j ə k w a	y/j ə h u t i	y/j ə x w a		y/j u h a			y/j u h ə	y/j aː w ɨ t i
297_62_hair			g u n ə r		g u nː ə r		g u nː ə n	g u n ə r	g u n ə r	g u n ʔ ə r		g u n ʔ ə r	g u nː ə n	g u nː ə n	g u nː ə n						
298_63_he			h u t		h u t	w ɨ ʔ ɨ t u		x u t	h u t	x u t a		h u d a		h u t i				h ɨ t u			ʔ u t
299_64_head			g u n ə r		g u nː ə r		g u nː ə n	g u n ə r	g u n ə r	g u n ʔ ə r		g u n ʔ ə r	g u nː ə n	g u nː ə n	g u nː ə n						
29_3_arm											ħ a r ə kʼ							r ɨ s ɨ kʼ			ʔ a r ə kʼ
2_2_all	h u lː u m	d i yy/jː u m				k w ə lː					k u lː u		k u lː ɨ m				h u lː ɨ m k ə	k ɨ lː a n	k u lː u	h u l ɨ m	h u lː u
300_65_heart			x ɨ n		x ɨ nː			x y/j ɨ n	x ɨ n	x i n		ʔ a n ə		h i n		ʔ o nː eː					
301_67_hen			k u t ə r a		k u tː ə r a		k u tː ə n a	k u tː a r a	k u t a r a	k u t a r a		k u t a r a		k u tː ə n a	k u tː ə n a						
303_61_griddle						g ə b ə t a												g ə b ə t a			
304_68_his						z i ʔ a h u					z i y/j u										
305_63_he							k w a						k w a		x w a		ʔ u h a			ʔ u h ə	
308_66_helped											g i r g aː r a					g a r g aː r e					
309_67_hen											ʔ a t ə w aː kʼ					h a n d aː ќќ/kʼː o	ʔ ɨ n tʃ a ќ/kʼ o			ʔ ɨ n ć/tʃʼ a ќ/kʼ o	ʔ ɨ n ť/tʼ aː kʼ
30_4_back											ħ a ć/tʃʼ i						ć/tʃʼ ɨ n			tʃ ɨ n	
310_70_hot											w ɨy/ɨi̯								w u ʕ uy/ui̯		
312_66_helped													ʔ ə r ə dː a m		ʔ ə r ə dː a m			r ə d ɨ ʔ a			
319_62_hair																	d u m			d u m i	
320_65_heart																	w ə z ə n ə			w ə z aː n	w ə z ə n ə
321_68_his																		t u	n a t u		
326_72_hundred	m ə t o	m ə t o				m ɨ ʔ ɨ t		m ə t o					m ə t o	m ə t o				m ɨ ʔ ɨ t	m i ʔ t i		
327_73_hyena	dʒ ɨ b	dʒ ɨ b				z ɨ ʔ b													z ɨ b ʔ i		
328_74_insultv	s ə dː ə b ə	s ə dː ə b ə					s ə dː ə b ə m				s ə d ə b a		s ə dː ə b ə m	s ə dː ə b ə	s ə dː ə b ə m		s ə d ə b ə			s ə d ə b ə	s ə d ə b ə
329_75_job	s ɨ r a																		s ɨ r a ħ		
330_76_joken	ќ/kʼ ə l d	ќ/kʼ ə l d		ќ/kʼ ə l d		ќ/kʼ ə l d	ќ/kʼ ə l d						ќ/kʼ ə l d	ќ/kʼ ə l d	ќ/kʼ ə l d		ќ/kʼ ə l d	k ə d m a	q ə l d i	ќ/kʼ aː l d	ќ/kʼ ə l d
331_77_king	n ɨ g u s	n ɨ g u s	n ɨ g w s	n u g s	n ɨ g w ɨ s	n ɨ g u ś/s	n ɨ g u s	n ɨ g w ɨ s	n ɨ g w s	n ɨ g w s	n ə g aː ʃ i	n u g w s	n ɨ g u s	n ɨ g w s	n ɨ g w s	n u g u s a	n ɨ g u s	n ə g u s	n ɨ g u s	n ɨ g u s	n ɨ g u s
332_78_leg	ʔ ɨ g ɨ r		ʔ ə g ɨ r	ʔ ə g ɨ r	ʔ ɨ g ɨ r		ʔ ə g ɨ r	ʔ ə g ɨ r	ʔ ə g ɨ r	ʔ ə g ɨ r		ʔ ə g ɨ r	ʔ ə g ɨ r	ʔ ə g ɨ r	ʔ ə g ɨ r		ʔ ɨ n g i r	ʔ ɨ g ə r	ʔ ɨ g r i	ʔ ɨ n g i r	
333_79_lentil	m ɨ sː ɨ r	m ɨ sː ɨ r				m ɨ sː ɨ r	m ɨ ʃ ɨ r ə				m i sː i r		m ɨ ʃ ɨ r ə			m i sː i r a	m ɨ ʃ ɨ r	m ə s ɨ r		m ɨ s r	m ɨ ʃ ɨ r
334_80_lion	ʔ a m b ə sː a	x a m b ə s a		ʔ a m b ə sː a	ʔ a m b ə sː a	ʕ a n b ə s a	ʔ a n b ə sː a						ʔ a n b ə sː a	ʔ a n b ə sː a	ʔ a n b ə sː a				ʔ a n b ə sː a		
335_71_how		k ə m e					k ə m									ʔ a kː a m i tː i			k ə m əy/əi̯		
336_75_job		g a r				t ə g b a r															
337_78_leg		ќ/kʼ ɨ l ť/tʼ ɨ m									ќ/kʼ u l ť/tʼ u m										
338_71_how			n ə m ɨ r		b ə m ɨ r			m ə m ɨ r	n ə m ɨ r	m ə m a r			m ɨ n k o m	b ə m ɨ n	b ə mː ɨ n					m ɨ n a k o	
339_72_hundred			b ə ќ/kʼ ɨ r	b ə ʔ ə r	b ə ќ/kʼ ɨ r		b ə ќќ/kʼː ɨ l		b ə ќ/kʼ ɨ r	b ə ќ/kʼ ɨ r	b ə ќ/kʼ l ə	b ə ʔ ə r			b ə ʔ ɨ l		b ə ќќ/kʼː ɨ l			b aː ќќ/kʼː ɨ l	b a ќ/kʼ ɨ l
33_8_belt											w a r aː n s i lː a					w a r aː n s i lː e					
340_73_hyena			g w ə n tʃ ə	g o n tʃ ə	g w ə tʃ ə			g w ə n tʃ ə	g o n tʃ ə	g w ə n tʃ ə		g o n tʃ ə	g ə tʃ ə	g w ə tʃ ə	g ə tʃ ə						
341_74_insultv			ќ/kʼ ə n d m ə m	ќ/kʼ ə n ə m ə	ќ/kʼ ə nː ə m ə m			ќ/kʼ ɨ n e m a	ќ/kʼ ə n d m ə m	ќ/kʼ ə n ə m ə		ќ/kʼ ə n ə m ə									
342_75_job			m e n a	m e n a	m e n a			m e n a	m e n a	m ay/ai̯ n a		m e n a		m e nː a	m e rː a						
343_76_joken			ќ/kʼ ə ʃ ə		k ə ʃ ə			k y/j ə ʃ ə	ќ/kʼ ə ʃ ə		ќ/kʼ o s a					ќ/kʼ eː s a					
344_79_lentil			ќ/kʼ ə s ə m	ќ/kʼ ə s ə m	ќ/kʼ ə s ə m			ќ/kʼ ə s ə m	ќ/kʼ ə s ɨ m	ќ/kʼ ə s ə m		ќ/kʼ ə s ə m		ќ/kʼ ə s ə m	ќ/kʼ ə s ə m						
345_80_lion			ǯ/ʒ ə p					ǯ/ʒ ə pː	ǯ/ʒ ə p ə	ʒ ə p		ǯ/ʒ ə p									
346_71_how				ʔ e t ə h ə								ʔ ə t ə k a									
347_71_how						ʔ ɨ fː o												ʔ a f o			
348_74_insultv						ʕ a yy/jː ə r ə												ʕ a y/j ə r a			
352_76_joken										s i y/j a		s i y/j a									
354_73_hyena											w a r aː b a					w a r aː b e sː a	w ə r a b ə			w ə r a b ə	ʔ u r aː b a
35_10_black											ť/tʼ əy/əi̯						ť/tʼ e m			t ɨ m	
360_75_job																h o dʒ iː					w aː dʒː ə
362_80_lion																l eː n ć/tʃʼ a					l eː n tʃ a
363_71_how																	ʔ ay/ai̯ n ə k o				ʔ ay/ai̯ k u
364_75_job																	b ɨ l			b ɨ l	
365_80_lion																	w ə r b a			w ə r a b e	
372_81_lip	k ə n f ə r		k ə n f ə r	k ə n f ə r	k ə n f ə r	k ə n f ə r	k ə n f ə r	k ə n f ə r		k ə n f ə r		k ə n f ə r	k ə n f ə r	k ə n f ə r	k ə n f ə r			k ə m f ə r	k ə n f ə r		
373_82_louse	ќ/kʼ ɨ m a l	ќ/kʼ ɨ m a l	ќ/kʼ ɨ m a r		ќ/kʼ ɨ m a r	ќ/kʼ w ɨ m a l	ќ/kʼ ɨ m a l	ќ/kʼ ɨ m a r	ќ/kʼ ɨ m a r	ќ/kʼ ɨ m a r	ќ/kʼ u m aay/aːi̯	ʔ ɨ m a r	ќ/kʼ ɨ m a l	ќ/kʼ ɨ m a l	ќ/kʼ ɨ m e		ќ/kʼ u m a l	ќ/kʼ ə m ə l	q u m a l	ќ/kʼ u m a l	ќ/kʼ ɨ m ay/ai̯
374_83_maize	b ə ќќ/kʼː o lː o		b ə ќ/kʼ o lː o	b ə ќќ/kʼː o l ə	b ə ќќ/kʼː w o lː o		b o ќќ/kʼː o lː o	b ə ќ/kʼ w ə lː o	b ə ќ/kʼ w o lː o	b o ќ/kʼ o lː o		b ə ќ/kʼ o lː o ʔ ə	b o ќќ/kʼː o lː o	b o ќќ/kʼː o lː o	b ə ќќ/kʼː o lː o	b o ќќ/kʼː oː lː o	b ə ќќ/kʼː o lː o			b o ќќ/kʼː o lː o	
375_84_man	s ə w	s ə w	s ə b	s ə w	s ə b	s ə b	s ə b			s ə b		s ə b					s ə b	s ə b	s ə b ʔ ay/ai̯	s ə b	s ə b
376_85_monday	s ə ňň/ɲː o					s ə n uy/ui̯												s ə n o	s ə n uy/ui̯		
377_86_mule	b ə ќ/kʼ l o	b ə ќ/kʼ l o	b ɨ ќ/kʼ w ə r ə	b a ќ/kʼ u r ə	b u ќ/kʼ w ə r ə	b ə ќ/kʼ l o	b w ə ʔ l a	b ɨ ќ/kʼ u r ə	b ɨ ќ/kʼ u r ə	b u ќ/kʼ u r a	b ə ќ/kʼ ə l	b u ќ/kʼ u r ə	b ɨ ć/tʃʼ ɨ l	b w ə ќ/kʼ ɨ l a	b u ʔ u r ə		b o ќ/kʼ l o	b ə ќ/kʼ ə l u	b ə q l i	b o ќ/kʼ l o	b o ќ/kʼ o l u
378_87_neck	ʔ a n g ə t	ʔ a ň/ɲ g ə d	ʔ a n g ə t	ʔ a n g ə t	ʔ a n g ə t		ʔ a n g ə t	ʔ a n g ə t	ʔ a n g ə t	ʔ a n g ə t	ʔ a n g ə t	ʔ a n g ə d	ʔ a n g ə t	ʔ a n g ə t	ʔ a n g ə t		ʔ a n g w o r o			ʔ a n g ə t	ʔ a n g ə t
379_88_nine	z ə ť/tʼ ə ňň/ɲː	ʒ ɨ h ɨ ť/tʼ ə ň/ɲ	ǯ/ʒ ə ť/tʼ ə	ǯ/ʒ ɨ ʔ ə	ǯ/ʒ ə ť/tʼ ə		ʒ ə ť/tʼ ə	ǯ/ʒ ə ť/tʼ ə	ǯ/ʒ ə ť/tʼ ə	ʒ ə ť/tʼ ə	z ə ħ ť/tʼ ə ň/ɲ	ǯ/ʒ ə ʔ ə	ǯ/ʒ ə ť/tʼ ə ň/ɲ	ǯ/ʒ ə ť/tʼ ə	ǯ/ʒ ə ť/tʼ ə		z i ťť/tʼː ə ňň/ɲː e			ʒ i ťť/tʼː ə ň/ɲ	ʒ aː ťť/tʼː ə ň/ɲ
380_89_now	ʔ a h u n	ʔ a h a ň/ɲ	ʔ ə x w a	ʔ a kː ə	ʔ ə x w a		ʔ a h u	ʔ ə x w a	ʔ ə x w a	ʔ ə x w a	ʔ a xː a ʔ		ʔ a x u	ʔ ə x w a	ʔ a x u ňň/ɲː a		ʔ a kː u			ʔ a h u	ʔ a h u
381_90_one	ʔ a n d	h a n d	ʔ a t	ʔ a tː	ʔ a tː	ʔ ə ħ ə d u	ʔ a tː	ʔ a t	ʔ a t	ʔ a t	ʔ a ħ a n d	ʔ a t	ʔ a tː	ʔ a tː	ʔ a tː		ʔ aː d	h a tː e	ħ a d ə	ʔ a d	ʔ a n d
383_83_maize		b a r m a s i l a																			m aː ʃ u lː e
385_85_monday			w ɨ ť/tʼ ə t	w ɨ ť/tʼ ə t	w ɨ ť/tʼ ə t		w ɨ ť/tʼ ə t	w ɨ ť/tʼ ə t	w ɨ ť/tʼ ə t	w ɨ ť/tʼ ə t		w ɨ ť/tʼ ə t	w ɨ ť/tʼ ə t	w ɨ ť/tʼ ə t	w ɨ ť/tʼ ə t	w i ť/tʼ ə t ə	w ɨ ť/tʼ ə t			w ɨ ť/tʼ ə t	w ɨ ť/tʼ ə t
388_87_neck						k ɨ s a d												s ɨ g a d	k ɨ s a d		
389_88_nine						t ə s ʕ ə tː u												s ɨ ʕ	t ɨ Š/ʃ ə ʕ a t ə		
390_89_now						y/j ɨ ʔ ə z e												ʔ a z e	ħ ɨ z i		
391_84_man								m ɨ s	m ɨ s				m ɨ s	m ɨ s	m ɨ s						
393_81_lip											l ə f l ə f									l ə f l ə f	l e f l ə f
3_3_arm	k ɨ n d	k ɨ rː a			h ɨ nː ə		k ɨ rː ə	x ɨ n ə	h ɨ n ə			h ɨ n ɨ ʔ ə	k ɨ rː ə	h ɨ nː ə			k i r e			k i r e	
407_83_maize																		ʕ ɨ fː u n	ʕ u f a n		
408_91_ox	b ə r e	b ə ʔ r a	b o r a	b a w r ə	b o r a	b ɨ ʕ ɨ r	b o r a	b o r a	b o r a	b a w r a	b a ʔ a r a	b a w ə r a	b o r a	b o r a	b o r a			b ə ʕ r ay/ai̯	b ɨ ʕ ɨ r ay/ai̯	b oː r a	b uː r ə
409_92_pea	ʔ a t ə r	ʔ a t ə r	g e t ə r a	g i t e	g e t ə r ə	ʕ ə t ə r	ʔ a t ə r ə	g e t ə r ə	g e t ə r ə	g a r ə r ə		g ə t ə r ə		ʔ a t ə r ə	g e t ə r ə	ʔ a t a r a	g i t e	ʕ a t ə r	ʕ a t ə r		ʔ a n t ə r ə
410_93_pepper	ќ/kʼ a r ɨ y/j a		ќ/kʼ a r e	ќ/kʼ a r e ʔ	ќ/kʼ a l e			ќ/kʼ a r ɨ y/j a	ќ/kʼ a r i				ќ/kʼ a r ɨ y/j a	ќ/kʼ a r i y/j a	ќ/kʼ a r e	ќ/kʼ i r ć/tʃʼ aː					
411_94_pillow	t ɨ r a s		t ɨ r a s	t ɨ r a s	t ɨ r a s	t ə r ʔ a s		t ɨ r a s		t ə r a s	m ɨ t r aː ʃ			t ə r a s	t ɨ r a s			t ə r ʔ a s	m ə t r ə ʔ a s	t ə r a s	
412_95_plate	s a h ɨ n	s a h ɨ n	s a x ɨ n	s a h ɨ n			s a h ə n	s a h i n	s a h i n	s a x ə n	s a ħ a n	s a h ɨ n	s ə h a n		s a h ə n	s a h aː n a	s aː n		Š/ʃ ə ħ a n ə	s a h a n	s a h a n
413_96_porridge	g ə n f o	g ɨ n f o					g ə n f w ə						g ə n f o						g ə n f o		
414_97_pumpkin	d u bː a	d u bː a	d ɨ b a ќ/kʼ ɨ l a	d ə b a ќ/kʼ u l ə	d ɨ b a ќ/kʼ u lː a		d a b a ʔ u lː a	d ɨ b a ќ/kʼ u lː a	d ɨ w a ќ/kʼ u l a	ť/tʼ ə b ќ/kʼ u l a	d u bː a	ť/tʼ ə b a ќ/kʼ u l a	d ə b a ќ/kʼ u lː a	d ə b a ќ/kʼ u l a	d ɨ w a ʔ u lː a	d u bː aː	d ə b a ќ/kʼ u lː ə	d ɨ bː a	d u bː a	d ə b a ʔ u lː a	d u b a
415_98_rain	z ɨ n a b	z ɨ n a b	z ɨ r a b		z ɨ r a b	z ɨ n a m	z ɨ n a b	z ɨ r a b	z ɨ r a b	z ɨ r a m	z ɨ n aː b		z ɨ n a b	z ɨ n a b	z ɨ n a b		z ɨ l ə m	z ɨ l a m	z ɨ n a b	z ɨ l a m	z ɨ n a b
416_99_red	ќ/kʼ əyː/ei̯	ќ/kʼ ə y/j ɨ h									ќ/kʼ eː h							ќ/kʼ ay/ai̯ ħ ɨ t	q ə yy/j ɨ ħ		ќ/kʼ aay/aːi̯
417_100_rice	r u z	r u z	r u z	r u z	r u z	r u z	r u z	r u z	r u z	r u z	r uː z	r u z	r u z	r u z	r u z	r uː z a	r u z	r u z	r u z	r u z	r u z
418_93_pepper		b ə r b ə r e				b ə r b ə rː e	b ə r b ə r e				b ə r b ə r i							b ə r b ə r e	b ə r b ə r ə	b ə r b ə r e	b ə r b aː r i
420_96_porridge			ʔ o z a t		ʔ o z a t			ʔ o z a t	ʔ o w z a t	ʔ a w z a t					ʔ o z a t						
421_99_red			b ɨ ʃ ə	b u ʃ ə	b ɨ ʃː ə		b ɨ ʃː a	b ɨ ʃː a	b ɨ ʃ ə	b ɨ ʃ a		b ɨ ʃ ə	b ɨ ʃː ə	b ɨ ʃː a	b ɨ ʃː a		b u ʃ o			b u ʃ a	
422_96_porridge				d a ʔ ə		g a ʕ t						d a ʔ a						g a ʕ t			
423_98_rain				d ɨ y/j ə								d ɨ y/j ə									
427_99_red						ʔ a dː a m a w i										d iː m aː					
428_94_pillow							g i mː ə		dʒ ɨ mː ə			g i m ʔ ə	g i mː ə				g i mː a				g i mː a
42_6_beautiful																b a r eː dː u	b ə r eː d ə			b ə r e d ə	
435_96_porridge														ʔ ɨ n ќ/kʼ a tʃː e			ʔ ɨ n ќ/kʼ a tʃː ə			ʔ ɨ n ќ/kʼ a tʃː e	
445_101_rich	h a b t a m	d ə m a m																	h a b t a m		
446_102_road	m ə n g ə d					m ə n g ə d													m ə n g ə d i		
447_103_salt	ć/tʃʼ ə w	tʃ ə w				ś/s e w												ś/s e w e	ć/tʃʼ ə w		
448_104_saturday	ќ/kʼ ɨ d a m e		ќ/kʼ ə ť/tʼ a n s ə n b ə t		ќ/kʼ ə ť/tʼ a n s ə n b ə t	ќ/kʼ ə d a m i ts ə n b ə t	ќ/kʼ ɨ d a n s ə n b ə t	ќ/kʼ ə t a s ə n b ə t	ќ/kʼ ə ť/tʼ a n s ə n b ə t	ќ/kʼ ə ť/tʼ a ts ə m b ə t		ќ/kʼ ə ť/tʼ a n s ə n b ə t	k ɨ d a n s ə n b ə t	k ɨ d a n s ə n b ə t	k ə d a n s ə n b ə t				q ə d a m		
449_105_saw	ʔ a yy/j ə	x a y/j e	ʔ a ǯ/ʒ ə	ʔ a ʃː ə m	ʔ a ǯǯ/ʒː ə m			ʔ a ʃː ə m	ʔ a ǯ/ʒ ə			ʔ a ǯ/ʒ ə	ʔ a ǯǯ/ʒː ə	ʔ a ǯǯ/ʒː ə	a ǯǯ/ʒː ə m	ʔ a r g e	ʔ a n ǯ/ʒ ə				
450_106_seed	z ə r	z ə r i	z ə r	z ə ʔ ə	z ə r	z ə r ʔ	z ə r	z ə r	z ə r			z ə r	z ə r	z ə r	z ə r		z ə r	z ə r ɨ ʔ	z ə r ʔ i	z aː r	z ə r ə
451_107_seven	s ə b a tː	s a ʔ i n t	s ə b a t	s ə w ʔ a t	s ə b a t	s ə b ʕ	s ə b ə tː	s ə β a t	s ə b a t	s ə b a t	s aː tː i	s aː t	s ə b a t	s e b ə t	s ə b a t		s a ʔ a b a t	s ə b u ʔ ə	Š/ʃ ə w ʕ a t ə	s a b t	s ə b ɨ t
452_108_she	ʔ ɨ s w a	k ɨ sː a														ʔ i ʃ e	ʔ i ʃ a		n ɨ sː a	ʔ ɨ ʃ ə	
453_109_sheep	b ə g					b ə gː ɨ ʕ												b ə gː u ʕ	b ə g ɨ ʕ		
454_110_short	ʔ a ćć/tʃʼ ɨ r	h a tʃ ɨ r n i	ʔ a ć/tʃʼ ɨ r	ʔ i ʔ i r	ʔ a ć/tʃʼ ɨ r	ħ ɨ ś/s ə ś/s	ʔ a ćć/tʃʼ ɨ r	ʔ a ćć/tʃʼ ɨ r	ʔ a ć/tʃʼ ɨ r	ʔ a ć/tʃʼ ɨ r	ħ a ć/tʃʼ i r	ʔ e ʔ i r	ʔ a ćć/tʃʼ ɨ r	ʔ a ćć/tʃʼ ɨ r	ʔ a ćć/tʃʼ ɨ r		ʔ a n ć/tʃʼ ɨ r	ħ a ćć/tʃʼ a r	ħ a śś/sː i r	ʔ a n ć/tʃʼ ɨ r	ʔ a n ć/tʃʼ ɨ r
455_102_road		x ɨ y/j ɨ m a	ʔ e m a		ʔ e m a			ʔ e m a	ʔ e m a					ʔ e m a		ʔ a m n a					
456_104_saturday		s ə m b ə d									s ə b t i					s a n b a t a	a n s ə n b ə t	s ə n b ə t + n ɨ ʔ ɨ ʃ		ʔ a n s ə n b ə t	ʔ a n ə s ə n b ə t
458_101_rich			d ə n g ə ňň/ɲː ə	d ə n g ə ňň/ɲː ə	d ə n g ə ňň/ɲː ə		d ə n g ə ňň/ɲː a	d ə n g ə n ə	d ə n g ə ňň/ɲː ə	d ə n g ə ň/ɲ ə		d ə n g ə ň/ɲ ə	d ə n g ə ňň/ɲː ə	d ə n g ə ňň/ɲː ə	d ə n g ə ňň/ɲː ə						
459_103_salt			ʔ a sː o		ʔ a sː o		ʔ a sː o	ʔ a sː o	ʔ a sː o	ʔ a s ə w ə				ʔ a sː o	ʔ a sː ə w ə	ʔ a ʃ a b o	ʔ a r u s o			ʔ a s ə b o	ʔ a s o b u
460_108_she			x y/j ɨ t a		x y/j i t	y/j ɨ ʔ ɨ t i	k i y/j a	x y/j ɨ t	x y/j ɨ t			x i d a	k i y/j a	x i t i	x y/j a			h ɨ t a			ʔ i t
461_109_sheep			ť/tʼ ə	ť/tʼ ay/ai̯	ť/tʼ ay/ai̯		ʔ ə t e	ť/tʼ ay/ai̯	ť/tʼ e	ť/tʼ ay/ai̯	ť/tʼ aay/aːi̯	ť/tʼ ay/ai̯	ʔ ə ť/tʼ ay/ai̯	ʔ ə ť/tʼ e	ť/tʼ e		ť/tʼ ay/ai̯			ť/tʼ ay/ai̯	t ay/ai̯
462_102_road				m e y/j a			m o ć/tʃʼ ə			m ə y/j a		m e ʔ a	m o ć/tʃʼ ə								
463_103_salt				b ə ʔ ə d								b ə ʔ ə d									
466_101_rich						b ɨ ʕ u l					b a ʔ a w										
468_105_saw							m ə g a z			m ə g a z										m ə g a z	m ə g a z
469_106_seed										z ɨ ň/ɲ ʔ ə	s ə ň/ɲ i					ʃ ə ňň/ɲː i					
471_102_road											ʔ uː g a						ʔ u n g a			ʔ u n dʒ ə	ʔ uː n dʒ ə
477_101_rich																d u r eː sː a	d u r e sː ə			d u r e sː ə	
481_101_rich																		ś/s ɨ g u b			n ɨ b r ə t a ň/ɲ ə
483_105_saw																		r ə ʔ a	r ə ʔ a y/j ə		
484_111_six	s ɨ dː ɨ s t	s ɨ d ɨ s t	s ɨ d ɨ s t	s ɨ dː ɨ s t	s ɨ d ɨ s t	s ɨ dz	s ɨ dː ɨ s t	s ɨ dː ɨ s t	s ɨ dː ɨ s t	s ɨ d ɨ s t	s i dː i s t aː ň/ɲ	s ɨ dː ɨ s t	s ɨ d ɨ s t	s ɨ dː ɨ s t	s ɨ dː ɨ s t		s ɨ dː ɨ s t	s ɨ ʔ ɨ s	Š/ʃ ɨ dː u Š/ʃ t ə	s ɨ dː ɨ s t	s ɨ dː ɨ s t
485_112_smoke	ć/tʃʼ ɨ s	tʃ i s																			
486_113_snatched	n ə ťť/tʼː ə ќ/kʼ ə	n ə ťť/tʼː ə ќ/kʼ ə		n ə ť/tʼ ə ќ/kʼ ə	n ə ť/tʼ ə ќ/kʼ ə	n ə ť/tʼ ə ќ/kʼ ə	n ə ťť/tʼː ə ʔ ə m	n ə ť/tʼ ə ќ/kʼ ə m		n ə ť/tʼ ə ќ/kʼ ə		n ə ťť/tʼː ə ќ/kʼ ə m			n ə ťť/tʼː ə ќ/kʼ ə m						n ə ť/tʼ ə ќ/kʼ ə
487_114_song	z ə f ə n	z ə f ə n																			
488_115_stone	d ɨ n g ay/ai̯	d ɨ n g ay/ai̯																			
489_116_stool	b ə r ć/tʃʼ u m a		b w ə r ć/tʃʼ u m a	b a r ć/tʃʼ u mː a	b w ə r ć/tʃʼ u m a		b ə r ć/tʃʼ u mː a	b o r ć/tʃʼ u m a	w ə r ć/tʃʼ u m a	b w ə r ć/tʃʼ ə m a		b ə r ć/tʃʼ ɨ m a		b o r ć/tʃʼ u m a	b w ə r ć/tʃʼ ɨ mː a	b a r ć/tʃʼ u m a				b o r ć/tʃʼ ɨ mː a	
490_117_sucked	ť/tʼ ə bː a	ť/tʼ ə bː a	t ə p w ə m	ť/tʼ o pː ə	ť/tʼ ə bː w ə m	ť/tʼ ə b ə w ə	ť/tʼ o bː ə m	ť/tʼ ə pː w ə m	t ə p w ə m	ť/tʼ ə p w ə	ť/tʼ ə b a	ť/tʼ ə p w ə	ť/tʼ o bː ə m	ť/tʼ o bː ə	ť/tʼ ə bː w ə m		t o b e			ť/tʼ o b e	ť/tʼ o b uː
491_118_suddenly	d ɨ n g ə t	d ɨ n g ə t					d ɨ n g ə t	d ɨ n g ə t		d ɨ n g ə t	d ə g u	d ɨ n g ə t	d ɨ n g ə t	d ɨ n g ə t	d ɨ n g ə t		d ɨ n b u ť/tʼ			d ɨ n g ə t	d ɨ n g ə t
492_119_sun	ś/s ə h ay/ai̯					ṩ/tsʼ ə ħ ay/ai̯													ś/s ə ħ ay/ai̯		
493_120_sunday	ʔ ɨ h u d					ʔ ɨ ħ u d					ʔ a l ħ a d										
495_119_sun		tʃ ə h e d	ć/tʃʼ e t		ć/tʃʼ e t			ć/tʃʼ e t	ć/tʃʼ e t					ć/tʃʼ e t							
496_120_sunday		s ə m b ə d	w u r s ə n b ə t		w ɨ r s ə n b ə t		s ə n b ə t	w ɨ r s ə n b ə t	w u r s ə n b ə t	s ə m b ə t		w u r s ə n b ə t	w u r s ə n b ə t	w u r s ə n b ə t	w u r s ə n b ə t		g ɨ d ɨ r s ə n b ə t	s ə n b ə t ʔ a bː ɨy/ɨi̯	s ə n b ə t	s ə n b ə t	s ə n b ə t
497_112_smoke			t ə n	t a n	t ə nː	t ə nː	t ə n	t ə n	t ə n	t ə n	t ə n	t ə n	t ə n	t ə nː	t ə n		t ə n	t ə n a n		t ə n	t ə n
498_113_snatched			m ə ć/tʃʼ ə ќ/kʼ ə m						m ə ć/tʃʼ ə ќ/kʼ ə m				m o ćć/tʃʼ ə ќ/kʼ ə m	m e ćć/tʃʼ ə ќ/kʼ ə m			b o ćć/tʃʼ ə ќ/kʼ ə			b o ćć/tʃʼ ə ќ/kʼ ə	
499_114_song			l a l e		l a l e				l a l e			l a l e									
49_4_back																		m ə ќ/kʼ ť/tʼ ə n			m ɨ ś/s k ə t
4_4_back	dʒ ə r b a	dʒ eː d	g y/j i ʃ ə	g y/j i ʃ ə	g ɨ n ǯ/ʒ ə		g ɨ ň/ɲ ʒ ə		dʒ y/j i ʃ ə	g i ʃ ə		g i ʃ ɨ ʔ ə	g ɨ n ǯ/ʒ ə	g ɨ n ǯ/ʒ ə	g ɨ n ǯ/ʒ ə						
500_115_stone			ʔ ɨ m ɨ r	ʔ ə w n	ʔ ɨ m ɨ r	ʔ ɨ b n		ʔ ɨ m ɨ r	ʔ ɨ m ɨ r	ʔ ɨ m ɨ r		ʔ ɨ m ɨ r	y/j i m i r	ʔ ɨ m ɨ r				ʔ ɨ b ɨ n	ʔ ɨ m n i		ʔ u m u n
501_118_suddenly			m a t ə g a	ʔ ɨ mː a t ə g	ʔ ɨ mː a t i n g i				h ɨ m ə g a									ʔ ɨ b h a m g ə m			
502_114_song				d a s			d ə r ɨ s						d ə r s	d ə r s	d ə rː ɨ s				d ə r f i		
503_119_sun				ʔ a y/j e d						ʔ ɨ w a y/j ə		ʔ ɨ w ə y/j ə									
506_116_stool						m ə n b ə r					w ə m b ə r		w ə n b ə r						m ə n b ə r		
508_115_stone							ʔ ɨ mː a ňň/ɲː ə								ʔ ɨ m a ňň/ɲː ə						
509_119_sun							ʔ i m i r				ʔ i r		y/j i m ɨ r		ʔ a r e t		ʔ a y/j ɨ r			ʔ ay/ai̯ r	ʔ a r i t
510_114_song								w e g		w ə y/j ə g								w ə t ə r			
513_115_stone											ʔ uː n						ʔ uː n			ʔ u n	
523_114_song																	ʃ ɨ b ə t			ʃ ɨ b ə t	ʃ i b ay/ai̯
534_121_sweat	l a b	l a b																			
535_122_ten	ʔ a sː ɨ r	ʔ a sː ɨ r	ʔ a s ɨ r	ʔ a sː ɨ r	ʔ a s ɨ	ʕ ə sʼ r u	ʔ a sː ɨ r	ʔ a sː ɨ r	ʔ a s ɨ r	ʔ a s ɨ r	ʔ a sː i r	ʔ a s ɨ r	ʔ a s ɨ r	ʔ a s ɨ r	ʔ a sː ɨ r		ʔ a sː ɨ r	ʔ a s ɨ r	ʕ a s ə r t ə	ʔ a sː ɨ r	ʔ a sː ɨ r
536_123_that	y/j a				z a		z a						z a	z a	z a						
537_124_then	k ə zː i y/j a	w o d g ɨ z e					z a g ɨ z y/j ə			x ə g ɨ z ɨ y/j ə											y/j a n e g i
538_125_they	ʔ ɨ nː ə sː u															ʔ i s aː n			n ɨ sː a t ə n		ʔ ɨ n o mː u
539_126_thick	w ə f r a m	w ɨ f r a m																			
540_127_thief	l e b a	l e β a	n e b a				l e b a	n ə b a	n e b a				l e b a	l e b a	l e b a						l e b a
541_128_thin	ќ/kʼ ə ćć/tʃʼ ɨ n	ќ/kʼ ə tʃ ɨ n		ќ/kʼ ə ćć/tʃʼ ɨ n		ќ/kʼ ə ťť/tʼː ɨ n	ќ/kʼ ə ćć/tʃʼ ɨ n			ќ/kʼ ə ć/tʃʼ ɨ r	ќ/kʼ ə ć/tʃʼ iː n	ќ/kʼ ə tʃ ɨ r		ќ/kʼ ɨ tʃː ɨ n			ќ/kʼ ə tʃ ɨ n	ќ/kʼ ə ť/tʼ i n	q ə ťť/tʼː i n	ќ/kʼ ə ć/tʃʼ ɨ n	ќ/kʼ ə ć/tʃʼ ɨ n
542_129_this	y/j ɨ h										y/j i										
543_130_three	s o s t	s o s t	s o s t	s o s t	s o s t	sʼ ə l ə s	s o s t	s o s t	s o s t	s o ʔ o s t	ʃ i ʔ i ʃ t i	s o ʔ o s t	s o s t	s o s t	s o s t	s a d i	ʃ e ʃ t	s ə l ə s	s ə l ə s t ə	ʃ e ʃ t	ʃ e ʃ t
545_125_they		k ɨ s ɨ m	x ɨ n o	h u n o	x ɨ n o		k ɨ nː ə w m	x ɨ n o	x ɨ n u	x ɨ n ə w a		x ɨ n o w a	k ɨ nː ə m	x ɨ nː o	x ɨ nː ə w			h ɨ t o m			
547_121_sweat			w ɨ z a t	ʔ a z a t	w ɨ z a t		w ɨ z a t	w ɨ z a t	w ɨ z a t	w ə z a t	w uː z i ʔ	ʔ a z a t	w ɨ z a t	w ɨ z a t	w ɨ z a t		w ɨ z ə t			w ə z i	w ə z
548_123_that			x ɨ x	x a d ə				x ɨ x		x ə		x a d a									
549_124_then			t ə h a n ќ/kʼ e	t ə h a ʔ e g ə d	t ə h a n ќ/kʼ y/j e			t ə x a n ќ/kʼ e	t ə h ʔ a n g y/j e				t ə k w a		t ə h ɨ m a n g e						
550_126_thick			dʒ ə n dʒ ɨ r	g u ʃ ɨ r	dʒ ə n dʒ ɨ r		d ə n g ɨ n	dʒ ə n dʒ ɨ r	dʒ ə n dʒ ɨ r	d ɨ n dʒ ɨ r		dʒ ə n dʒ ɨ r		dʒ ə n dʒ ɨ n	dʒ ə n dʒ ɨ n						
551_128_thin			s ɨ s ə		s ɨ sː ə			s ɨ s a	s ɨ s ə						s ə sː ə						
552_129_this			z ɨ		z ɨ x	z ɨ n t u	z i	z ɨ	z ɨ	z ə			z i	z i	z i				ʔ ɨ zː i	z i	
553_127_thief				f a n g a y/j ə						f ə n g ə y/j a		f ə n g ə y/j a									
554_129_this				w a								w ə d a									
555_127_thief					s ə r ə ňň/ɲː ə	s ə r a ќ/kʼ i												s e r ќ/kʼ ay/ai̯	s ə r a q i		
561_123_that									h a t a								h a tː ay/ai̯				
563_124_then											b ə ħ ə r	t ə h ɨ m		b ə h i							
566_127_thief											r o g i						r a n dʒ i			r a n dʒ i	
578_125_they																	ʔ u x u n			ʔ u h u n	
579_126_thick																	m ə g ə rː i			m ə g ə rː i	
580_129_this																	ʔ ɨ nː ə				ʔ ɨ n a tʃː u
582_123_that																		l a h ay/ai̯			y/j a h ay/ai̯
58_9_big																				dʒ ə b ə	dʒ ə b a
593_131_thursday	h a m u s	k a m i s	ʔ a m u s	ʔ a m u s	ʔ a m u s	ħ ə m u s	ʔ a m u s	ʔ a m w ɨ s	ʔ a m u s	ʔ a m u s	x a m i s	ʔ a m u s	x a m u s	ʔ a m u s	ʔ a m u s	k a m i s a	x a m u s	k ə m i ʃ	ħ a mː u s	x a m u s	ʔ a m uː s
594_132_time	g i zː e					g i z e	g e					g ɨ z ɨ y/j ə	g ɨ z y/j e	g ɨ z y/j e	g e					g ɨ n	g i
596_134_tomorrow	n ə g ə	n ə g	n ə g ə	n ə g ə	n ə g ə		n e g ə	n ə g ə	n ə g ə	n ə g ə		n ə g ə	n ə g ə	n ə g ə	n ə g ə						
597_135_traveler	m ə n g ə d ə ňň/ɲː a	h e m ə ňň/ɲː a	ʔ e m ə n ə	m e ňň/ɲː ə	ʔ e m ə nː ə			ʔ e m ə n ə	ʔ e m ə n a	m a r ə d ə ň/ɲ ə		ʔ e m ə ň/ɲ ə	ʔ ə n g ə d ə ňň/ɲː a	ʔ ɨ m a t ə ňň/ɲː a	m ə n g ə d ə ň/ɲ a	ʔ eː m a l a				ʔ u n g ə t ə ňň/ɲː e	ʔ u n g ə t ə ň/ɲ ə
598_136_two	h u l ə tː	k e t	x w e t	h u r ʔ ə t	x w e tː	k ɨ l ʔ ə	k w e tː	x w e t	x w e t	x w e t	k oː t	w ɨ r ʔ e t	k i tː	x w e tː	x w e tː			k ə l ʔ e t	k ɨ l t ə		
599_137_war	ť/tʼ o r ɨ n ə t	ť/tʼ o r ɨ n ə t																			
5_5_barley	g ə b s					g ə b s	g ə b s				g uː s		g ə b s			g a r b uː					g ə b ɨ s
600_138_water	w ɨ h a	ʔ a h o w a																			
601_139_wednesday	ʔ ɨ r o b		ʔ ə r o	ʔ a r b e	ʔ ə r ə w	r ə b u ʕ	ʔ ə r o b	ʔ ə r o	ʔ ə r o	ʔ ə r o	ʔ a r b a ʔ a	ʔ ə r o	x ə r o b	ʔ ə r o b	ʔ ə r o b	r oː b iː	h a r b e	ʔ ɨ rː o b ɨ ʔ	r ə b u ʕ	ʔ a r b ɨ y/j ə	ʔ ɨ r oː b
602_140_what	m ɨ n	m ɨ n			m ə ʔ e	m ɨ n t	m ɨ ʔ e				m i n		m ɨ n		m ɨ ʔ e	m aː l	m ɨ n	m i		m ɨ n	m ɨ n
603_132_time		w ə ќ/kʼ t									w a ќ/kʼ t i						w ə ќ/kʼ t	w ə ќ/kʼ ɨ d			
604_133_today		h u m a				y/j o m												y/j o m			
606_132_time			ʔ ə g a		ʔ ə g a				ʔ ə g a	ʔ ə g a											
607_133_today			ʔ ə k w a	ʔ a kː a	ʔ ə kː w a		ʔ ə kː w a	ʔ ə kː w a	ʔ ə k w a	ʔ ə k w a		ʔ o k w a	ʔ a x u ň/ɲ	ʔ a k w a	ʔ ə kː w a						
608_137_war			g a z					g a z	g a z			g a z			g a z						
609_138_water			ʔ ɨ x a	ʔ ɨ x ə	ʔ ɨ x a		ʔ ə g a	ʔ ɨ x a	ʔ ɨ x a	ʔ i x a		ʔ ɨ x a	y/j i g a	ʔ ə g a	ʔ ɨ g a						
60_11_blew	n ə fː ə s ə	n ə fː ə h a	n ə f ə s ə m	n ə f ə s ə	n a fː ə s ə m	n ə f ḫ/ħ ə	n ə fː ə s ə m	n ə f ə s ə m	n ə f ə s ə m	n ə f ə s ə		n ə f ə s ə	n ə fː ə s o	n ə fː ə s ə	n ə fː ə s ə m		n ə f ə s ə		n ə f ə s ə	n ə f ə s ə	n ə f ə s ə
610_140_what			m ɨ r ќ/kʼ a r	m ɨ r a f ə r				m ɨ r ќ/kʼ a r	m ɨ r ќ/kʼ a r	m ə m ɨ r		m ɨ r ʔ a r		m ɨ r ќ/kʼ a r							
612_137_war				ʔ a r ɨ w	ʔ a r b	ħ ə r b	ʔ a r b			ʔ a r ɨ b	ħ aː r b i			ʔ a r ɨ b			ʔ a r b	h ɨ r a b ə t		ʔ a r b	
613_134_tomorrow						g e s ə m					g i ʃ						g eː s			g eː s	g eː s
615_138_water						m ay/ai̯					m iy/i						m əy/əi̯	m ay/ai̯	m ay/ai̯	m əy/əi̯	m əy/əi̯
61_12_blood	d ə m	d ə m	d ə m	d ə m	d ə m	d ə m	d ə m	d ə m	d ə m	d ə m	d ə m	d ə m	d ə m	d ə m	d ə m		d ə m	d ə m	d ə m	d ə m	d ə m
627_133_today																	ʔ a w dʒ e			ʔ a w dʒ e	ʔ a w dʒ i
629_136_two																	ʔ o ʃ t			h oy/oi̯ t	h oy/oi̯ t
62_13_boiled	f ə lː a										f ə l a ħ a		f ə lː a m				f ə l a			f ə l a	f ə l ə
631_135_traveler																		g ə y/j a Š/ʃ ay/ai̯	g ə y/j a Š/ʃ ay/ai̯		
638_141_wheat	s ɨ n d e		s ɨ n ə	s ɨ n e ʔ	s ɨ nː e	sʼ ɨ r n ay/ai̯	s ɨ rː e	s ɨ n ay/ai̯	s ɨ n e	s ɨ n e ʔ		s ɨ n ə ʔ	s ɨ rː e	s i rː e	s ɨ rː e		s ɨ r əy/əi̯	ʃ ɨ r n ay/ai̯	s ɨ r n ay/ai̯	s ɨ r e	s ɨ r e
639_142_which	y/j ə t ɨ ňň/ɲː a w	y/j e d ɨ ňň/ɲː a w											y/j ɨ tː a								
63_14_bone	ʔ a ť/tʼ ɨ n t	x a ť/tʼ ɨ m	ʔ a ť/tʼ ɨ m	ʔ a ť/tʼ ɨ m	ʔ a ť/tʼ ɨ m	ʔ a ś/s m	ʔ a t ɨ m	ʔ a ť/tʼ ɨ m	ʔ a ť/tʼ ɨ m	ʔ a t ɨ m	ʔ aː ť/tʼ	ʔ a ť/tʼ ɨ m	ʔ a ť/tʼ ɨ m	ʔ a ť/tʼ ɨ m	ʔ a ť/tʼ ɨ m		h a ť/tʼ ɨ m	ʔ a ť/tʼ ɨ m	ʕ a ś/s m i	ʔ a ť/tʼ ɨ m	ʔ a ť/tʼ ɨ m
640_143_who	m a n	m a n i	m w a n	m a n	m w a n	m ə nː u	m a	m w a n	m w a n	m w a n	m aː n	m a n	m a	m w a	m a		m aː n i	m ə n	m ə n	m a	m a
641_144_wideadj	s ə fː i	s ə f i																	g ə fː i ħ		s ə fː i
642_145_wind	n ɨ f a s	n ɨ f a s	ʔ ɨ n f a s	ʔ ɨ n f a s	n ə f a s	n ə f a s	n ɨ f a s	n ɨ f a s	ʔ ɨ n f a s	n ɨ f a s		n ə f a s	n ə f a s	n ɨ f a s	ʔ ɨ n f a s		n ɨ f a s	n ɨ f a s	n ɨ f a s	n ɨ f a s	n ɨ f a s
643_146_with	g a r				g i			g a m w ə	g a m w a			g ə z y/j ə	g oy/oi̯		g e						
644_147_woman	s e t ɨ yy/j o																		s ə b ʔ ay/ai̯ t i		s e t
645_148_word	ќ/kʼ a l	ќ/kʼ a l	ќ/kʼ a r	ќ/kʼ a l	ќ/kʼ a r	ќ/kʼ a l	ќ/kʼ a l	ќ/kʼ a r	ќ/kʼ a r	ќ/kʼ a r		ќ/kʼ a r	ќ/kʼ a l	ќ/kʼ a l	ќ/kʼ a l		ќ/kʼ a l		q a l	ќ/kʼ a l	ќ/kʼ a l
646_149_you	ʔ a n t ə	ʔ a n k	ʔ a x ə	ʔ a x ə		ʔ a n t ə	ʔ a x	ʔ a x ə	ʔ a x ə	ʔ a x m a	ʔ a x aː x aː tʃ	ʔ a x ə		ʔ a x a	ʔ a t ə	ʔ a t i	ʔ a t ə	ʔ ɨ n t a		ʔ a t ə	ʔ a t ə
647_150_down	t a tʃː		t ə t n ə y/j ə		t ə tː ɨ n y/j a		t ə t				t a ħ ay/ai̯		t ə t a t əy/əi̯	t ə t ə tː e	t ə tː i y/j ə			t ə ħ a t	k ə t a tʃ	t u t	
648_141_wheat		ќ/kʼ a m ə d i									ќ/kʼ a m ə d i					ќ/kʼ a m a d i					
649_146_with		b ə					b ə			b ə	b e									b ə	b ə
64_15_bread	d a bː o	d a m o	d a bː o	d a b o ʔ ə	d a bː o			d a bː o	d a bː o	d a p a	d aː b o	d a bː o ʔ ə	d a bː o		d a bː o	d aː bː o				d a bː o	d a bː o
652_142_which			ʔ ə n d e h u t a	ʔ ə t ə d ə	ʔ ɨ n d e y/j ə t a		ʔ e tː ə	ʔ e t ə t a	ʔ e t ə t a	ʔ ay/ai̯ t ə x t a		ʔ ə t ə d o		ʔ e tː i	ʔ ɨ n ť/tʼ e w e		ʔ ay/ai̯ t ay/ai̯				ʔ ay/ai̯ t e
653_144_wideadj			b ə t ɨ t	b ə tː ə d	b ə tː ɨ t		b ə t ɨ t	b ə t ɨ t	b ə t ɨ t	b ə tː ə t		b ə t ɨ t	b ə t ə t	b ə tː ə t	b ə tː ɨ t		f ə tː			f ə tː i	
654_146_with			t ə h u t	t ɨ h u d ə													t uː h a				
655_147_woman			m ɨ ʃ t	m i s t	m ɨ ʃ t	b ɨ ʔ ɨ s i t	m ɨ ʃ t	m ɨ ʃ t	m ɨ ʃ t	m ɨ ʃ t		m ɨ ʃ t	m ɨ ʃ t	m ɨ ʃ t	m ɨ ʃ t		m ɨ ʃ t	ʔ ɨ sː i t		m ɨ ʃ t	
656_150_down				g ə d ə n i								g ə d a n i y/j ə				g a d i					
658_142_which						ʔ əy/əi̯ n u					ʔ aay/aːi̯							ʔ a y/j a	ʔ a yy/jː ə n	ʔ ay/ai̯ n e	
65_16_breast	ť/tʼ u t	ť/tʼ u t	ť/tʼ u	ť/tʼ u w	ť/tʼ u w		ť/tʼ ɨ b u yy/jː ə	ť/tʼ u	ť/tʼ u	ť/tʼ u	ť/tʼ oː t	ť/tʼ u	ť/tʼ ɨ b u yy/jː ə	ť/tʼ u b	ť/tʼ ɨ w ə yy/jː ə		ť/tʼ u b	ť/tʼ ɨ b	ť/tʼ u b	ť/tʼ u b	ť/tʼ u b
660_146_with						m ɨ s l ə												m ɨ s	m ɨ s		
662_150_down								w ə s ť/tʼ ɨ n y/j ə	w ə s ť/tʼ i n i y/j ə	w ə s ť/tʼ											w ɨ s t
667_149_you													d ə x ə						n ɨ s ɨ x a		
67_18_bull	b ə r e		w ɨ r	w ɨ r	w ɨ r		w ɨ r	w ɨ r	w ɨ r	w ɨ r		w ɨ r	w ɨ r	w ɨ r			w ɨ r	w ɨ h ɨ r		w ɨ r	w ɨ r
68_19_cabbage	g o mː ə nː	g o m ə n																			
69_20_calfn	ť/tʼ ɨ dʒː a	ť/tʼ ɨ dʒː a									ť/tʼ ɨ dʒ a		ť/tʼ ə g		d ə g						
6_6_beautiful	m ə l k a m		m ə r k a m a	m ə l k a m a	m ə r k a mː a		m ə l k a mː a	m ə r k a mː a	m ə r k a m a	m ə r k a m a		m ə r k a m a	m ə l k a m a	m ə l k a m a	m ə l k a m a						m ə l k ə mː a
70_13_boiled		n ə fː ə r a				n ə f ə r ə												ħ a f ə n a			
71_17_brother		ʔ ə h				ʔ ɨ ḫ/ħ ɨ w					ʔ ɨ ħ										ʔ ɨː n
73_13_boiled			tʃ ə k ə r ə m	tʃ a k a rː a	tʃ ə kː w ə r ə		tʃ ə kː ə m	tʃ ə kː ə r ə m	tʃ ə k ə r ə m	tʃ ə k ə r ə		tʃ ə k w ə r ə		tʃ ə kː w ə r ə	tʃ ə kː w ə r ə m						
74_17_brother			g w ə p ə		g w ə bː e		g w ə bː e	g w ə pː ay/ai̯	g w ə p ə	g w ə p ay/ai̯				g w ə bː e	g w ə bː e						
75_19_cabbage			ʔ a m b ɨ r	ʔ a m b ɨ r	ʔ a m b ɨ r	ħ a m ɨ l	ʔ a m b ɨ r	ʔ a m b ɨ r	ʔ a m b ɨ r	ʔ a m b ɨ r		ʔ a m b ɨ r	ʔ a m b ɨ l	ʔ a m b ɨ r	ʔ a m b i		h a m ɨ l	ħ a m l e	ħ a m l i	ʔ a m l	ʔ a m ɨ l
76_20_calfn			m w ə s a	m o s a	m w ə sː a		m w ə sː a	m w ə s a	m w ə s a	m w ə s a		m w ə s a		m w a s a						ʔ ɨ m b o sː ə	
77_17_brother				ʔ ə ʃː ə ʔ ə m								ʔ ə s ə m									
7_7_bed	ʔ a l g a	ʔ a l g a	ʔ a l g a		ʔ a l g a		ʔ a l g a	ʔ a l g a	ʔ a r g a	ʔ a r g a		ʔ a r g a	ʔ a l g a	ʔ a l g a	ʔ a l g a					ʔ a l g a	ʔ a l g ə
81_20_calfn						ʔ ɨ g w ə l t												ʔ ɨ g a l			
84_18_bull											b a ʔ a r a				b o r a						
87_15_bread														f u r n o			f u r n o				
8_8_belt	ќ/kʼ ə b ə tː o			ќ/kʼ ə b ə t o ʔ ə	ќ/kʼ ə b ə tː o		ќ/kʼ ə b ə tː o	ќ/kʼ ə b ə tː o	ќ/kʼ ə b ə tː o	ќ/kʼ ə b ə t o ʔ ə			ќ/kʼ ə b ə tː o	ќ/kʼ ə b ə tː o	ќ/kʼ ə b ə tː o		ќ/kʼ ə b ə tː o			ќ/kʼ ə b ə tː o	
98_20_calfn																	ʔ ɨ z ə kʼ				ʔ ɨ z ə kʼ
9_9_big	t ɨ lː ɨ kʼ						l ɨ kʼ														
