Cognate_ID,EudeveNorth,EudeveSouth,Mayo,Opata,ProtoSonoran,ProtoTepiman,SonoraPimaBajo,TarahumaraCentral,TepehuanNorth,TepehuanSouth,TohonoOdam,Tubar,WarihioHighland,WarihioLowland,Yaqui
100_90_shell,k o d ó/o,,,k o d o s i,k o y/j o,,,,,,,,,k o o y/j ó/o,k o ó/o y/j o
101_261_stickwood,k ú/u + t,,k ú/u + tt/tː a,k u,k u,k ú/u a ʔ a g ɨ,,k ú/u,,,,u + t á/a,k u u,k u u/u h ú/u,k ú/u + t a
102_39_help,k u í/i,,,k ui,k u ʔ i,,,k u ʔ w í/i,,,,,k u í/i,,
103_276_fish,k u ts ú/u + t,,k ú/u t ts u,k u ts u,k u ts u,,,k u ts ú/u,,,,k i ts ú/u + t,,,k ú/u ts u
104_225_chew,,,k u ú/u m e,k u m,k u m i,,k u m a,k u m í/i,,,k u h m,k u m i,k u m i,,k u ú/u m e
105_92_tuft,k u m í/i s a,,k ú/u m s a + m,k u m i + t o,k u m i s a,,,k u m í/i s a,,,,,,,k ú/u m s a + k a m
106_181_fathersolderbrother,,,k ú/u m u r i,k u m u,k u m u,,,k u m ú/u ts i,k u m ú/u l i,,,,k u m ú/u,,k ú/u m u ʔ i
107_223_husband,k ú/u n gʷ a,,k u ú/u n a,k u n a,k u n a,k ú/u n a,,k u n á/a,,,,k u n a + k á/a m,k u n á/a,k u u/u n á/a,k u ú/u n a
108_71_closeeyes,k ú/u p u,,k ú/u p e,k u p,k u p u,k u u/u p á/a,,k u p u,,,,,k u h p i,k ú/u p i,k ú/u p e
109_82_typeofagave,k u ú/u + t,,k u ú/u ʔ u,k u,k u r u,,,k u u/u r ú/u,,,,k u r ú/u + t,k u r u,,k u ú/u ʔ u
10_315_sowseeds,é/e ts a,,e é/e ts a,e ts a,ɨ ts a,ʔ í/i s a,,e ts á/a,,,,s a,e ts a,h é/e ts i,ʔ e é/e ts a
110_162_singshout,k ú/u s a,,k u ú/u s e,,k u s u,,k u h u,k u s ú/u,,,k u h u,k u s u,k u s u,,k u ú/u s e
111_103_neck,k ú/u t a,,k ú/u t a ʔ a n a,k u t a,k u t a,,,k u t á/a,,,,,k u h t á/a,k ú/u h t a,k ú/u t a n a
112_5_maternalgrandfather,,,á/a pp/pː a,p a o gʷ a t,kʷ a,b á/a a b a,,a p á/a,,,,,p a p á/a,p á/a h p a,á/a p a
113_89_eat,h i + b á/a a,bʷ a d a w a t,bʷ á/a ʔ a y/j e,w a,kʷ a,,,w a ʔ a,b a b á/a i d y/j i,,p a,k o + kʷ a,,,bʷ á/a ʔ e
113bis_89_eat,,,,h i + k o a,k o ʔ a,k ó/o ʔ a + i,,k o á/a,,,,k u/w á/a,k o ʔ a,k ó/o k o,k ó/o ʔ a
114_211_cry,b á/a n a,,bʷ a á/a n a,,kʷ a n a,,bʷ a n u,,,,,,,,bʷ á/a n a
115_17_hawk,,,,,kʷ a s a,,,k u s á/a,,,,kʷ a s á/a,k u s á/a,k u u/u ʔ u s á/a,
116_87_tail,b á/a s i,,bʷ á/a s i/j a,,kʷ a s i,b á/a h i,,w a s í/i,,,,b a + k u s í/i + r,w a s í/i,w a h s i,bʷ á/a s i/j a
117_219_ripenbecomecooked,b á/a s e,bʷ a s e,bʷ á/a ss/sː e,i + gʷ a ss/sː + a,kʷ a s ɨ,,b a h i,w a s í/i,,,b a h i,kW/kʷ a s e + t e,w a h s é/e,w á/a s i,bʷ á/a s i + a
118_16_eagle,p á/a w e,,,p a gʷ e,kʷ a w e,b a á/a g ai,,w a ʔ w é/e,,,,kʷ a m u w é/e + t,w a ʔ w é/e,,
119_312_toad,k o h á/a + r,,,k o a + r i,kʷ a y/j a,,,k o w a + r í/i,b a + b a d ai,,b á/a + b a d,k u/w a + n y/j í/i t,k o h a + r í/i,k o h a + r í/i,
11_305_steal,é/e ts b a,,é/e k bw/bʷ a,e ts i kk/kː o a,ɨ ts i + kʷ a,ʔ ɨɨ/ɨː s i,,ts i w á/a,,,,i ts i kʷ a,i ts i k ó/o a,,ʔ é/e t bw/bʷ a
120_167_worm,h í/i ts i + r a,,bʷ í/i t ts i/j a,,kʷ i ts i,,,k u ts í/i w a r i,o b í/i + b i s i,,,h i + kʷ i ts í/i + t,i h + k u ts í/i w a,,bʷ í/i ts i/j a
121_197_smoke,,b i ts i,bʷ i ts í/i r i/j a,p i ts i + r a,kʷ i ts i,k u u/u + b í/i s i,,,,,,k u + p i ts í/i + t,,,bʷ i ts í/i a
122_280_skin,,,,,kʷ i ts i,,,w i ʔ ts í/i,,,,kʷ i ts i + r á/a n,w i ʔ ts í/i,w i ʔ i ts í/i,
123_62_sing,b í/i k a,,bʷ i í/i k a,gʷ i k,kʷ i k a,,,w i k á/a,,,,kʷ i k + w i t,w i k á/a,w í/i k a,bʷ i í/i k a
124_213_mud,,,,,kʷ i s o,,,w e s o + g á/a,,,,kʷ i s ó/o + t,w e s á/a,,
125_114_defecatemanure,b i t a,,bʷ i t a,,kʷ i t a,b í/i i t ai,,w i t á/a,,,,kʷ i t a + t,w i h t á/a,w i h t á/a,bʷ i t a
126_335_earthsoil,,,bʷ í/i y/j a,,kʷ i y/j a,b í/i d ai,,w e é/e,,,,kʷ i r a,w e é/e,w e e h é/e,bʷ í/i a
127_158_big,,,bʷ é/e ʔ u r u,,kʷ i r u,,,w a ʔ r ú/u,,,,,w e r ú/u,w ee/eː r ú/u,bʷ é/e ʔ u
128_222_hand,m á/a m a,,m á/a mm/mː a,m a m a,m a,,,m a,,,,m a + w u l í/i r,m a,,m á/a m a
128bis_79_five,m á/a r k i,,m á/a m n i,m a r i k i,m a m u n i,,,m a r í/i,,,,m a m u n í/i + r,m a r i k í/i,m a r i h k í/i,m á/a m n i
129_85_bakeinoven,h i m á/a,,m a á/a ʔ a,h i m a,m a,,,m á/a,,,m ai,,m a h i,,m á/a ʔ a
12_319_feeldesire,é/e r a,,é/e i y/j a,e r a,ɨ r a,,,e r á/a,,,,e r a,,,ʔ e é/e y/j a
130_78_centipede,m á/a s i gʷ a,,,m a s i w a + t,m a + s i w a,,m a y/j o kk/kː a,m a a g á/a,,,m ai h o g i,m a h a r á/a,m a y/j á/a k a,,
131_168_belight,,,m a á/a ts i,,m a ts i,m á/a a s i,,m a ʔ ts í/i,,,,,m a ʔ ts í/i,,m a á/a ts i
132_332_bescared,,,m á/a h w e,,m a h a w a,,,m a h a w á/a,,,,,m a h a,m a h a w á/a,m á/a hh/hː a e
133_230_agave,m ai,,,m a í/i,m a h i,,,,,,,m a n y/j í/i + t,m a h í/i,m a h í/i,
134_111_give,m á/a k a,,m á/a kk/kː a,m a kk/kː a,m a k a,m á/a a k a,,,,,,m a k a l á/a k,,,m á/a k a
135_120_ten,m á/a k oi,,,m a k oi,m a k oi,,,m a k ó/o i,,,,,m a k ó/o i,,
136_143_beincontainer,m á/a n e,,m á/a nn/nː + a,m a n,m a n i,,,m a n í/i,,,,,m a n í/i,,m á/a n + a ʔ a
137_187_daughteroffather,m á/a r + gʷ a,,m a á/a l a,m a r a,m a r a,m á/a r a,,m a r á/a,,,,,m a l á/a l a,,m a á/a r a
138_99_fawn,,,,m a r i ts i,m a r i ts i,,,m a r í/i ts i,,,,,,,
139_285_feather,,,m á/a ss/sː a,,m a s a,,,m a s á/a,,,,m a s á/a + r,m a s á/a,m a ʔ a s á/a,m á/a s a
13_311_blood,é/e r a,,,h e r a,ɨ r a,ʔ ɨ í/i r ai,,r á/a,,,,a r á/a,e r á/a,h ee/eː r á/a,
140_349_deer,m á/a s o,,m a á/a s o,m a s o + t,m a s o,,,,,,,,m a h ó/o i,m a h ó/o i,m a á/a s o
141_229_grindstone,m a t a,,m á/a tt/tː a,,m a t a,m á/a h u t u r ai,,m a t á/a,,,,m a t á/a + t,m a h t á/a,m a h t á/a,m á/a t a
142_308_know,,,m a h + t í/i a,,m a t ɨ,m á/a a t ɨ,,m a ts í/i,,,,m ay/ai + t u r á/a t,m a ts i,,m á/a h + t a
143_205_lioncougar,m a b í/i + r o,,,,m a w i y/j a,m a v í/i d i/j a,,m a w i y/j á/a,,,,m a w í/i + t,m a w i y/j á/a,m á/a w i ʔ i y/j á/a,
144_227_kill,m é/e a,,m é/e ʔ a,m e a,m ɨ ʔ a,m ú/u a,,m e á/a,,,,m a + k á/a t,m e á/a,m e r i,m é/e ʔ a
145_216_moon,m é/e ts a,,m e é/e ts a,m e ts a,m ɨ ts a,m a s á/a d ai,,m e ts á/a,,,,m a ts á/a + t,m e ts á/a,m e h ts á/a,m e é/e ts a
146_203_far,m e k ú/u,,m é/e kk/kː a,,m ɨ k a,m íɨ/iɨ k a,,m e k á/a,,,,,m e h k á/a,m e h k á/a,m é/e kk/kː a
147_54_hair,m ó/o,,,,,,,,,,,,,,
147_55_head,,,m ó/o ʔ o,,m o o,m o o,,m o ó/o,,,,m ó/o a r,m o ó/o,m o ó/o,
148_359_soninlaw,m ó/o n + gʷ a,,m ó/o ʔ o n e,m o n e,m o n ɨ,,,m o ʔ n é/e,,,,,m o ʔ n é/e,,m ó/o ʔ o n e
149_196_tosmokefire,m ó/o r o,,,m o r e s a,m o r o,,,m oː r ó/o,,,,,m o l o,,
14_194_bone,h ó/o gʷ a,,ó/o + tt/tː a,o w a,o,ʔ o o ó/o i + o,,o + ts í/i,,,,h o + t a,o ʔ + á/a,h ó/o ʔ o + w a,ʔ ó/o + t a
150_247_cloud,m ó/o s i,,,m o s i,m o s i,,,,,,,m o s í/i + t,,,
151_130_enter,m ú/u u,,k i í/i + m u,m ui,m u,,,m o ʔ í/i,,,,,m o ʔ i,,
152_149_shootarrow,m ú/u m u,,m ú/u hh/hː e,m u m u,m u,,m u h u,m u h u + b ú/u,,,m u ʔ u,,m u h í/i,m u h í/i,m ú/u h e
153_53_owl,m u h ú/u + t,,m u ú/u ʔ u,m u h,m u h u,,,,,,,m u + t á/a,,,m u ú/u ʔ u
154_238_many,m ú/u i,,,m ui,m ui,m ú/u ʔ i,,m u,,,,m ui + á/a r,m u + é/e n a,,
155_236_dieone,m ú/u k u,,m u ú/u k e + m u ú/u k u,m u k,m u k u,m u u/u k í/i,,m u k ú/u,,,,,m u g u,m ú/u k u,m u ú/u k e + m u ú/u k u
156_1_beeshive,m u m ú/u g o,m u m u k u t,m ú/u mm/mː u,m u m u g o,m u m u,,m u m u b a,u m u g á/a,m ɨ m í/i v ai,m ɨ m ɨ í/i,,,m o m o h á/a,m o m o h á/a,m ú/u m u
157_152_bean,m ú/u n i,,m u ú/u n i,m u n i,m u n i,,,m u n í/i,,,m u h n i,,m u n í/i,m u u/u n í/i,m u ú/u n i
158_136_spike,m u r á/a + t,,m ó/o a,m u t a,m u r a,,m u r h a d a g a,m u r á/a,,,m u h l a,,m u l á/a,,m ó/o a
159_341_turtle,m u r í/i,,,m u r i,m u r i,m u u/u h l,,m u r í/i,,,,,m u r í/i,,
15_60_cane,o m á/a,h o m a,,o m a,ʔ o m a,,,o o m á/a,,,,,o m á/a,y/j ó/o r i + h o m á/a,
160_41_catfish,,,,m u s i,m u s i,,,m u s í/i,,,,,,,
161_125_becomedrunk,n á/a w e,n a v a,n a a + m u k ú/u r a,,n a h a,,n a h a m u,,,,n au m k,n a h a m,,,n a w á/a h e
162_101_four,n á/a w oi,,n a í/i k i,n a g o,n a o,,,n a ó/o,,,,n a r i k í/i r,n a ó/o,n a ʔ a g ó/o,n a í/i k i
163_255_ear,,,n á/a kk/kː a,n a k a,n a k a,n á/a a k a,,n a k á/a,,,,n a k á/a + r,n a h k á/a,n a h k á/a,n á/a k a
164_116_desire,n á/a k e,,n á/a kk/kː e,n a k i,n a k i,,,n a k í/i,,,,,n a h k i,n a h k í/i,n á/a k
165_346_pricklypear,n a v ú/u ts i,,n a á/a b o,n a w u ts i,n a p o,n á/a v oi,,n a p ó/o,,,,n a k a s í/i t,n a p ó/o,n a h p ó/o,n a á/a b o
166_69_ash,n a p ó/o s a,,n á/a p o s a,n a p o t,n a p o s a,,,n a p i s ó/o,,,,n a s í/i + t,n a h p i s ó/o,n á/a a p i s ó/o,n á/a p o s a
167_211_cry,,,,n a r a,n a r a,,,n a r á/a,,,,,n a l á/a,n á/a a r a,
168_274_pursue,n á/a r e,,,n a r e,n a r ɨ,,,,,,,,n a ʔ + n á/a r i,,
169_293_root,n á/a w a,,n a á/a gʷ a,n a gʷ a,n a w a,,,n a w á/a,,,,n a m u + s í/i r,n a w á/a,n a a w á/a,n a á/a w a
16_309_salt,ó/o n a,,o ó/o n a,,ʔ o n a,ʔ ó/o n ai,,o n á/a,,,,o n á/a,w o n á/a,h o ʔ o n á/a,o ó/o n a
170_62_sing,,,,,n a w a h i,,,n a w a h í/i,a n á/a i,,,n y/j a y/j,,,
171_288_makefire,n á/a d a,,n ái/ai y/j a,n a h,n a y/j a,n a a d á/a,,n a y/j á/a,,,,,n a y/j á/a,,n á/a y/j a
171bis_215_fire,,,,,n a l i,,,n a ʔ í/i,,,,,n a ʔ í/i,n a ʔ í/i,
172_357_tofly,,,n é/e ʔ e y/j e,n e,n i,,,i ʔ + n í/i,,,,,n i ʔ í/i,n i,n é/e ʔ e
173_169_talk,n e ó/o k e,,n o ó/o k a,,n i/j o,n í/j o k a,,n e ó/o,,,,n y/j ó/o k a,,,n o ó/o k a
174_351_see,,,,,n ɨ,n ɨi d á/a,,n e ʔ n é/e,,,,n y/j e r é/e,n e ʔ n é/e,,
175_185_liver,h e m á/a + t,e m a + t,h e é/e m a,h e m a,n ɨ m a,n í/i m a,,e m á/a,,,,y/j a m á/a + t,e m á/a,h ee/eː m á/a,h e é/e m a
176_204_tongue,n é/e n e,,n í/i nn/nː i,,n ɨ n i,n íɨ/iɨ n i,,i n i + r á/a,,,,n i n í/i + r,y/j e n í/i,y/j e e n í/i,n í/i n i
177_189_sonoffather,n o + gʷ á/a t,,n ó/o ʔ o ts i,n o,n o,,,n ó/o,,,,,n o + l á/a,o n ó/o,
178_302_return,n ó/o r o,,n o,,n o r a,n o r á/a + g i,,n ó/o r a,,,,,n o n i,n o ʔ o r á/a,n ó/o i + t e
179_57_losehair,,n u d u,,n u d,n u y/j u,,,,,,,,,,n u ú/u h e
17_253_degrainedcorncob,,,n a á/a gʷ o,,ʔ o n a,,,o ʔ n á/a,,,,,w o ʔ n á/a,h ó/o ʔ o n á/a + r a,n á/a o
180_15_water,b á/a,,b a á/a ʔ a,v a,p a,v á/a a,,b a ʔ w í/i,,,,b a,p a ʔ w í/i,,b a á/a ʔ a
181_316_seed,,b a ts i,b á/a ts i + a,b a ts i,p a ts i,,,b a ts í/i + r a,,,,w a ts i + r á/a n,p a h ts í/i,p a h ts i + r á/a,b a ts í/i + a
182_124_freshcorncob,,,b á/a t ts i,v a ts i,p a ts i,,,p a ts í/i,,,,,i h p a ts í/i,h í/i + p a s ts i,b á/a ts i
183_180_olderbrother,v á/a ts + gʷ a,,á/a b a ts i,v a ts i + gʷ a t,p a ts i,,,b a ʔ ts í/i,,,,w a ts í/i + r,p a ʔ ts í/i,p á/a ʔ a ts í/i,ʔ á/a b a ts i
184_344_three,v ei + d ɨ m,,b á/a h i,v ai + d e,p a h i,v á/a i + k a,,b ai + k í/i a,,,,v a y/j í/i + r,p ai + k á/a,p ai + k á/a,b á/a h i
185_65_reeds,b a k í/i + b o,,b a á/a k a,v a k a + t,p a k a,,v a kk/kː a,b a k á/a,,,w a h p k,w a k á/a + t,p a k á/a,,b á/a k a
186_130_enter,v á/a k e,,k i + b á/a k e,v a k,p a k i,v a k i,,b a k í/i,,,,,p a h k i,p a k i,k i + b á/a k e
187_202_wash,v a k ó/o + r a,,b á/a k + s i/j a,h i + p a k o,p a k o,,b a k o,b a k ó/o,,,w a k o,,p a h k o,p a h k o,h i + p á/a k + s i/j a
188_179_fathersyoungersister,,,,v a w o,p a p o,,,w a p ó/o,,,,,,,
189_206_hare,b a r ó/o s,,p a á/a r o s,p a r o s,p a r o s i,,,,,,,,p a l o í/i s i,p á/a l o w i s í/i,p a á/a r o s
18_127_enemybrave,,,,o pp/pː a,ʔ o p a,ʔ ó/o o b ai,,o p a,,,,,o b a,,
190_338_throw,v á/a s a,,,v a ss/sː a,p a s a,,,b a s á/a,,,,w a s a,p a s í/i,,
191_334_breastteat,v í/i + t,,p í/i + pp/pː i + m,,p i,v i + p í/i,,,,,,w i + m ú/u r,p i ʔ + w á/a,,p í/i + p i + m
192_291_beleft,v í/i e,,b é/e ʔ e y/j e,v i,p i,v í/i ʔ i,,r i + p í/i,,,,,,,b é/e ʔ e
192bis_364_leavebehind,v i á/a,,,v i/j a,p i + a,,,,,,,w i + p i/j a,,,
193_351_see,v i ts á/a,,b í/i t ts a,v i ts a,p i ts a,,,,,,,,,,b í/i ts a
194_38_wasp,p í/i ts a,,b i í/i ts a,p i ts a,p i ts a,,,,,,w i p sh/ʃ,,p i ʔ ts á/a,,b i í/i ts a
195_98_believe,v í/i ts gʷ a,,,,p i ts i,,,b i ts í/i,,,,,p i ts i w á/a,,
196_102_knife,v í/i k a,,,v i + t,p i k a,,,r i + p i g á/a,,,,,t e + h p i k á/a,,
197_287_rot,v í/i k a,,b i í/i k a,v i k a,p i k a,,v i k ai k a,b i k á/a,,,w i ʔ i k a + m,,p i g a,p i k a,
198_177_youngersister,v í/i n gʷ a,,,v i n i gʷ a t,p i n i,,,b i n í/i,,,,,p i n í/i,p i n i w á/a,
199_329_tobacco,v í/i v a,,b i í/i b a,v i h,p i p a,v í/i v ai,,w i p á/a,,,,w i h á/a + t,w i p á/a,p i h p á/a,b i í/i b a
19_50_embers,o b í/i,,ó/o bb/bː a,,ʔ o p a,,,,,,,,,,ó/o u b a
1_303_laugh,,,a á/a ts e,a ts i,ʔ a ts i,ʔ á/a ʔ a s ɨ + i,,a ts í/i,,,,,a ts i,h á/a ts i,ʔ á/a ts e
200_112_turnsomething,v i r í/i + n a,,b í/i ʔ i + t i/j a,v i r,p i r i,,v i d i + n a,b i ʔ r í/i,,,,,p i ʔ r í/i,,
201_271_penis,,,,,p i s a,,v i/j a,b i s á/a,,,w i h a,w i s á/a + t,p i s á/a,p i i s á/a,
202_207_cleanup,p í/i gʷ i,,,p i gʷ,p i w i,,,b i ʔ w í/i,,,,,p i ʔ í/i,,
203_248_new,,,b e m é/e + l a,,p ɨ m ɨ,,,,,,w e p + ts i j/dʒ,h e m e + s á/a t,,w e m é/e + r a,b e m é/e + l a
204_27_learn,v í/i n e,,,v e n i,p i n i,,,b i n í/i,,,,,p e n i,,
205_144_mat,h i p é/e + t,,h í/i p e t a + m,i p e,p ɨ t a,,,p é/e r a,,,,,i h p e t á/a,h í/i p e h t á/a,h í/i p e t a + m
206_275_heavy,b e t é/e + e n,,b é/e tt/tː e,v e tt/tː e + a,p ɨ t ɨ,v íɨ/iɨ t ɨ,,b e t é/e,,,,,p e h t é/e,p e h t é/e,b é/e t e
207_280_skin,v é/e w a,,b e é/e gʷ a,b e gʷ a + t,p ɨ w a,,,,,,,,,,b e é/e a
208_7_liedown,b oː,,b ó/o ʔ o + y/j e,b o,p o,,v o h o,b o ʔ í/i,,,w o o,,p o ʔ í/i,p o ʔ í/i,b ó/o o
209_25_fishhook,,,b ó/o ʔ a + r i/j a,,p o ʔ a,,,p ó/o w a,,,,w o h á/a + t,p o á/a + ts u l a,,b ó/o ʔ a + r i/j a
20_331_havedifficultiesbelazy,ó/o b,,o ó/o b e,o v e,ʔ o p ɨ,,,,,,,,,,o ó/o b e
210_299_mouse,v oi s é/e k,,,,p o ts,v o s í/i k i,,,,,,h e + w o ts ó/o + t,,,
211_339_playmusic,,,p o ó/o n a,,p o n a,,,,,,,h i + p o n a,,,p o ó/o n a
212_32_ripoffpull,p ó/o n a,,p ó/o nn/nː a,p o n,p o n a,,b o n a,b o ʔ n á/a,,,,,p o ʔ n a,,
213_182_youngerbrother,v ó/o n + gʷ a,,,v o n i + gʷ a t,p o n i,,,b o n í/i,,,,w o n í/i,p o n í/i,p oː n í/i,
214_172_becomefedup,b ó/o s a w e,,,b o s a,p o s a,,,b o s a w á/a,,,,,p o s a,p o s a,
215_323_becomelooseuntie,,,b ú/u t + t i/j a,,p o t a,,,b o t á/a,,,,,p o ʔ t á/a,,b ú/u + t a
216_270_hairwool,,,b ó/o u gʷ a + m,b o gʷ a,p o w a,v o p ó/o,,b o ʔ w á/a,,,,w o m ó/o + r,p o á/a,p o ʔ o w á/a,b o ó/o a
217_59_pathroad,v o w é/e + t,,b o ó/o o,b o gʷ e,p o w ɨ,v ó/o i,,b o w é/e,,,,w o + t a,p o é/e,p o ʔ o w é/e,b o ó/o o
218_310_goout,h i + p ú/u w a,,,b u ts a,p u ts a,v u u/u s á/a + n ai,,b u y/j á/a,,,,,p u y/j á/a,,
219_325_blow,p ú/u ts a,,p ú/u h + t i/j a,p u ts a,p u ts a,v ú/u s i t ai,,p ú/u ts a,,,,,i h + p ú/u ts a,,p ú/u h + t a
21_118_thresh,h ó/o r a,,,h o r a,ʔ o r a,,,o r á/a,,,,,o l a,,
220_24_domesticanimal,b u k ú/u + t,,b ú/u kk/kː + e,v u k u,p u k u,,,b u k ú/u,,,,w o k ú/u + r,p u h k ú/u,p u h k ú/u,b ú/u k + e
221_23_fastentie,v ú/u r a,,,b u r,p u r a,v ú/u r i + s a,,b u r á/a,,,,,p u l a,p u r i,
222_314_six,v u s á/a n i,,b ú/u s a n i,b u ss/sː a n i,p u s a n i,,,u s á/a n i,,,,u s a n í/i + r,p u s á/a n i,p u h s á/a n i,b ú/u s a n i
223_3_openeyes,b ú/u s u,,b ú/u ss/sː a,b u ss/sː a,p u s u,,,b u s ú/u,,,w u h a + n,,,,b ú/u s a
223bis_251_eye,v ú/u s i,,p u ú/u s i,v u,p u s + i,v ú/u h i,,b u s í/i,,,,v u + p u s í/i + t,p u s í/i,p ú/u u s i,p u ú/u s i
224_301_scold,v ú/u d e,,b uú/uː y/j e,b u d i,p u y/j i,,,,,,,,,,b uú/uː e
225_61_becometired,,,l ó/o + tt/tː e,,l o,,,,,,,l o + k á/a n,h e ʔ + l o í/i,,l ó/o + tt/tː e
226_31_sand,s á/a,,s e é/e ʔ e,,s a,,h i/j a,s a t é/e,,,h i/j a,s i h á/a + t,s e t é/e,,s e é/e ʔ e
227_237_fly,s é/e b o r,,s é/e e b o r i,s ai w o r i,s ai w o r i,,s ai b o r i,s e ʔ o r í/i,,,,s ay/ai b ó/o l,s e ó/o r i,s o ó/o r i,s é/e e b o ʔ i
228_133_scorpion,s á/a k r a,,s á/a k a ʔ a w i + m,s a kk/kː a r a,s a k a,,,,,,,,s a h k á/a l a,,s á/a kk/kː au
229_343_totoast,s á/a k e,,s a á/a k e,,s a k ɨ,h á/a a k i,,s a k í/i,,,,,s a g i,,s á/a k + t u s i
22_134_write,ó/o s a,,,o,ʔ o s a,,o h a nn/nː a,o s á/a,,,o ʔ o h a n,y/j o s a,o s a,h i/j o s í/i,
230_8_adobe,s a a m í/i,,s a á/a m i,s a m i,s a m i,,s a m i,s a m í/i,,,,ts a m é/e,s a m í/i,s a ʔ a m í/i,s a á/a m i
231_232_becomewet,s á/a m e,,,s a h m,s a m ɨ,,,s a m í/i,,,,,s a m i,,
232_63_meat,s á/a b a,,,,s a p a,,,s a p á/a,,,,s a + s a p á/a + r,s a p á/a,s a ʔ a p á/a,
233_191_leaf,s á/a w a,,s áu/au gʷ a,s a gʷ a + t,s a w a,h á/a a + h a g a,,s a w á/a,,,,s a m u/w á/a + r,s a w á/a,s a w á/a,s á/a w a
234_22_yellow,s á/a w e + i,,s a gʷ á/a + l i,s a gʷ a + i,s a w a,,,s a w a + r ó/o a m e,,,,s a w a + k á/a r,s a ʔ w a + t ó/o m e,s a w á/a + e m e,s á/a w a + i
235_354_rattlesnake,,,,s a d a + k o,s a y/j a,,,s a y/j á/a + w i,,,,k o ó/o t + h a n y/j á/a + k a m,s a y/j a + w é/e,s a y/j a + w é/e,
236_128_enemyconfront,,,s a a y/j o,,s a y/j o,,,s ay/ai + é/e,s a y/j u,,,,s a h í/i,,
237_256_urinate,,,s i í/i s e,s i + s i/j a,s i/j a,,i h a,i + s í/i,,,,,,,s i í/i s e
237bis_257_urine,s í/i s i,,,,s i + i,,,,,,h i ʔ i,s i í/i + r,s i ʔ í/i,s i ʔ í/i,
238_94_cut,s í/i k a,,s í/i kk/kː a,s i kk/kː a,s i k a,h i k í/i + t i,,s e k á/a,,,,s i k a + t ú/u,s i k a,,
239_81_typeofant,s i k ú/u + ts,,e r e e + s u ú/u k i + m,s i kk/kː u + ts i,s i k u,,,s i k ú/u + i,,,,a l i + s í/i k,,s é/e kʷ + í/i,
23_36_getstucked,o t ó/o,,,o t o + w a,ʔ o t o,,,t o + b á/a ts i + t o + b á/a,,,,,,,
240_254_navel,s í/i k a,,s i í/i k u,,s i k u,,h i k u d i,s i k ú/u,,,h i k,s i k ú/u + r,s i k ú/u,s i h k ú/u,s i í/i k u
241_199_go,s e m,,s i í/i m e,,s i m ɨ,h í/i m ɨi,,s i m í/i,,,,s i m i,s i m i,s i m i,s i í/i m e
242_161_shout,,,,,s i n a,h i i n á/a,,s i n á/a,,,,,s i n á/a,s i n a,
243_108_snake,,,,s i n o + t,s i n o,,,,,,,h í/i + s i n a w e + r á/a t,,s i ʔ i n oi,
244_296_scrape,s í/i b a,,,,s i p a,,h i b a,s i p á/a,,,h i w,,s i b a,,
245_200_foranearofcorntoform,s í/i t,,,s i t a,s i t a,,,,,,,,s i t á/a,s i i h t á/a,s í/i ʔ i t a + r ó/o kk/kː a
246_345_gut,s í/i gʷ a,,s i í/i gʷ a + m,s i gʷ a + t,s i w a,h i + h í/i,,s i w á/a,,,,,s i w á/a,s i i w á/a,s í/i a
247_304_tadpole,s i b ó/o r i,,s í/i b o ʔ o r i,s i w o r i,s i w o r i,,,s i b ó/o r i,,,,,,,s í/i b o ʔ o l i + m
248_348_one,s é/e,,s e é/e + n u,,s ɨ,h ɨ + m a d o,,s ee/eː + n ú/u,,,,s e + m e,s e + n é/e b i,,s e é/e + n u
249_51_armhand,,s e k o r a,s e é/e k a,,s ɨ k a,,h u k a,s e k á/a,í/i k a,,h ɨ k,s a k á/a + r,s e k á/a,s ee/eː k á/a,s e é/e k a
24_217_male,,,o ó/o w i,,ʔ o w i,,,o w í/i,,,,,o í/i,h o ʔ o w í/i,o ʔ ó/o w i
250_129_cooldown,s é/e p e,,s é/e bb/bː e,s e p,s ɨ p ɨ,h ɨ ɨ p í/i d a + i,,s i p í/i,,,,s e w é/e,,,s é/e b e
251_307_red,,,,s e tt/tː a,s ɨ t a,,,s i t á/a,,,h ɨ t + m a g,,s e h t á/a,s e h t á/a + n a m e,
252_150_flower,s é/e gʷ a,,s e é/e gʷ a,,s ɨ w a,h i/j o + s í/i g a + i,,s e w á/a,,,,s e w a + r á/a t,s e w á/a,s ee/eː w a,s e é/e gʷ a
253_265_eyelid,,,p u h + s é/e e b e + m,,s ɨ w ɨ,h í/i + h ɨ v o,,,,,,,s e w é/e + ts a,,p ú/u h + s é/e e b e + m
254_147_star,,,,,s o,,h u h u g a,s o p o r í/i,,,h u ʔ u,s ó/o o,s o p ó/o r i,s ó/o ʔ o p o r í/i,
255_138_bestung,,,s o ó/o + s o,,s o,h ó/o ʔ i,,s o ʔ í/i,,,,,s o ʔ i,,s o ó/o + s o
256_139_wife,,,,,s o n a,h oː n í/i g a,,,,,,s o n á/a + r,,,
257_297_stubble,s o n ó/o,,s á/a nn/nː a,,s o n o,,,s o n ó/o,,,,s o n o + w o l í/i t,s o n ó/o,s o ʔ o n ó/o,
258_239_bat,,,s ó/o t ts i + k,s o p i ts i,s o p ɨ + ts i,,,s o p e ts í/i,,,,,s o p é/e ts i,,s o ó/o ts i + k
259_176_fathersoldersister,,,,s o r o,s o r o,,,s oː r ó/o,,,,,s o l ó/o,,
25_43_bathe,ú/u v a,h u b a,ú/u bb/bː a,u v a,ʔ u p a,,,ú/u b a,,,,,u ʔ u p á/a,,ʔ ú/u b a
260_4_maternalgrandmother,,s u,,s u,s u,h ú/u ʔ ú/u + r i,,u + s ú/u,,,,s u u,s u ʔ + s ú/u,,á/a + s u
261_350_muledeer,,,,s u/w a,s u h a,,h u/w a,s o h á/a + w i,,,h u/w a + w i,,,,
262_141_bewarm,s ú/u k a,,s ú/u kk/kː a,s u kk/kː a r a,s u k a,h u u/u k á/a d a,,s u k á/a r e,,,,,,,
263_220_maize,s ú/u n u,,s ú/u nn/nː u,s u n u + t,s u n u,h ú/u u n u + i,,s u u/u n ú/u,,,,,s u n ú/u,s u ʔ u n ú/u,
264_93_heart,s ú/u r a,,s u ú/u l a,,s u r a,s ú/u r a,,s u r á/a,,,,,s u l á/a,s u r a,s u ú/u l a
265_347_nail,s ú/u t u,,s u ú/u t u,s u t u,s u t u,h ú/u u t u,,s u t ú/u,,,,s u t ú/u + r,s u h t ú/u,s u h t ú/u,s ú/u t u
266_13_becomeusedupspent,,,s u ú/u + m e,,s u w i,h u g í/i,,s u w í/i,,,,s u w i,,,
266bis_12_becomeusedupspent,s u/w a,,s ú/u gʷ a,,s u w + a,,,s u w á/a,,,,s u/w a + k á/a m,,,s ú/u ʔ a
267_322_sun,t á/a w i,,t a á/a ʔ a,t a + t,t a,t á/a s ai,,r a + y/j é/e n a r i,,,,t a s a + l í/i t,t a + h é/e n a r i,t a h á/a,t a á/a ʔ a
268_30_burn,t á/a h a,,t á/a hh/hː a,tʰ a,t a h a,t á/a i,,r a h á/a,,,,t a h a + m é/e t,t a h a,,t á/a h a
269_153_fruit,t á/a k a,,t a á/a k a,t a kk/kː ai,t a k a,t á/a k a,,r a k á/a,,,,t a k a + r á/a t,t a k á/a,t a a k a,
26_170_bewarm,u r u,,,u r u,ʔ u r u,,,u u r í/i,,,,,,,
270_105_body,t á/a k a,,t a k á/a,t a k a t,t a k a,,,,,,,,,,t a k á/a
271_260_palm,t á/a k u,,t á/a kk/kː o,t a k u,t a k u,,,r a k ú/u,,,,t a k ú/u + t,t a h k ú/u,t a h k ú/u,t á/a k o
272_119_tooth,t á/a m i,,t á/a mm/mː i,t a m i,t a m i,t á/a m u + i,,r a m é/e,,,,t a m é/e + r,t a m é/e,t á/a a m i,t á/a m i
273_268_askrequest,,,n é/e + t a n e,,t a n i,t a a n í/i,,t a n í/i,,,,,,,
274_294_split,t a p á/a + k d a,,,t a p a,t a p a,t a a p a + n ai + ɨ,,r a p á/a,,,,,t a p á/a,,
275_91_rabbit,t á/a b u,,t a á/a b u,t a w u,t a p u,,t o b i,,,,t oː b i,,,,t a á/a b u
276_278_foot,t á/a r a,,,t a r a,t a r a,t á/a r a,,r a r á/a,,,,,t a l á/a,t a a r á/a,
277_183_mothersyoungerbrother,t ei + gʷ á/a t,,,t ai,t a r i,t a + t á/a r i,,r a ʔ + t é/e,,,,t a y/j í/i,t a ʔ t é/e i,t á/a ʔ a + t á/a i,t a á/a + t a
278_342_cough,t á/a s a,,t á/a ss/sː e,t a + tt/tː a s i,t a s a,,,r o s ó/o + w a,,,,,,t á/a s i + n a,t á/a s e
279_242_nerve,t a w í/i r a,,t á/a + tt/tː e,,t a w a,t a + t á/a g a,,r a w á/a,,,,t a + t a mw/mʷ á/a + t,t a w á/a,t a ʔ a w á/a,t á/a + t e
27_161_shout,ts á/a n a,,ts a á/a y/j e,ts a n e,ts a n i,,,ts a n í/i,,,,ts ai,ts a n í/i,ts a n i,ts á/a e
280_267_chest,,,t áu/au w i,t a w a,t a w i,,,r a w í/i,t á/a g i,,,,,t a w i,t á/a w i
281_192_man,,,,,t i h o y/j i,t í/j o d i,,r e h ó/o i,,,,,t i h o é/e,t i h o y/j é/e,
282_333_beashamed,t í/i w e,,t i í/i w e,t i gʷ i + ts i,t i w ɨ,,,r i w í/i + i,,,,,,,t i í/i w e
283_279_stone,t é/e + t,,t é/e + tt/tː a,t e + t,t ɨ,,,r e + t é/e,,,,t e + t á/a + t,t e + h t é/e,t e + h t é/e,t é/e + t a
284_292_complain,t e í/j + n a,,t é/e ʔ i,t ei,t ɨ ʔ i,,,r i ʔ,,,,,,,
285_353_wart,t e ts ú/u,,t é/e s u ʔ u + k i/j a m,t e ts u,t ɨ ts u,,,,,,,,t e h ts í/i + w a r i,,
286_159_hail,t e h é/e + t,,t é/e hh/hː a + n,,t ɨ h a,,t u h a,r e h é/e,,,ts í/i a,t e h é/e + t,t e h é/e,t e h á/a,
287_330_layouthorizontallyextend,t é/e k a,,t e é/e k a,t e kk/kː a,t i k a,,t e kk/kː a,r e k á/a,,,ts i h k,,t e k á/a,,
288_361_blackvulture,t e k ó/o,,,t e k o,t ɨ k o,,,,,,,t e k ó/o,,,t é/e k o e
289_277_sting,t é/e k s o,,,t e ss/sː o + a,t ɨ k + s o,,,t e s ó/o,,,,,,,
28_214_hill,ts á/a p a,,ts ó/o pp/pː oi,,ts a p a,,,ts a p á/a + ts i,,,,,ts a h p á/a,,ts ó/o p oi
290_299_mouse,ts i k ú/u r i,,ts í/i kk/kː u l,ts i k u r i,t ɨ k u r i,t ɨ ɨ k ú/u r i,,ts i k u r í/i,,,,,ts i ʔ k u r í/i,ts i k u u/u r í/i,ts í/i k u l
291_295_frog,t e m ó/o + t,,,t e m o,t ɨ m o,,,r e m ó/o,,,,,t e m ó/o,t e e m ó/o,
292_266_kick,,,t é/e mm/mː u,t e m u,t ɨ m u,,,r i m i + s ó/o,,,,t e m é/e,,,t é/e m u
293_48_mouth,t é/e n i,,t e é/e n i,t e n i + p e,t ɨ n i,t í/i n i,,r i n í/i,,,,t i n í/i + r,,t é/e e n i,t é/e n i
294_201_long,t e v é/e + i,,t e é/e b e,,t ɨ p ɨ,t ɨ v í/i,,,,,,,t e h p e + k ú/u m a,t é/e p i + h k ú/u m a,t e é/e b e
295_109_sisterinlaw,,,,t e p o,t ɨ p o,,,r e p ó/o,,,,,t e p ó/o,,
296_340_mole,t e v ó/o s i,,t é/e bb/bː o s,t e w o s i,t ɨ p o s i,t ɨ v o + h a + i,,r e p ó/o s i,,,,,t e p ó/o s i,,t é/e b o s
297_95_cutoneselfitself,t e p ú/u + n a,,t é/e p u + a m,t e pp/pː u,t ɨ p u,,t u p u,r e p ú/u,,,,t e p u + r á/a t,t e h p ú/u + n a,t e h p u + n á/a,t é/e p u + a m
298_289_flea,t e p ú/u,,t é/e pp/pː u t,t e pp/pː u,t ɨ p u,,,r i p u ts í/i,,,,t i p ú/u + t,t e p u h ts í/i,t e p u h ts í/i,t é/e p u t
299_263_potato,,,,,t ɨ r o,,,r e r ó/o + w i,,,,t e r ó/o + t,t e l o + é/e,,
29_86_picktake,ts á/a p a,,,ts a p i,ts a p i,,,ts a p í/i,,,,,ts a p i,ts á/a p i,
2_188_son,,,,a k i,ʔ a k i,,,k í/i,,,,,,a h k í/i,
300_107_cave,,,t e é/e s o,,t ɨ s o,t í/i h o + i,,r e s ó/o,,,,t e w e s o + l í/i t,t e s ó/o,t ee/eː s ó/o,t e é/e s o
301_171_find,t é/e gʷ a,,t é/e u gʷ a,t e gʷ a,t ɨ w a,t ɨ ɨ g ai + i,,r e w á/a,,,,t e m ó/o,t e w a,,t é/e a
302_246_name,t e gʷ á/a + t,,t é/e gʷ a + m,,t ɨ w a,,t u w i + g a,r e w á/a,t i + t í/i a + r a d ɨ,,ts ɨ h g i + g,t e mw/mʷ a + r a,r e w á/a,,t é/e a
303_77_sky,t e w í/i k a,,t e é/e k a,t e gʷ i k a + t,t ɨ w ɨ k a,t ɨ v á/a + g i,,r e w e g á/a,,,,t a mw/mʷ a k a + l í/i t,t e w e k á/a,,t e é/e k a
304_166_keepprotect,,,,t e w u,t ɨ w u,,,t i b ú/u,,,,t i w u,t e b u + n á/a,,
305_352_bluegreen,s í/i d e + i,,s í/i a + r i,s i d o + i,t ɨ y/j o,t ɨ ɨ d o + g i,,s i y/j ó/o + n a m e,,,,n y/j o a + k á/a r,s i ó/o + n a,s i y/j ó/o o + n a n i,s í/i a + r i
306_262_belly,t ó/o a,,t ó/o pp/pː a,,t o,,,r o p á/a,,,,,t o h p á/a,t o h p á/a,t ó/o m a
307_126_oak,t o h á/a,,,t o a,t o h a,,,r o h á/a,t u/w á/a + i,t u w á/a,t o h a,t o s í/i,t o h á/a,t o h é/e,
308_28_spider,t ó/o k a,,,gʷ i + t o k a,t o k a,,t o k o + h o p i,r o ʔ k á/a,,,,t o k + w á/a t,,,
309_320_bedeep,,,,,t o k o,,,r o ʔ k ó/o,,,,o k o,t o ʔ k ó/o,,
30_221_suckle,ts í/i a,,ts é/e ʔ e y/j e,ts i,ts i,s í/i ʔ i,,ts i ʔ í/i,,,,,ts i ʔ i,,ts é/e ʔ e
310_198_winter,t o m ó/o,,,t o m o,t o m o,,t o m u + d a g a,r o m ó/o,,,,,t o m ó/o,,
311_281_legknee,t ó/o n o,,t ó/o nn/nː o + m,,t o n o,t ó/o o n a,,r o n ó/o,,,,t o n ó/o + r,t o n ó/o,,t ó/o n o + m
312_184_boilinwater,t ó/o n o,,,t o n,t o n o,t ó/o n i,,r o n ó/o,,,,t o n o + t u,t o n o,,
313_157_wildcat,,,t ó/o pp/pː o l,,t o p o r i,,,,,,,t o p ó/o l,,,
314_298_rat,,t o r i,t o ó/o r i,,t o r i,,,r o r í/i,,,,t o l i,t o r í/i,t oː r í/i,t ó/o r i
315_46_white,,,t ó/o s a + l i,t o ss/sː a + i,t o s a,t ó/o h a,,r o s á/a,,,,t o s á/a + r,t o s á/a,t o h s á/a,t ó/o s a + i
316_243_nest,h i + t ó/o s a,,t o ó/o s a,,t o s a,,,r a ʔ s,,,,t u/w e s á/a + r,t a s ó/o,,t o ó/o s a
317_19_cotton,,,,,t o s a,,,r o s á/a,,,,,t o s á/a,t ó/o ʔ o s á/a,
318_91_rabbit,,,,,t o w i,,,r o w í/i,,,,,t o í/i,t o ʔ o w í/i,
319_337_tigerjaguar,t u ts í/i,,,t u ts i,t u ts i,,,r u ʔ ts í/i,,,,,,,
31_269_tocomb,,,ts í/i kk/kː e,,ts i k a,,,t i + ts í/i k,,,,ts i k á/a,,ts í/i ʔ i h k á/a,ts í/i k e
320_245_nightdarkness,t ú/u k u,,t u k á/a a + r i,t u k,t u k a,t u k á/a + g ai,,r u k á/a + w a r i,,,,t u k ú/u + r,t u g á/a + o,t ú/u k a + w á/a r i,t u k á/a + r i/j a
320_26_diedownfire,,,,,t u k u,,,,,,,,,,
320bis_249_darken,,,,,ts u k u,,,,,,,,,,
320bis_258_dark,ts u k í/i + e n,,ts u k ú/u + r i,ts u k i + gʷ a,ts u k + i,,,ts ó/o,,,ts u k,,o + h ts ó/o + n a,,ts u k ú/u + i
321_64_fleshbody,,,t é/e k gʷ a,,t u k u w a,t u u/u k ú/u g a,,,,,,t í/i k u w á/a + t,,,t é/e kʷ a
322_233_grind,t ú/u s a,,t u ú/u s e,t u h,r u s u,,t u h a,r u s ú/u,,,,m a + t u s í/i + t,t u s u,t u u/u s í/i,t u ú/u s e
323_156_heron,,,,,w a ts o,,,w a ts ó/o,,,,w a h ó/o,w a h ts ó/o,,
324_174_cleave,,,gʷ a á/a k + t e,,w a k a,,,w a ʔ k á/a,,,,w a k a + l í/i t,w a ʔ k á/a,w á/a k a h a r í/i,w a á/a k + t e
325_313_todryup,w á/a k e,,gʷ a á/a k e,gʷ a k,w a k ɨ,g á/a k i,,w a k í/i,,,,,w a g i,w a ʔ a k i,w a á/a k e
326_73_basket,gʷ á/a r i,,gʷ a á/a r i,gʷ a r i + t,w a r i,,,w a r í/i,,,,m u/w a l í/i + t,w a r í/i,w a ʔ a r í/i,w a á/a r i
327_336_fieldforsowing,gʷ á/a s a,,gʷ a á/a s a,gʷ a ss/sː a,w a s a,,g a + g a,w a s á/a,,,,,w a s á/a,,w a á/a s a
328_328_fatherinlaw,gʷ á/a s e + w a,,a s é/e e + bw/bʷ a,gʷ a s e,w a s ɨ,,,,,,,,,,a s é/e e + bw/bʷ a
328bis_327_motherinlaw,,,,,w a s i,,,w a s í/i,,,,,w a s í/i,w a s í/i,
329_29_bow,,,,,w a t a,g á/a a t o + i,,a t á/a,,,,,a t á/a,,
32_19_cotton,ts i n,,ts í/i i n i,ts i n i,ts i n i,,,ts i n í/i,,,,,ts i n í/i,,ts í/i i n i
330_35_roast,gʷ á/a w e,,gʷ a á/a w a,gʷ a gʷ a,w a w ɨ,,,a w é/e,g á/a i,g á/a ʔ a y/j a + ʔ i n,g a ʔ a,,,,w a á/a w a
331_160_grease,,,,,w i ʔ i,g í/i i + g i,,w i ʔ í/i,,,,,w i ʔ í/i,w í/i i + n a,
332_137_thornneedle,w é/e ts a,,w í/i t ts a,gʷ e ts a m,w i ts a,,,w e ts á/a,,,,,w e h ts á/a,,w í/i ts a
333_9_sharp,w i ts ú/u,,,gʷ i ts u,w i ts u,,,w i ts u + t á/a,,,,,,,
334_83_diggingstick,,,,,w i k a,g í/i i k a + i,,w i k á/a,,,,,,,
335_145_stretch,w í/i k a,,w í/i k o ʔ o + r i,,w i k a,,,,,,,w i k o + l í/i t,,,w i í/i k e
336_259_bird,w í/i k ts i,,w i í/i k i t,,w i k i ts i,,,,,,,,,,w i í/i k i t
337_148_belt,w i k ó/o s a,,w i k ó/o s a,,w i k o,,,w i k ó/o,,,,,,,w i k ó/o s a
338_75_whistle,b í/i k u,,b i k u é/e,,w i k u,,w i k u + d a,w i k ú/u + w a,g i k ú/u + d ai,g i k u ʔ u + i n,g i k u j/dʒ i d,,,,b í/i k u/w e
339_37_buzzardturkeyvulture,,,w i í/i r u,,w i r u,,,w i r ú/u,,,,w i l ú/u,,,w i í/i r u
33_21_bitter,ts i p ú/u,,ts i í/i b u,ts i p u,ts i p u,s i v ú/u ʔ u,,ts i p ú/u,,,,,ts i h p ú/u,ts i h p ú/u,ts i í/i b u
340_238_many,,,,,w ɨ,g í/i ʔ ɨ,,w é/e,,,,,w e + r ú/u,w ee/eː + r ú/u,
341_56_falldown,,v e ts e,w é/e t ts e,gʷ e ts,w ɨ ts ɨ,g íɨ/iɨ s ɨ,,w i ts í/i,,,,mʷ e ts e r a k,w i h ts i,w i ts i,w e ts é/e
342_40_whip,v é/e w a,,b e é/e b a,b e gʷ,w ɨ p a,g í/i v ai,,w e p á/a,,,,w e w a,w e h p a,w e p a,b e é/e b a
343_264_standup,w é/e h r e,,,gʷ e r,w ɨ r ɨ,,,w i r í/i,,,,w e r é/e,w e r í/i,,
344_122_two,g o d í/i m,,gʷ o ó/o y/j i,g o d e,w o,g ó/o o k a,,o kʷ á/a,,,,n y/j ó/o r,w o k á/a,g o h k á/a,w ó/o i
345_360_mosquito,w ó/o h o,,gʷ o ó/o o,g o,w o,,v a + m u g a,w a h ó/o,,,w a h + m u g,,w a h ó/o,,w o ó/o o
346_96_coyote,v ó/o i,,gʷ ó/o ʔ i,g o r i,w o ʔ i,,,,,,,g oi,w o ʔ í/i,g o ʔ í/i,w ó/o ʔ i
347_74_grasshopper,g ó/o ts i,,gʷ ó/o + o ts i,g o ts,w o ts i,,,o o ts í/i,,,,,w o h ts í/i,,w o ó/o ʔ o ts i
348_278_foot,,,gʷ ó/o kk/kː i + m,,w o k i,g ó/o o k ui + i,,,,,,n y/j o k í/i + r,,,w o ó/o k i
349_282_pine,w ó/o k o,,gʷ ó/o kk/kː o,g o k o,w o k o,h u k u + i,,o k ó/o,,,,n y/j o k ó/o + t,w o h k ó/o,w o h k ó/o,w ó/o k o
34_20_sunrise,ts á/a r e,,,ts i/j a,ts i r a,,s i/j a,ts e ʔ r a,,,s i ʔ a,,ts e l a,,
350_241_nose,d á/a k a,,y/j é/e kk/kː a,d a kk/kː a,y/j a k a,d á/a a k a,,a k á/a,,,,n í/i k i + s o r,y/j a h k á/a,y/j a h k á/a,y/j é/e k a
351_317_sitdown,d á/a s e,,y/j e é/e s a,d a s a,y/j a s a,d á/a h a,,a s á/a,,,,n e s a,y/j a s i + p á/a,y/j a h s á/a,y/j e é/e s a
352_42_dance,d á/a w e,,y/j e ʔ e y/j e,d a gʷ i,y/j a w i,,,y/j a w í/i,,,,n y/j a áy/ai,y/j a w i,y/j a w i,y/j é/e ʔ e
353_70_shut,h é/e + ts a,,é/e + t a p o,e h,y/j ɨ,,,y/j é/e,,,,,y/j e e + t é/e,y/j e h + t á/a b u,é/e + t a
354_218_mother,d é/e,,á/a i y/j e,d e,y/j ɨ,d á/a a + d a,,y/j e + y/j é/e,,,,i n y/j á/a + r,y/j e + y/j é/e,y/j e e + y/j é/e,á/a e
354bis_178_mothersyoungersister,,,,d e r i,y/j i + ts i,,,,,,,,,y/j é/e e ts i,y/j é/e e ts i
355_209_plain,d é/e e + t,,,d e h,y/j ɨ,,,y/j e p ó/o,,,,,y/j e e p ó/o,,
356_6_happenoccur,d é/e k e,,,d e k,y/j ɨ k,,,i k í/i,,,,,e g i,,
357_154_smoke,d e í/j h n a,,y/j é/e nn/nː a,d e h,y/j ɨ n a,d íɨ/iɨ n ɨi + i,,,,,,,y/j e ʔ n i,y/j é/e n i + h i m u/w a r í/i,y/j é/e n a
358_97_becomeolder,,,y/j ó/o ʔ o + t u,,y/j o,,,o + ts é/e,,,,,,,y/j ó/o o
358bis_355_old,d o ts í/i,,,o ts e,y/j o + ts i,,,,,,,,o ts í/i + r u m e,h o ʔ o ts é/e + d u/w a m e,
359_358_vomit,d ó/o d a,,,d o + d o a,y/j o a,,,o ó/o,,,,,y/j o ʔ a,,
35_165_turkey,ts i w í/i,,,ts i w i s i,ts i w i,,,ts i w í/i,,,,,ts i w í/i,ts í/i ʔ i w i i,ts í/i w i
360_100_raw,d o h í/i,,,d oi,y/j o ʔ i,d o í/i + g a,,o ʔ í/i,,,,,y/j o ʔ í/i,,
361_47_whitepersonmestizo,d ó/o r i,,y/j o ó/o r i,u r i,y/j o r i,,,y/j o o r í/i,,,,y/j o l í/i + t,y/j o r í/i,y/j ó/o r i + h o m á/a,y/j ó/o i
362_110_cure,,,h í/i tt/tː + o,,y/j o w a,,,ó/o a,d o á/a + d i,,d o a j/dʒ i d,h i t + o á/a + t,,h í/i ʔ i + y/j o w a,h í/i tt/tː + o
363_212_torain,d ú/u k u,,y/j ú/u kk/kː e,,y/j u k u,d ú/u u k i,,y/j u k ú/u,,,,,y/j u k u,y/j u u k i,y/j ú/u k e
364_286_beableto,d ú/u m a,,y/j u ú/u m a,,y/j u m ɨ,,,u m é/e,,,,,y/j u m é/e + b a,,y/j ú/u m a
365_115_spill,d ú/u r i,,,d u r i,y/j u r i,,,r u ʔ r u + w í/i,,,,,y/j u ʔ r i,,
366_117_becomeusedwornout,,d u v + a,y/j u ú/u + y/j a,d u,y/j u w i,,,u w í/i,,,,,y/j u i,,
36_300_givegift,,,,,ts ɨ r i w a,,,ts i r i w é/e,,,,h i l i w a,ts e r i w é/e r a,,
37_306_knee,,,,,ts o k o,,,ts o k ó/o b a r a,,,,m o + s o k ó/o,ts o h k ó/o p o,ts o p o k o r i,
38_14_sour,ts o k ó/o,s o k o,ts ó/o ʔ o k o,,ts o k o,,s u h k o,ts o ʔ k ó/o,,,,,ts o ʔ k ó/o,ts ó/o ʔ o h k ó/o,ts ó/o ʔ o k o
39_2_slap,ts ó/o n a,,ts ó/o nn/nː a,,ts o n a,,s o n i,ts o ʔ n á/a,,,sh/ʃ o n i,,ts o ʔ n a,,ts o n a
3_68_hunt,á/a m u,,a á/a m u,h a m u,ʔ a m u,,,a m í/i,,,,,,,ʔ a á/a m u
40_55_head,ts ó/o n i,,ts o ó/o n i,ts o n i,ts o n i,,,ts o ʔ t ú/u,,,,,,,ts o ó/o n i
41_231_mucusslimesnot,ts ó/o b á/a + t,,,ts o + t,ts o p,,s o a,ts o p é/e,,,sh/ʃ o sh/ʃ a,,ts o p é/e,ts o h p é/e,
42_250_pine,,,,,ts o p,,,ts o p é/e,,,,ts o p é/e + t,ts o h p í/i,,
43_131_becomenumb,ts o p o,,,ts o p o,ts o p o,,u kk/kː + s u p a,ts o p o,,,,,,,
44_34_wrinkle,ts o r ó/o,,ts o ó/o r í/i,,ts o r o,,s o r h o,ts o ʔ r ó/o,,,,,,,
45_273_dog,,,ts u ú/u ʔ u,,ts u,,,ts u r í/i,,,,ts u + ts ú/u,,ts u h ts ú/u r i,ts u ú/u ʔ u
46_11_crouch,ts ú/u + ts u k u,ts u k o,,ts u k,ts u k u,,,ts u k ú/u,,,,,ts u h k ú/u,,
47_186_fig,ts ú/u n a,,ts u ú/u n a,ts u n a,ts u n a,,,,,,s u h n a,,ts u n á/a,,ts u ú/u n a
48_290_tip,,,ts ú/u pp/pː e,ts u pp/pː a,ts u p,,,ts u p á/a,,,,,ts u h p á/a,,ts ú/u p e
49_259_bird,,,ts ó/o r oi,,ts u r u,,,ts u r u g í/i,,,,,ts u ʔ r u k í/i,ts u r u g í/i,ts ó/o ll/lː oi
4_18_wing,h á/a n a,a n a,,,ʔ a n a,ʔ á/a ʔ a n a,,a n á/a,,,,,a n á/a,,
50_33_smallriverstream,h á/a k i,,h a k í/i a,,h a k i,ʔ á/a k i,,a k i + ts í/i,,,,,a k í/i,h a k i s ts í/i,h a k í/i a
51_264_standup,h á/a b e,,h á/a ʔ a bw/bʷ e,,h a kʷ ɨ,,,h á/a w i,,,,a kʷ i,a + h a w í/i,,h á/a ʔ a bw/bʷ e
52_326_goupascend,h á/a m u,,h á/a ʔ a m u,,h a m u,,,m o,,,,,m o + h é/e n a,,h á/a ʔ a m u
53_210_arrivereach,h á/a s e,,h a á/a s e,h a s,h a s ɨ,ʔ ai,,s í/i,,,,h a s e,a s i,y/j a h s é/e,h á/a s e
54_146_sneeze,h a ts í/i s gʷ a,,h e e ts í/i h + t e,,h a t i s a,,,a t í/i s o + w a,,,,,a ʔ t u s a,,
55_45_drink,h í/i a,,h é/e ʔ e y/j e,h i,h i,ʔ í/i ʔ ɨi,,b a + h í/i,,,,h é/e,i h í/i,h í/i h i,h é/e ʔ e
56_190_spin,h í/i k,,h í/i k u,h i kk/kː u,h i k u,,,k u r í/i,,,,,,h í/i ʔ i k u + r a,h i k ú/u ʔ u
57_44_beard,h í/i m u s i,h i m p s i,h i í/i m s i,,h i m u s i,,,,,,,h i m u s í/i + r,,,h í/i m s i
58_324_shadeshadow,h e k á/a,,h é/e kk/kː a,h e k a,h ɨ k a,ʔ ɨɨ/ɨː k á/a + g ɨ,,k á/a,,,,,h e h k a,,h é/e kk/kː a
59_356_wind,b a + h é/e k a,,h e é/e k a,h e k a,h ɨ k a,,,e k á/a,,,,,e g a,h é/e e k a,h e é/e k a
5_164_macaw,h á/a r o,,,h a r o,ʔ a l o,,a r h o,w a l á/a,,,a h D/ð o,w a l ó/o,w a l á/a,,
60_135_back,,,h o ó/o o,,h o,,,,,,o h,o + w a,,h ó/o ʔ o + p a,h o ó/o o
61_318_sitdownseveral,h ó/o i,h o,h o ó/o + t e,h oi,h o,,,h ó/o,,,,,o h ó/o,,h ó/o + t e
62_212_torain,h ó/o r o,,,a h r a,h o r o,,,,,,,h o r o,,,
63_10_loosen,h ó/o t a,o t a,,h o tt/tː a,h o t a,,,o t á/a,,,,,,,
64_277_sting,h u + m á/a t,h u,h ú/u + i gʷ a,,h u,u ʔ ú/u + i,,,,,,,,h ú/u ʔ u + w a,h ú/u + i w a
65_173_stink,h ú/u h a,,h u ú/u h a,,h u h a,,u h a,u h á/a,,,,,u h á/a,,h ú/u hh/hː a
66_252_stink,h ú/u + h u b a,,h u ú/u b a,u h p,h u p a,ʔ úu/uː v a + i,,h u b á/a,,,,,u p a,,h u ú/u b a
67_362_skunk,h u p á/a + t,,h ú/u pp/pː a,h u p a,h u p a,ʔ úu/uː p a + i,,u p á/a,,,,u p á/a,u l á/a,h u ʔ u r á/a,h ú/u p a
68_139_wife,h ó/o b e,,h u ú/u b i,h u,h u p + i,u v í/i,,u p e,,,,,u p í/i,h u u/u p í/i,h u ú/u b i
68_67_marrymalesubject,,,,,h u p ɨ,,,,,,,,,,
69_132_send,h ú/u r a,,,u r a,h u r a,,,h ú/u r a,,,,,u + h ú/u l a,,
6_283_headlouse,á/a t e,,é/e tt/tː e,a tt/tː e,ʔ a t ɨ,ʔ a á/a t ɨi,,t é/e,,,,a t é/e,e h t é/e,h e h t é/e,ʔ é/e t e
70_193_sandals,,,,,k a k a,,,a k á/a,,,,k a k a + y/j í/i t,k a k á/a,k a h k á/a,
71_123_sweet,,,k á/a kk/kː a,,k a k a,,,a k á/a,,,,,k a h k á/a,k á/a h k a,k á/a k a
72_49_ball,,k a p o + m a,,k a p o,k a p o,,k a b o r h i k a,k a p ó/o r a,,,,,k a h p ó/o l a,,
73_106_crow,k a r á/a + ts i,,,k a r a + ts i,k a r a,,,k o r á/a + ts i,,,,k a r á/a,k a l á/a + ts i,k a r á/a + ts i,
74_66_house,,,k á/a a r i,,k a r i,,,k a r í/i,,,,k a l í/i + n,k a r í/i,k a a r í/i,k á/a r i
75_240_thigh,,,,,k a s i,k á/a h i,,k a s í/i,,,,,k a s í/i,k a a h s í/i,
76_140_beatplace,k á/a t e,,k á/a tt/tː e,k a tt/tː e,k a t + i,,,a t í/i,,,k a h ts,k a t é/e,k a h t í/i,k a h t í/i,k á/a t e
76_317_sitdown,,,,,k a t ɨ,,,,,,,,,,
77_195_egg,á/a k a b o + r a,,k á/a bb/bː a,a kk/kː a w o + r i,k a w a,,,k a ʔ w á/a,,,,k o w a + l ó/o,k a ʔ w á/a,k á/a ʔ a w a + r á/a,k á/a b a
78_363_foxfemale,k á/a o s i,,,k a o s i,k a w a s i,k a s í/i o,,k e ó/o ts i,,,,,k e ó/o ts i,k e e w ó/o ts i,k a á/a w i s
79_72_hill,k á/a w i t,,k áu/au w i,k a w i,k a w i,,,k a w i,,,k a v u l k,k a h i,k a w i,k a a w í/i,k áu/au w i
7_113_say,á/a gʷ a,,,,ʔ a w a,ʔ á/a ʔ a g a,,,,,,a mw/mʷ á/a,,,
80_66_house,k í/i,,,k i,k i,k íi/iː,,,,,,k i + t á/a,,,
81_234_bite,k é/e,,k é/e ʔ e y/j e,k i,k ɨ,k ɨ,,i + k í/i,,,,k e r á/a,k i ʔ,k i ʔ i,k é/e ʔ e
82_84_blanket,,,,,k ɨ m a,,,,,,,,k e m á/a,k ee/eː m á/a,
83_244_snow,,,,,k ɨ p a,k ɨ v a,,k e p á/a,,,,k e w á/a + t,k e p á/a,k e h p á/a,
84_80_typeofsparrowhawk,,,k e r é/e e + r e,k e r e + ts i,k ɨ r ɨ,,,k i r i + ts í/i,,,,,,,
85_284_tread,k é/e s a,,,k e,k ɨ s a,k ɨi s a,,r e + k e s á/a,,,,,,,
86_52_good,k e gʷ á/a,,k í/i u gʷ a,k i/j a,k ɨ w a,k íɨ/iɨ g a,,,,,,k i mw/mʷ á/a,,,k i/j a
87_235_dieseveral,k ó/o,,k ó/o kk/kː o,k o,k o,k ó/o,,,,,,,,,k ó/o k o
88_321_snake,b a + k ó/o + ts,,b a á/a + k o + t,k o,k o,k ó/o ʔ o + i,,,,,,k o ó/o + t,,,b a á/a + k o + t
89_175_oldersister,k ó/o ts + gʷ a,,,k o ts i + gʷ a t,k o ts i,,,k o ʔ ts í/i,,,,k o ts í/i,k o ʔ ts í/i,k ó/o ʔ o ts í/i,
8_104_horn,,,a á/a gʷ a,,ʔ a w a,,,a w á/a,,,ʔ á/a ʔ a g,h a m o á/a,a w á/a,h a ʔ a w á/a,ʔ a á/a w a
8_226_plantwithhornedfruits,,,,a gʷ a r i,,,,,,,,,,,
90_58_shrimp,,,b á/a a + k o ó/o ts i + m,,k o ts i,,,k o ts i + k á/a l,,,,,k o h ts í/i,,k o ó/o ts i
91_121_sleep,k o ts ó/o,,k ó/o t ts e,k o ts i,k o ts o,k ó/o o s o,,k o ts í/i,,,,k o s e r á/a k,k o ts i,k ó/o ts i,k ó/o ts e
92_142_besick,k ó/o k o,,k ó/o ʔ o k o + r e,k o k o,k o k o,k o ó/o k o,,o ʔ + k ó/o,,,,k o k ó/o,k o ʔ k o + é/e n a,k o k o + r é/e n a,k ó/o ʔ o k o + e
93_76_chili,,,k ó/o ʔ o k o r i,,k o k o r i,k ó/o ʔ o k o r i,,k o r í/i,,,,k o k ó/o l,k ó/o k o r i,k ó/o k o r i,k ó/o k o ʔ i
94_163_cranebird,k o r ó/o,,k o ó/o r ou,k o r o + ts i,k o r o,,k o k o r h,g o r ó/o,,,k o h k o D/ð,k o l ó/o,,,k ó/o r o w e
95_88_necklace,k ó/o r k a,,k o ó/o k a,,k o r o k a,,,k o r o k á/a,,,,k o r o k á/a + t,k o r o k á/a,,k o ó/o k a
96_151_forehead,,,k ó/o bb/bː a,,k o w a,k ó/o v a,,k o w á/a,,,,k o w á/a + r,k ó/o a,kʷ a,k ó/o b a
97_224_pig,,,k o ó/o w i,,k o w i,,,,,,k o h j/dʒ i,k o w í/i,k o í/i,k oː w í/i,k o ó/o w i
98_272_loseinagame,k ó/o b e,,k o ó/o b e,,k o w i,,,,,,,,,,
98bis_155_win,k ó/o b a,,k o ó/o b a,,k o w + a,,g u + g u b a,,,,,k o w a,,,k o b á/a
99_228_killseveral,k o d á/a,,,,k o y/k a,k oː d á/a,,k o y/j á/a,,,,k o n y/j a + m á/a t,k ó/o y/j a,k o o y/j á/a,
9_208_wound,é/e ts a,,,,ɨ ts a,,,ts á/a,,,,a ts á/a,e h ts á/a,h e h ts á/a,
