Cognate_ID	Ahoe	Arem	CuoiTanHop	CuoiThaiHoa	Jahai	Khmu	Kri	KriPhoong	Liha	LihaNVL	Malang	MalengBro	MaliengHT	MaliengQB	May	MuongBi	MuongHB	MuongSL	MuongTH	NguonCL	NguonYT	Pakatan	Phong	Ruc	Sach	ThavungF	ThavungPS	ThavungS	ThoCuoiCham	ThoLangLo	Toum	Vietnamese
100_17_breastudder			ʔ u ¹²	z u ³⁵																ʔ u ³									ʔ uː ³	ʔ uː ³		
101_17_breastudder		n ɒːi̯													n ɔi̯ ⁴									n ɔ̣/ɔ j	n ɔː j ³							
102_17_breastudder																											t ə m ʔ ə́/ə k	t ə m ʔ ə́/ə k				
105_18_chest				ŋ ɯ̆ k ⁵⁴													ŋ ə k ⁸/⁵³	ŋ ə k ⁸/⁵³		ŋ ɨ k ⁸/⁵³										ŋ ɨ k ⁸/⁵³		ŋ ɨ k ²¹²
106_18_chest		k ə t ì/i e̯/e ŋ	t ɑ ŋ ³¹ d ɑ ŋ ²²													đ/ð ư/u ơ/o n g																
110_18_chest						ʔ ɔ k					ʔ ə k											ʔ ɤ̆ k ³⁴				ʔ ə k ¹	t a m ʔ ə́/ə k					
111_18_chest							k a c ɤ ³	k a c ɤ ³³				k a c ɤ ³	k a c ɤ́/ɤ h	k a c ɤ́/ɤ h																		
114_19_child	k ɑː n	k ɒ n	k ɒ n ²²	k ɔ n ³²	k ɛ n	k ɔː n			k ɔː n						k ɔ n ¹					k ɔ n ¹	k ɔ n ¹		k ɔː n	k ɔ n		k ɔː n ¹	k ɔ̂ː/ɔː n	k ɔ̂ː/ɔː n			k ɔː n	k ɔː ŋ ³³
115_19_child								k a d ɛ ³³ ʔ			k a d ɛː ⁴	k a d ɛː ³				đ/ð é/e t	d ɛː t ⁷/⁵²		d ɛː t ⁷/⁵²			k a d ɛ ³⁴³ˀ/³⁴³							d ɛː t ⁷/⁵²	d ɛː t ⁷/⁵²		
117_20_burnintrbealightv		tɕ aː lʼ/lˀ	c ɑ̆ l ¹²	c ɑ̆ n ³⁵				k a c ă l ³³ ʔ								cʰ ẳ/a l										c a l ¹						c ai̯ ⁴⁵
118_20_burnintrbealightv																				p ɔ ŋ ²	b ɔ ŋ ⁶/⁵¹											
119_20_burnintrbealightv									p l ao t		p ə l ɔː t ˀb u r n e d '/ʔ												p l oː k								p l ao t	
127_21_fingernailclaw						t mʰ m ɔː ŋ										m ỏ/o n g tʰ ay/ai				m ɔ ŋ ³												m ɔ ŋm ⁴⁵
129_21_fingernailclaw	k ᵊ/ə s a m		s ɑ̆ m ²²				k a ɕ ă m ⁴	k a s ă m ³²³	s a m	s a m ³³	k ə s a m	k r s a m ³	k a ɕ ă m ⁴	k ɯ ʃ ǎ/a m								k a s ă m ³⁴³ˀ/³⁴³	k s a m			k s a m ¹	k a s â/a m	k a s â/a m	s a m ¹		s a m	
12_2_2syou	m ʊː	m ɯ̀i̯/ɯi̯	m i ⁵⁴	m i ³³	m i ʔ	m eː 'you/ʔ j ou '/ʔ			m əi		m iː		a m ɤi̯ ³²	a m i	ʔ a m i ¹								m iː	m i	m i		m i ¹		m iː ²	m ə j ²	m ei	m ai̯ ²¹
130_21_fingernailclaw		n̩ t ɒ ŋ			k a t ɔ̃ ŋ c j a s										k u t o ŋ ¹									k ə̆ n t o ŋ	k a t oː ŋ ¹							
132_22_cloud			m ɤ l ²²	m ɤ̆ n ³²					m u n	m ə n ³³					m ɤ̆ l ¹	m ầ/a l	m aə ¹	m ə l ¹	m ə n ¹	m ə̆ n ¹			k m i l	m ə̆ l	m ə l ¹				m ʌ l ¹	m ʌ n ¹	m ʌ l	m əi̯ ³³
136_22_cloud											m eː k											m e k ³				m eː k						
137_22_cloud							t a l u k ³⁴	t a l ŭ k ²³				t u l u k ³	t u l u k ³⁴	t u l ú/u k																		
141_23_die		tɕ iː t	c e t ¹²	c e t ³⁵			k a c e t ³	k a c e t ⁴⁴	c eː t		k a c ɛ t	k a c e t ³	k ɯ c e t ³⁴	k u c é/e t	k ɯ c i t ³	cʰ í/i t	c eː t ⁷/⁵²	c eː t ⁷/⁵²	c eː t ⁷/⁵²			k a c ɛ t ³⁴	c eː t	k a c í/i t	c iː t ⁷/⁵²	c əː t ¹	c ʌ̰̂ː/ʌː t	ʔ a c ʌ̰̂ː/ʌː t	c eː t ⁷/⁵²	c eː t ⁷/⁵²	c eː t	c əː t ⁴⁵
145_24_dog	c ɑː ʔ	a tɕ ɒ ʔ	c ɒ ¹²	c ɔ ³⁵	ʔ a c ĩ ʔ	s ɔ ʔ	c ɔ ³⁴ˀ/³⁴	c ɔ ³³ ʔ	c ɔː	c ɔ ³⁴	c ɔː k ə p əː ⁴	c ɔː ³	c ɔ ³⁴ˀ/³⁴	c ɔ́/ɔ	ʔ a c ɔ ³	cʰ ỏ/o	c ɔː ³	c ɔː ³	c ɔː ³			c ɔ̰ ³⁴³ˀ/³⁴³	c ɔː	a c ɔ̉/ɔ	a c ɔː ³	c ɔː ¹	c ɔ̰̂ː/ɔː	c ɔ̰̂ː/ɔː	c ɒː ³	c ɔː ³	c ɔː	c ɔː ⁴⁵
148_25_drinkv																ỏ/o n g	ʔ ɔː ŋ ³	ʔ ɔː ŋ ³	ʔ ɔː ŋ ³	ʔ ɔː ŋ ³												ʔ uː ŋ ⁴⁵
149_25_drinkv	ɲ ʊː ʔ	ɲ ə̯u/əu̯ ʔ	ɲ o ³¹	ɲ o ⁵⁴					ɲ oː ⁴⁶/⁴⁵	ɲ o ³¹	ɲ uː				ɲ o ⁴							ɳ õ ³⁴³ˀ/³⁴³	ɲ oː ⁴⁶/⁴⁵	ɲ ủ/u	ɲ uː ⁴	ɲ uː ²	ɲ ṵ̂ː/uː	ɲ ṵ̂ː/uː	ɲ oː ⁴	ɲ ɔː ³	ɲ uː ⁴⁶/⁴⁵	
14_2_2syou																				j ə̆ w ¹	z a w ¹											
150_25_drinkv							c u ŋ ³⁴ˀ/³⁴	c ŭ ŋ ³³ ʔ				c o̻/o ŋ	c o ŋ ³⁴	c u ŋ																		
154_26_dryasleafclothadj		kʰ oː	χ o ³²	χ o ³²					kʰ a w	kʰ ɔo ³³				kʰ o		kʰ ô/o				x o ¹				kʰ o	kʰ o				kʰ ɔː ¹	kʰ oː ¹		x oː ³³
155_26_dryasleafclothadj								r ɔ ³³					ɽ u/w o ⁴		ɽ ɔ h ¹							ɬ ɔ h ³					h ɔ́/ɔ h	h ɔ́/ɔ h				
156_26_dryasleafclothadj							s a ʄ ă ŋ ⁴⁵ˀ/⁴⁵				s ə j a ŋ ³	s i j a ŋ ³																				
15_2_2syou																										tʰ ə w ¹		tʰ òw/ou				
160_27_ear	s aː j	tʰ aːi̯	s ɑ j ²²	s a j ³²			s ai̯ ³⁴	s a j ³²³	s aː j	s aː j ³³	s aː j	s aː j ³	ʂ ai̯ ⁴	s ay/ai	ɕ ai̯ ¹	tʰ ai	tʰ aː j ¹	s aː j ¹	s aː j ¹	t a j ¹	t a j ¹	s a j ³	p a t s aː j	s a j	s aː j ¹	s aː j ¹	s âː/a: j	s u s âː/a: j	s aː j ¹	s aː j ¹	b a t s aː j	t aːi̯ ³³
164_28_earthsoil			t ɤ̆ t ¹²	t ɤ̆ t ³⁵					t ɔ t	t ə t ²⁴						t ấ/a t	t ʌ t ⁷/⁵²	t ʌ t ⁷/⁵²	d ʌ t ⁷/⁵²	t ə̆ t ⁷/⁵²	ʔ ə̆ t ⁷/⁵²		t i t						t ʌ t ⁷/⁵²	t ʌ t ⁷/⁵²	t ʌ t	ɗ ə k ⁴⁵
165_28_earthsoil															ɓ ɤ n ³									b ə́/ə n	b ɤ́/ɤ n ʔ							
166_28_earthsoil	ʔ a t a k	a t ă k					a t ă k ³	a t ă k ²³			a t a k	a t a k ³	a t ă k ³⁴	a t ǎ/a k								a t ă k ⁴				ʔ a t aː k ³	ʔ a t á/a k	ʔ a t á/a k				
167_28_earthsoil					t e ʔ	p t e ʔ																										
169_29_eat	ʔ a n	ʔ ă n	ʔ ɑ̆ n ²²	ʔ ɑ̆ n ³²			ʔ ă n ³⁴	ʔ ă n ³²³	ʔ a n	ʔ a n ³³	ʔ a n	ʔ a n ³	ʔ ă n	ʔ ǎ/a n	ʔ ă n ¹	ă n				ă n ¹	ă n ¹	ʔ ǎ/a n ³	ʔ a n	ʔ ă n	ʔ à/a n	ʔ a n ¹	ʔ â/a n	ʔ â/a n			ʔ a n	ǎ/a n
16_2_2syou							c ă k ³	c ă k ²³														c ă k										
173_30_egg			k l ɤ ŋ ¹²	ʈ ɤ ŋ ³⁵					k l aə ŋ	k l ə ŋ ³⁴						t l ở/o n g	k l ə ŋ ³	k l ə ŋ ³	k l ə ŋ ³	ʈ ə ŋ ³	ʔ l ə ŋ ³		k l əː ŋ								k l aə ŋ	ʈ ɨ ŋ ⁴⁵
174_30_egg																													l ɨə n ¹	l ɨə n ¹		
175_30_egg	t a l oː l ʔ	u l uː lʼ/lˀ					t a ɽ u l ³ˀ/³	t a r u l ³³ ʔ			t a l uː l ³	t u l oː r ³	t u l u h ⁴	t u l u l	t a l u l ³							t a l ṵ l ³⁴³ˀ/³⁴³		t ə l ú/u l	t u l uː l ³	t u l u n ³	t a l ṵ̂ː/uː n	t a l ṵ̂ː/uː n				
179_31_eye	m a t	m ʌ̯/ʌ ằ/a t	m ă t ³¹	m ă t ³⁵	m i t	m a t	m ă t ³²	m ă t ²³	m a t	m a t ³¹	m a t	m a t ³	m ă t ³⁴	m á/a t	m ă̤/a t ⁴	m ă t	m a t ²	m a t ²	m a t ²	m ă t ⁷/⁵²	m ă t ⁷/⁵²	m ă t ³⁴	m a t	mᵊ ʌ́̆/ʌ t	m ə̆ à/a t ⁸/⁵³	m a t ¹	m á/a t	m a t	m a t ⁸/⁵³	m a t ⁸/⁵³	m a t	m ạ̌/a t
17_3_3shesheit		u n ɛa̯ ʔ														n ả/a				n ɔ ³												n ɔː ⁴⁵
180_32_falldropv																r ơ/o i																r əːi̯ ³³
181_32_falldropv																				p o ⁵	b o ⁵											
182_32_falldropv			p e ³³ ʔ	p e ²¹²	g i b a l																											
183_32_falldropv		r ŭh/u						r u j ³³ ʔ	ɣ aə c		ʰr uː j ³	ʰr uː j ³			ɽ a̤ h ²							ɬ u j ³⁴³ˀ/³⁴³			r u h ²						ʰl aə c	
185_32_falldropv																										tʰ a l oː j ⁴	tʰ a l ɨ̰̂ː/ɨː j	tʰ a l ɨ̰̂ː/ɨː j				
188_33_fardistant																x a				s a ¹												s aː ³³
189_33_fardistant	s i ŋ aː j ʔ	ŋ aːi̯ʼ/aːi̯	ŋ ɑ j ¹²	ŋ ɑ j ³⁵				s a ŋ a j ³³ ʔ	ŋ aː j		s ŋ aː j ³				ɕ i ŋ ai̯ ³							s a ŋ a̤ j ³⁴³ˀ/³⁴³	ŋ aː j	c ə̆ ŋ á/a j	t ə ŋ aː j ³	s ŋ aː j ²	s a ŋ â̰ː/aː j	s a ŋ â̰ː/aː j	ŋ aː j ³	ŋ aː j ³	ŋ aː j	
193_34_fatgreaseoil			m ɤ ³³ ʔ	m ɤ ³¹ ʔ						m ə ³¹			m ɤ ³²ˀ/³²	m ɤ̀/ɤ		m ợ/o	m əː ⁶/⁵¹	m əː ⁴⁶/⁴⁵	mː əː ⁴⁶/⁴⁵	m ə ⁵									m əː ⁶/⁵¹	m əː ⁵⁶/⁵⁵		m əː ²¹⁴
194_34_fatgreaseoil					g m u ʔ																		p uː j									
195_34_fatgreaseoil		t l ù/u ŋ													k l ŭ ŋ ¹									k l ù/u ŋ	t l u ŋ ²							
196_34_fatgreaseoil	n t oː						n t u ³	n t u ²³			a t uː ⁴⁵															a t uː ¹	ʔ a t ûː/uː	ʔ a t ûː/uː				
199_35_hairofbodyfeather																l ô/o n g	l oː ŋ ¹	l oː ŋ ¹	l oː ŋ ¹	l oː ŋ ² '/ʔ	l oː ŋ ¹						ʔ a s ɔ́/ɔ k		l ɔː ŋ ¹	l oː ŋ ¹		l ɔ ŋm ³³
200_35_hairofbodyfeather	s ʊ k	u tʰ ŭ k	s ŭ k ¹²	s ŭ k ³⁵	s ɔ k		u s u k ³⁴	ʔ u s ŭ k ²³		s o k ³⁴	a s o k	u s o̻/o k	u ʂ ŏ k ³⁴	u ʃ ú/u k	ʔ u ɕ ŭ k ³							ʔ a s o̰ k ³⁴		ŭ/u s ú/u k	s u k ⁷/⁵²							
203_36_hairofthehead	s ʊ k	u tʰ ŭ k	s ŭ k ¹²	s ŭ k ³⁵	s ɔ k				s o k	s o k ³⁴				u ʃ ú/u k	ʔ u ɕ ŭ k ³	tʰ ắ/a c	tʰ a k ⁷/⁵²	s a k ⁷/⁵²	s a k ⁷/⁵²	t ă k ⁷/⁵²	t ă k ⁷/⁵²		s u k	u s ú/u k	s u k ⁷/⁵²	s ɔ k ¹	s ɔ́/ɔ k	s ɔ́/ɔ k			s o k	t ɔ kp ⁴⁵
204_36_hairofthehead							k ɤi̯ ³⁴ˀ/³⁴	k ɤ j ³³ˀ/³³			k əː j ³	k əː j ³	k ɤi̯ ³⁴									k ɤ̰ j ³⁴³ˀ/³⁴³										
208_37_firefirewood	k uː jʰ	k ŭh/u	k u l ³³ ʔ	ɣ u n ³¹ ʔ			k ui̯ ³	k u j ³³	k uː c	k uː t ³¹	k u jʰ	k uː j ³	k uˀ/ṳ ³⁴	k u l	k u l̥ ³	c úi/ui	k uː j ⁵	k uː j ⁵	k uː j ⁵	k u n ⁵		k ui h ³	k uː t	k u ř/r	k uː lʰ ¹	k u jh/dʒʰ ²	k u ç	k u s	k uː l ⁶/⁵¹	ɣ uː n ⁵⁶/⁵⁵	k uː c	
20_3_3shesheit								h ă n ³³ˀ/³³	h a n		h a n				ʔ a h ă n ³							h ă n ³⁴³ˀ/³⁴³	h a n	h ắ/a n					h a n ³		h a n	
212_38_fish	k aː ʔ	a k ɛa̯ ʔ	k ɑ ¹²	k a ³⁵	ʔ i k ə ʔ	k a ʔ	a k a ³⁴ˀ/³⁴	a k a ³³ ʔ	k aː	k a ³⁴	a k aː ³	a k aː ³	a k a ³⁴ˀ/³⁴	a k á/a	ʔ a k a ³	c ả/a	k aː ³	k aː ³	k aː ³	k a ³	k a ³	a k a̰ ³⁴³ˀ/³⁴³	k aː	k á/a	a k aː ³	k aː ¹	k â̰ː/aː	k â̰ː/aː	k aː ³	k aː ³	k aː	k aː ⁴⁵
214_39_fleshmeat		tʰ ì/i t	s i t ³¹	s i t ⁵⁴	s ɛ c			s i t ⁴⁴	s iː t		s iː t s ə l ɔː ŋ ⁴				ɕ i t ⁴					t i t ⁸/⁵³		s i t ⁴		s ị/i t	s i t ⁸/⁵³				s iː t ⁸/⁵³	s iː t ⁸/⁵³		tʰ ɨ t ²¹²
215_39_fleshmeat																nh/nʰ ú/u c	ɲ u k ⁷/⁵²	ɲ u k ⁷/⁵²														
216_39_fleshmeat										m ɔː ŋ ³³																m ɛː ŋ ²		m ɛ̰̂ː ŋ				
217_39_fleshmeat	ʔ a m ɑː ŋ																										ʔ a m ɔ̂ː/ɔː ŋ					
218_39_fleshmeat													l ɔ ŋ ⁴ ʰl i/j e ŋ ⁴³	l ɔ ŋ m a l i/j e ŋ																		
219_39_fleshmeat							p ui̯ ³⁴ˀ/³⁴					p o̻/o j ³																				
222_40_flyv	p iʳ/i l	p ă l	p ɤ̆ l ²²	p ɤ̆ n ³²			p ɤ ɽ ³	p ɤ̆ l ²³	p ɔ n	p ə n ³³	p ɤ l	p ə r ³	p ɤ̆ɯ̯ ⁴	p ɤ̌ l	p ɤ̆ l ¹	p ă l	p aə ¹	p a l ¹	b a n ¹			p ɤ̆ l ⁴	p i l	p ə l	p ə l ¹		p ɛ̂/ɛ n	p ɛ̂/ɛ n	p ʌ l ¹	p ʌ n ¹	p ʌ l	ɓ ai̯ ³³
227_41_footlowerleg					c a n											cʰ â/a n	c ə n ¹	c ə n ¹	c ə n ¹													c ə ŋ ³³
228_41_footlowerleg																				c ɔ ²	c ɔ t											
229_41_footlowerleg			k ɑ̆ ŋ ³³ ʔ	k ă ŋ ²¹²																									k a ŋ ⁵			
22_3_3shesheit												p əa n														p iː n ¹	p i n ¹					
230_41_footlowerleg	c iː ŋ	tɕ ì/i ŋ				ɟ ɨə ŋ	c i ŋ ³	c i n ³²³		c iː ɲ ⁴³	s iː ŋ	c i ŋ ³	c i̤ ŋ ³²	c i ŋ	c i ŋ ²							s i ŋ ³		c i ŋ	c iː ŋ ²	c iː ŋ ¹	c îː/iː ŋ	c îː/iː ŋ				
232_42_fullofacontainerv																t ầ/a y																ɗ əi̯ ²¹
233_42_fullofacontainerv									b l a m	b l a m ³³			m ə l ă m ⁴	b l ǎ/a m	ɓ l ă m ¹					l ă m ¹			b l a m	b l ă m	b l ǎ/a m						b l a m	
234_42_fullofacontainerv																													p l eː ³	ʈ eː ³		
235_42_fullofacontainerv		p ằ/a ɲ					p a c ³				p ɛ c	p á/a c ³										p ĭ c ³⁴										
236_42_fullofacontainerv	ɓ ʌ l																										b ʌ̤̀ n					
23_3_3shesheit					ʔ o ʔ	g əː																										
240_43_give		tɕ ɒː	c ɤ ²²	c ɤ ³²					c aə	c ə ³³	c ɤ		c ɤ ³	c ɤ	c ɤ ¹	cʰ o				c ɔ ¹	t ɔ ¹	c ɤ ³		c ʌə	c ɤ́/ɤ						c aə	c ɔː ³³
241_43_give																											ʔ u n	ʔ u n				
242_43_give	c uː n						c ɤ n ³	c ɤ n ²³				c ə̻/ə n ³																				
246_44_good			t o t ¹²	t o t ³⁵									tʰ o t ³⁴			tʰ ó/o cʰ				t oː t ⁷/⁵²	t o t ⁷/⁵²				tʰ ó/o t							t o k ⁴⁵
248_44_good												h a j ³		h ǎ/a i̯/i	h ă i̯/i ¹									h a j								
249_44_good		ʔ ie̯ m					kʰ ɤ̆ k ³				d iː											d i ³				d iː	d îː/iː	d îː/iː				
254_45_greenblue		ɕ ɛʲ/ɛi̯ ɲ	s ɛ ŋ ³²	s ɛ ŋ ³²						s aː ɲ ³³			s ɛ ɲ ⁴	ʃ ɛ ŋ	ɕ e ŋ ¹	x e nh/nʰ				s ɛ ɲ ¹	s ɛ ɲ ¹			s ĭ ŋ	s e ŋ							s a n ³³
255_45_greenblue							s a ɽ ɛu̯ ³⁴	s a r ɛ w ³²³			s ə r ɛː w											s a l ɛː w ³²⁴				s a l ɛː w ¹	s a l ɛ̂ː/ɛ w	s a l ɛ̂ː/ɛ w				
259_46_handarm	s ɪː	tʰ iː	s i ²²	s i ³²			s i ⁵	s i ²³	s əi	s əi ³³	s iː		ʂ ɤi̯ ⁴	ʃ i	ɕ i ¹	tʰ ay/ai	tʰ a j ¹	s a j ¹	s a j ¹	t ă j ¹	t ă j ¹	s ɪ ³	s iː	s i	s iː ¹	s iː	s îː/iː	s îː/iː	s iː ¹	s iː ¹	s ei	t ai̯ ³³
25_4_ant		k ie̯ nʼ/nˀ	k ɛ n ³¹ ʔ	ɣ ɛ n ⁵⁶/⁵⁵					k ɛː n						k ɛ̤ m ⁴	k i ể/e n	k i/j ɛ n ³	k i/j ɛ n ³	k i/j ɛ n ³	k i/j e n ⁴	k i/j e n ⁴	k ḛ n ³⁴³ˀ/³⁴³	k ɛː n	k i ẹ/e m	k è/e ɛ m ⁴	k ɛː n ²	k ɛ̰̂ː n	k ɛ̰̂ː n	k ɛː n ³	ɣ ɛː n ⁴	k ɛː n	k iː ŋ ⁴⁵
262_47_hardsolid									k ɔ ŋ									k ʌ ŋ ³		k ɨ ŋ ³										k ɨ ŋ ³	k ʌ ŋ	k ɨ ŋ ⁴⁵
264_47_hardsolid		tʰ ă nʼ/nˀ													k a ɕ ă n ³								k s a n	k s ắ/a n								
265_47_hardsolid											kʰ r ɛ h											kʰ a l ɪ h ³						kʰ a l í/i h				
26_4_ant								k a ɲ ɤ l ³³ˀ/³³				k ə ɲ ɨɘ r ³																				
270_48_head		u l ŏ k	k l o k ³¹	r u/w o k ⁵⁴			k u l ɔo k ³⁴	k a l ŏ k ²³	k l oː k	k l oː k ³¹	k a l o k	k u l oɔ k ³	k u l o k ³⁴	k u l ó/o k	k u l o̤ k ⁴	t l ó/o c	k l oː k ⁷/⁵²	k l oː k ⁷/⁵²	ʈ oː k ⁷/⁵²	ʈ oː k ⁷/⁵²	l oː k ⁷/⁵²	k a l ṵ k ³⁴	k l oː k	k ŭ l u ò/o k	k u l ò/o k ⁸/⁵³				k l oː k ⁸/⁵³	ʐ u/w o k ⁸/⁵³	k l oː k	
271_48_head	ʔ ɑː k																									ʔ ɔː k ¹	ʔ ɔ̤̂ː/ɔ̤ː k	ʔ ɔ̂ː/ɔː k				
275_49_hearlisten			ŋ ɛ ²²	ŋ ɛ ³²					ŋ ɛː	ŋ ɛ ³³ kʰ əːɨ ⁴³						n g e				ŋ ɛ ¹			ŋ ɛː								ŋ ɛː	ŋ ɛː ³³
276_49_hearlisten		t a ³³ m a̤ ŋ ³² t o l i s t e n '/ʔ															m a ŋ ¹	m a ŋ ¹	m a ŋ ¹					c ă m ǎ͗/a ŋ	c ə m a ŋ ³							
277_49_hearlisten								ŋ i t ⁴⁴			t ɨ l ŋ eː t t o l i s t e n '/ʔ				t a ŋ e t ³							ŋ e t ³⁴ t o h ea r '/ʔ										
278_49_hearlisten																										h a p a ŋ ²	t a p â̰/a ŋ	ʔ a p â̰/a ŋ				
283_50_heart			t i m ²²	t i m ³²					s ɛː m	l ɛe m ⁴³ s ɛe m ³⁴										t i m ¹	ʔ i m ¹		s eː m						t iː m ¹			t i m ³³
284_50_heart		l a ŋ ŏ̀h/o														n ỏ/o																
285_50_heart							t ɔ̆ ŋ ³⁴ˀ/³⁴	t ɔ̆ ŋ ³²³			t ɒ ŋ	t ɔ̻/ɔ ŋ ³	t ɔ̆ ŋ ⁴	p ɤ l i t ɔ ŋ	t o ŋ ¹							t ɒ̆ ŋ ³⁴³/³²⁴		t o ŋ	t oː ŋ ¹							
286_50_heart																										ɲ iː m ¹	ɲ îː/iː m	ɲ îː/iː m				
290_51_heavy	n a ŋ ʔ		n ă ŋ ³¹	n ă ŋ ⁵⁴				ʔ a n ă ŋ ³³ˀ/³³	n a ŋ		a n a ŋ	n a ŋ ³			n ă ŋ ³	n ặ/a n g	n a ŋ ⁴	n a ŋ ⁴⁶/⁴⁵	n a ŋ ⁴⁶/⁴⁵	n ă ŋ ⁴			n a ŋ	n ǎ͗/a ŋ	n a ŋ ³		n â̰/a ŋ	n â̰/a ŋ	n a ŋ ³	n a ŋ ⁴	n a ŋ	n a ŋ ²¹²
294_52_hornofdeernottusk			kʰ ʂ i ɲ ⁵⁴	ʂ ɯ̆ ŋ ³³		c n d r ɨ ŋ			kʰ l ɔ ŋ						ʂ ɯ̆ ŋ ²	kʰ ầ/a n g	kʰ ɨ ŋ ²	kʰ ə ŋ ²	kʰ ɨ ŋ ²	ʃ ɨ ŋ ² d j a j ¹			kʰ r ɨ ŋ	k r ɨ ŋ	ʈ ə ŋ ²				kʰ r ɨ ŋ ²	ʂ ɨ ŋ ²	kʰ l ʌ ŋ	s ɨ ŋ ²¹
296_52_hornofdeernottusk		t a k aːi̯					t a k ɔi̯ ³⁴ˀ/³⁴	t a k ɔ j ³²³			t a k ɔː j	t a k ɔ̻/ɔ j ³	t a k ɔi̯ ⁴	t a k ɔi̯												t k ɔː j ¹	t a k ɔ̂ː/ɔː j	t a k ɔ̂ː/ɔː j				
298_53_house			ɲ a ⁵⁴	ɲ ɑ ³³					ɲ aː						ɲ a ¹	nh/nʰ à/a	ɲ aː ²	ɲ aː ²	ɲ aː ²	ɲ a ²			ɲ aː	ɲ a	ɲ aː ²				ɲ ɐː ²	ɲ aː ²	ɲ aː	ɲ aː ²¹
2_1_1si			h ɤ̆ w ²²	h ɤ̆ w ³²					s a w				a h o ⁴	a h o	ʔ a h o ¹	h o				t ɔ ¹				h o	h o						s a w	t aːu̯ ³³
300_53_house	ʔ uːʰ/ṳː																									ʔ u h ²	ʔ ú/u h	ʔ ú/u h				
301_53_house								k a n ɔ ³³ˀ/³³			k a n ɔː											k a n ɒ̰ ³⁴³ˀ/³⁴³										
305_54_ininside			k l ɒ ŋ ²²	ʈ ɔ̆ ŋ ³²	k l ɛ ŋ	k l u/w ə ŋ		k a l ɔ ŋ ²³	k l ɔː ŋ		k ə l ɔː ŋ	k u l ɔ̻ː/ɔː ŋ ³			k l ɔ ŋ ¹	c o n g	k l ɔː ŋ ¹	k l ɔː ŋ ¹	ʈ ɔː ŋ ¹	ʈ ɔː ŋ ¹	ʔ l ɔː ŋ ¹	k a l ɒ̆ ŋ ³	k l ɔː ŋ	k l ɔ ŋ	l ɔː ŋ ¹	kʰ ə l ɔ ŋ ¹	kʰ a l à/a ŋ	kʰ a l à/a ŋ	k l ɒː ŋ ¹	ʈ a w ŋ ¹	k l ɔː ŋ	ʈ ɔ ŋm ³³
307_55_killv	k a c ᵊ/ə + ɔː t	k a tɕ i t	z i/j e t ¹²	z i/j e t ³⁵			ʄ i/j e t ³⁴	z i/j e̼/e ⁴⁴	ʄ i/j ɛ t H/h	p a ⁴²⁴ c eː t ²⁴	k a c ɛː t	a c ɛː t	ʄ e t ³⁴	k a c é/e t	c i t ³					j ɨe t ⁷/⁵²	z i/j e t ⁷/⁵²		p c eː t	k a c í/i t	k ə c iː t ⁷/⁵²			k a c ʌ̰̂ː/ʌː t	j i/j ɛ t ⁷/⁵²	j i/j ɛ t ⁷/⁵²		j iː k ⁴⁵
308_55_killv																p ó/o										p ɔ h ¹						
30_5_ashes		ʈ ɤ̀ː/ɤː	p l ɒ ²²	ʈ ɔ ³²																									p l ɒː ¹	ʈ ɔː ¹		ʈ ɔː ³³
312_56_knee		l u k u lʼ/lˀ	k l o k ³¹ k ɤ̆ l ¹²	r u/w o k ⁵⁴ k ɤ̆ n ³⁵			k a l o k ³ t a k u l ³ˀ/³	k a l ɔ k ²³	k u n k uː n	k uː n ⁴³ k uː n ²⁴	t ə k uː l ³	u k o̻ː/oː H/h	t u k u l ⁴	k u l ó/o k t a k u l	k u l o̤ k ⁴ t a k u l ³	c ổ/o lː ạ/a i			k oː n ³	ʈ o k ⁷/⁵² k o n ³	l o k ⁷/⁵² k u n ³	k a l ŭ k ³⁴ k u l ³⁴		k ŭ l u ò/o k t ŭ k ủ/u l	t ə k uː l ³	ʔ ɔː k ʔ a k uː l	ʔ ɔ̂ː/ɔː k ʔ a k ṵ̂ː/uː n	ʔ ɔ̂ː/ɔː k ʔ a k ûː/uː n			k u l k uː l	ɗ əu̯ ²¹ ɡ oːi̯ ⁴⁵
316_57_knowafactnotaperson				p i/j e t ³⁵																												ɓ iː k ⁴⁵
317_57_knowafactnotaperson		h iː	h ɤ̆ j ²²										h i ³⁴	h í/i	h i ¹	h ay/ai								h i	h í/i							
318_57_knowafactnotaperson	l uː ʔ						ɽ u ³⁴			lˠ u ³⁴												ɬ o ³⁴³ˀ/³⁴³				h u ʔ	h ú/u ʔ	h ú/u ʔ				
31_5_ashes	ɓ uː ɲ						b ui ɲ ³⁴	b u ɲ ²³	b uː ɲ	b ɔ n ⁴³ b ɔ n ³³	b uː ɲ ³	b uː ɲ ³				b u nh/nʰ	p uː ɲ ¹	b uː ɲ ¹	v uː ɲ ¹	v u n ¹		b u ɳ ³	b uː n			b uː ɲ ³	k a t u n b ûː/uː n	k a t u n b ûː/uː n			b uː ɲ	
322_58_leaf	c a l aː ʔ	u l ɛa̯ ʔ	l ɑ ¹²	l ɑ ³⁵	h a l i ʔ	ʰl a ʔ	s a l a ³⁴ˀ/³⁴	s a l a ³³ˀ/³³	l aː	l a ²⁴	s ə l aː ³	s u l a̻ː/aː ³	u l a ³⁴ˀ/³⁴	u l á/a	ʔ u l a ³	l ả/a	l aː ³	l aː ³	l aː ³	l a ³	l a ³	s a l w a̰ ³⁴³ˀ/³⁴³	l aː	ŭ l ả/a	l aː ³	s l aː ⁴	s a l â̰ː/aː	s a l â̰ː/aː	l aː ³	l aː ³	l aː	l aː ⁴⁵
324_59_liereclinev	n a m		n ɑ̆ m ⁵⁴	n ɑ̆ m ³³			l ă m ³⁴	l ă m ³²³		l a m ⁴³ s u/w o j ³³	n a m ⁴⁵	l a m ³	l ɤ̆ m ³²	l à/a m		n ằ/a m				n ă m ²		n ă m ³²⁴				n a m ¹	n â/a m	n â/a m			l a m	n à/a m
326_59_liereclinev															ɲ ă̤/a p ⁴									n ʌ́̆/ʌ p								
32_5_ashes													t a p ɛ̤ ⁴ k u ³⁴ˀ/³⁴	t a p ɛ̤ k u l	t a p ɛ h ¹									t ă p ɛ h								
331_60_liver																				k a n ¹												ɡ aː ŋ ³³
332_60_liver	l ɑː m	l ù/u o̯/o m	l ɔ m ²²			t l ɔː m	l ɔ m ³	l ɔ m ³²³	l ɔː m	l ɔo m ³¹ l ɔo m ⁴³	l ɔː m	l oɔ m ³	l ɔ m ⁴³	l ɔ̀/ɔ m	l ɔ̤ m ²	l ò/o m	l ɔː m ²	l ɔː m ²	l ɔː m ²			l ɒ m ³²⁴	l ɔː m	l ᵊ/ə + ɔ̀/ɔ m	l oɔ̀/oɔ m ²	l ɔ̀ː/ɔː m ¹	l ɔː m	l ɔ̀ː/ɔː m	l ɔː m ²		l ɔː m	
333_60_liver				ɣ a n ³²																										ɣ aː n ¹		
336_61_longofobjects							ʄ ɤ ɽ ³	z ɤ l ²³				j ɨa r ³	ʄ aɯ̯ ³²	z à/a l	ʑ a̤ l ²	d à/a i	z aː j ²	z aː j ²	z aː j ²	j a j ²	z a j ²			ʔ j a l	ǯ/dʒ a l							j aːi̯ ²¹
337_61_longofobjects	j ɔː n		z ɔ n ²²	z u/w o n ³²					j ao n	z oː n ³³	j oː n											z o n ³	j oː n			j oː n	j ôː/o: n	j ôː/o: n	j ɔː n ¹	j u/w a n ¹	j ɔː n	
342_62_louseheadlice		tɕ i ʔ	c i ¹²	c i ³⁵	c i ʔ	s e ʔ	c i ³⁴ˀ/³⁴	c i ³³ˀ/³³	c əi			c é̻/e ³	c ɤ̆i̯ ³⁴ˀ/³⁴	c í/i	c i ³	cʰ ỉ/i	c iː ³	c iː ³	c iː ³	s i ³	c i ³	c ḭ ⁴³ˀ/⁴³	c iː	c í/i	c iː ³				c iː ³	c iː ³	c ei	c əi̯ ⁴⁵
343_62_louseheadlice	k ᶤ/ɨ + əː ʔ																									k əː ²	k ʌ̰̂ː/ʌː	k ʌ̰̂ː/ʌː				
345_63_lousebodylice		n̩ r eʲ/ei̯ ɲʼ/ɲˀ		r ɤ̆ n ⁵⁴					pʰ l ʌ ɲ						ɓ l ĭ ŋ ³	kʰ ệ/e nh/nʰ	kʰ i ɲ ³	f ə ɲ ⁴⁶/⁴⁵		r e ɲ ⁴		m a ³ h r i ɳ ³⁴³ˀ/³⁴³	pʰ l i ŋ	b r í/i ɲ	b r i ɲ ³	h a h i ŋ ³	ʔ a h î/i ŋ		pʰ r i ɲ ³	s i ɲ ³	pʰ l ɛ ɲ	r ə ŋ ²¹²
350_64_makedov			m ɤ̆ w ⁵⁴	m ɤ̆ n ³³					m ɔ n						m ɯ̆ n ²								m i n	m ə̀̆/ə n v i̠/i k							m ʌ n	
352_64_makedov							m ɛː	m ɛ ²³			m ɛː	m ɛː ˩/¹										m ɛ ³⁴				m ɛː ¹	m ɛ̂ː/ɛ	m ɛ̂ː/ɛ				
356_65_moon			p l ɔ ŋ ²²	m ɑ̆ t ⁵⁴ r ɔɑ ŋ ³²					p l ɔː ŋ	t u ³³ p l oː ŋ ⁴³						m ă t t l ă n g	k l a ŋ ¹	p l a ŋ ¹	ʈ a ŋ ¹	m ă t ⁸/⁵³ ʈ ă ŋ ¹	m ă t ⁸/⁵³ l ă ŋ ¹		p l ɔː ŋ			p a l oː ŋ ¹	p a l ɔ̂ː/ɔː ŋ	p a l ɔ̀ː/ɔː ŋ	p l ɔ ŋ ²		p l ɔo ŋ	t r ǎ/a n g
358_65_moon															p a l a̤ n ²									p ŭ l ᵊ/ə + a n								
362_65_moon							t a ɽ a ³⁴ˀ/³⁴	m ă t ²³ t a r a ³²³			tʰ r aː	t r aː ³	p ɯ ɽ a ³⁴									tʰ a l a ³²⁴										
367_66_mountain																t ồ/o l	t oːə ²	t oː l ²	d oː n ²													
369_66_mountain	mᵊ ɬ uː ʔ		pʰ ʂ ɤ̆ w ¹²						pʰ l o w	pʰ l ə j ³³											r u ³		pʰ l uː		b l ú/u ʔ				pʰ r a w ³		pʰ l o w	
36_6_backofbody				l ɯ̆ ŋ ³²					l ɔ ŋ							l â/a n g	l ɨ ŋ ¹	l ə ŋ ¹		l ɨ ŋ ¹			kʰ l ɨ ŋ							l ʌ ŋ ¹	l ʌ ŋ	l ɨ ŋ ³³
370_66_mountain				n u j ³⁵							pʰ o n											pʰ ŏ n ³⁴³ˀ/³⁴³					pʰ ûː/uː	pʰ ûː/uː		n uː j ³		
371_66_mountain													k o n ³²	k ò/o l	k o n ²																	
374_66_mountain												c i r ɔ ŋ ³														ʔ a l oː ŋ ⁴						
375_66_mountain							ŋ k o ŋ ³⁴	ŋ k ɔ ŋ ²³																								
379_67_mouth							m ɛ ŋ ³⁴ˀ/³⁴	m ɛ ŋ ³³ˀ/³³		m aː ɲ ³¹	m ɛ ŋ ³	m ɛ ŋ ³										m ɜ̆ ɳ ³⁴										m iː ŋ ²¹²
37_6_backofbody		r o ŋʼ/ŋˀ	kʰ ʂ ɔ ŋ ¹²			k n d r ɔː ŋ						t u r ɔ ŋ ³																				
380_67_mouth			m ɔ m ²²													m ẹ/e nh/nʰ	m oː m ²	m oː m ²	m oː m ²	m o m ²									m ɔː m ¹			
382_67_mouth	k ᵊ/ə + ʌː ŋ	k ɛa̯ ŋʼ/ŋˀ											k a ŋ ³⁴ˀ/³⁴	k á/a ŋ	k a ŋ ³									k á/a ŋ	k aː ŋ ³		k ʌ̀ː/ʌː ŋ	k ʌ̀ː/ʌː ŋ				
387_68_navelumbilicous			s u n ¹² s u n ¹²	ð u n ³⁵ ð u n ³⁵				p a s u ɲ ³³ˀ/³³	s uː ɲ		m a s uː ɲ	m u s o̻ː/oː ɲ ³				tʰ ủ/u nh/nʰ	tʰ uː ɲ ³	s uː ɲ ³	s uː ɲ ³		ɲ ə ⁴ l o ⁶/⁵¹ t u n ³	m a s u ɳ ⁴	s uː n			pʰ a ɲ uː ɲ ³	p a s ṵ̂ː/uː n					r o ŋ ⁴⁵
388_68_navelumbilicous		u ɗ u h													ɕ i ɗ u l ³									d ŭ d uᵊ/uə h	d u d uː l ³							
38_6_backofbody															n u l ⁴									n u ó/o l	n uː l ⁴							
393_69_neck			k ɔ ³³ ʔ	k o ²¹²					k a w	k ɔo ⁴²⁴			k ou ³²ˀ/³²	k ó/o						k o ⁵			k oː								k a w	k oː ²¹⁴
394_69_neck																k e l	k ɛːə ¹	k ɛː l ¹	k ɛː n ¹													
395_69_neck																					h ɔː ŋ ⁴			t ə̆ k ẻ/e	t ə k iː ⁴							
396_69_neck							k a t ɔ ŋ ³⁴ˀ/³⁴	k a t ɔ ŋ ³³ˀ/³³			k ə t ɔː ŋ	k r t ɔː ŋ ³			n ɔ ŋ ⁴							k a t ă ŋ ³										
398_69_neck																										n əː t ³	n ʌ̰̂ː/ʌː t	n ʌ̰̂ː/ʌː t				
39_6_backofbody								t a k ɔ ŋ ³²³														t a k ɒ ŋ ³				k ɔː ŋ ¹	k ɔ̂ː/ɔː ŋ	k ɔ̂ː/ɔː ŋ				
402_70_new	t ᵊ/ə + m aː	m ɛa̯ h	b ɤ j ¹²	b ɤ j ³⁵	p a j	h mː e ʔ	t a m ɔ ³⁴	t a m ɔ ³²³	b aː j	b əː j ³⁴	t ə m ɔː	t r m ɔ̻ː/ɔː ³	b ɤi̯ ³⁴	b ɤ́i̯/ɤi̯	ɓ ɤi̯ ³	m ở/o i	m əː j ³	m əː j ³		m ə j ³		t a m ə ³²⁴	b əː j	b ə̀/ə j	b ɤ́i̯/ɤi̯		t a m âː/a:	t a m âː/a:	b əː j ³	b əː j ³	b aə j	m əːi̯ ⁴⁵
404_71_night			t e m ³²	t e m ³²					t ɛː m	t ɛe m ³³						t ê/e m				t e m ¹	ʔ e m ¹		t eː m						t eː m ¹	t eː m ¹	t ae m	ɗ eː m ³³
405_71_night		l ɯ mʼ/mˀ													l ɯ̆ m ⁴									l ɨ̣/ɨ m	l ú/u m							
406_71_night																										ʔ a m a h ³	ʔ a m á/a h	ʔ a m á/a h				
408_71_night							t a ŋ ɔ p ³⁴	t a ŋ ɔ p ⁴⁴				t ə ŋ oɔ p	t ə ŋ o p ³⁴	t u ɲ ɔ́/ɔ p																		
413_72_nose	m ʊ jʰ	m ŭ̀h/u	m u l ³¹	m u n ³¹	m ɔ h	m u h	m ui̯ ³	m u j ³³	m uː c	m uː c ³¹	m u jʰ	m ui ³	m u h ⁴	m u l	m u l ³	m ũi	m uː j ⁶/⁵¹	m uː j ⁴⁶/⁴⁵	m uː j ⁴⁶/⁴⁵	m u n ⁵	m u n ²	m ṵ jh/dʒʰ ³	m uː t	m u/w ʌ h	m uː lʰ ¹	m u jh/dʒʰ ¹	m ú/u ç	m ú/u s	m uː l ⁶/⁵¹	m uː n ⁵⁶/⁵⁵	m uː c	m ui̯ ²¹⁴
414_73_oldofthingsobjects									k oː							c ũ							k oː								k oː	k u ²¹⁴
415_73_oldofthingsobjects																								t ɨ̀/ɨ j t ɨ j	k a m ɐ̀/ɐ k ⁸/⁵³							
416_73_oldofthingsobjects															k ɯ ɽ a ¹							tʰ a l a ³²⁴					kʰ a l âː/a:	kʰ a l âː/a:				
418_73_oldofthingsobjects	k a w ʔ																									tʰ a w ¹						
419_73_oldofthingsobjects								t ɯ j ²³			t əː j	t ə̻ː/əː j ³																				
423_74_one	m oː c	m uʲ/ui̯ c	m o t ³¹	m o t ⁵⁴			m oi c ³	m o c ⁴⁴	m oː c	m oː t ³¹	m ɔ c	m oː c ˩/¹	m ui c ³⁴	m ó/o i c	m u c ⁴	m ô/o cʰ	m oː t ⁸/⁵³	m oː c ⁸/⁵³	m oː t ⁸/⁵³	m o t ⁸/⁵³	m o t ⁸/⁵³	m o c ³⁴	m oː t	m oi̠/oi̯ c	m ʊː c ⁸/⁵³	m uː t ¹	m í/i t	m í/i t	m oː t ⁸/⁵³	m oː t ⁸/⁵³	m uː c	m o k ²¹²
424_74_one					n ɛ j	m oː j																										
426_75_pathroad			t ɒ ŋ ⁵⁴	t a ŋ ³³									t ɯa ŋ ³²	t ə à/a ŋ	t a̤ ŋ ²					t a ŋ ² t i ¹ '/ʔ	ʔ a ŋ ² d i ¹			t ɨ à/a ŋ	t ɯ à̤/a̤ ŋ							d ư/u ờ/o n g
427_75_pathroad	kʰ a l aː ʔ	u r ɛa̯ ʔ					k u ɽ a ³⁴ˀ/³⁴	ʔ u ³³ r a ³³ˀ/³³ ʔ ɣ c ⁴⁴	kʰ l aː	kʰ l a ²⁴	k u r aː ³					kʰ ả/a	tʰ aː ³	kʰ aː ³	kʰ aː ³				k l aː			kʰ a l aː ²					kʰ l aː	
428_75_pathroad																											d aː n	d aː n				
42_7_barkoftree			p ɒ ³³ ʔ	v u/w ɔ ²¹²												p ọ/o	p ɔː ⁵	p ɔː ⁵	b ɔː ⁴⁶/⁴⁵	p ɔ ⁶/⁵¹	b ɔ ⁶/⁵¹					kʰ a b ɔ h ¹	kʰ a b ɔ́/ɔ h	kʰ a b ɔ́/ɔ h	p ɒː ⁵	v oa ⁵⁶/⁵⁵		v ɔː ²¹⁴
432_76_personorclassifierforhumans													ŋ ai̯ ⁴		ŋ ai̯ ²	n g ư/u ờ/o i				ŋ a j ²	ŋ a j ²			ŋ à/a j								ŋ ɨːi̯ ²¹
433_76_personorclassifierforhumans			k ɯɤ j ³¹	k u/w o j ³⁵																												
434_76_personorclassifierforhumans									k u n														k u n		k ɔː n ¹	k o n					k ɔ n	
435_76_personorclassifierforhumans		tɕ ʌ̀̆/ʌ m r ă u̯ʼ/u									kʰ o n											kʰ ŏ n ³										
436_76_personorclassifierforhumans	j a k																										ɲ á/a k	ɲ á/a k				
437_76_personorclassifierforhumans							m a l ɛ ŋ ³⁴	m a l ɛ̆ ɲ ²³				m a l ɛː ŋ ³		m a l i/j e ŋ																		
441_77_rain		m ì/i a	m ɒ ⁵⁴	m ɯɤ ³²		k m a ʔ			m aː	m a ⁴³					k u m a̤ ²	m ư/u a	m ɨa ¹	m ɨa ¹	m ɨa ¹	m ɨa ¹			kʰ m aː	k ŭ m ʌa	k u m ə̀a/əa ²				m ɐː ²	m ɨa ¹	m aː	m ɨə ³³
442_77_rain	m a l ʌː j																									m a l oː j ²	m a l ɨ̂ː/ɨ: j	b a l ɨ̂ː/ɨ: j				
443_77_rain							c ɯ ŋ ³⁴	c ɯ̆ ŋ ³²³			s ɨ ŋ	c ɨ ŋ ³	c ɯ ŋ ³²	c ɯ̀/ɯ ŋ								s ɯ ŋ ⁴										
446_78_red	t ɑʰ/a̤	i k aː lʼ/lˀ		d ɔ ²¹²			t ɔ ³	t ɔ ³³			t ɔ h	t ɔ̻/ɔ H/h	t ɔ ³²³	t ɔ̀/ɔ	t ɔ ⁴	t ó/o	t ɔː ⁵	t ɔː ⁵	d ɔː ⁵	t ɔ ⁵	ʔ ɔ ⁵	t ɔ h ³		t ɔ̣/ɔ	t ɔː ⁶/⁵¹	t ɔ h ¹	t ɔ́/ɔ h	t ɔ́/ɔ h		d ɔː ⁵⁶/⁵⁵		ɗ ɔː ²¹⁴
447_78_red									k ao n	k oː n ³³																					k ɔː l	
451_79_root		r ĭ̀h/i	l ɛ l ³¹ ʔ	l ɛ n ²¹²	ɟ ʔ e s	r i/j ə s	ɽ ɛ l ³	r ɛː l ³³		lˠ ɨə c ³¹	l ɛ l	l ɛ̻ː/ɛː r H/h	ɽ e̤ ³⁴	ʒ i/j e l	l ɛ l̥ ³	r a cʰ	r a c ²	tʰ a c ²	Â/a ɛ c ²	r ɛ t ⁸/⁵³		l ɛ l ³⁴		l i/j ɛʳʰ/ɛ	l i/j ɛ lʰ ¹	h ɛ h	h ɛ̤̀ h	h ɛ́/ɛ h	l ɛː l ⁶/⁵¹			r eː ²¹⁴
453_80_ropecord			c æ̃ k ³¹	c a k ⁵⁴											c a̤ k ⁴	cʰ a c	c aː k ⁸/⁵³	c aː k ⁸/⁵³		c a k ⁸/⁵³	t a k ⁸/⁵³ m u n ⁵			c ạ/a k	c ə̀a/əa k ⁸/⁵³				c ɐː k ⁸/⁵³	c aː k ⁸/⁵³		c aː k ²¹²
455_80_ropecord																										ʔ a t a l ¹	ʔ a t a n	ʔ a t â/a n				
456_80_ropecord											a t ɔ ŋ											ʔ a t ŏ ŋ ³²⁴										
45_7_barkoftree						h m p ɔː k	k a b ɔ k ³⁴	k a b ɔː k ⁴⁴ s a r ɤ̆ ŋ ³³			k ə p ɔː k s ə l ɔ ŋ	k u b ɔ k ³ c i r ɛ ŋ ³	k u b ɔ ⁴	k u p ɔ́/ɔ k	k u p ɔ k ³							kʰ a l ɒ k ³⁴										
461_81_round		t l ɔ̀ː/ɔː n	k l ɔ n ⁵⁴	r u/w ɔ n ³³			k a l u n ⁴⁵	k a l u n ²³					k l ɔ n ⁴	k l ɔ̀/ɔ n	k l ɔ n ²		k l ɔː n ²	k l ɔː n ²	ʈ ɔː n ²	ʈ ɔ n ²	ʔ l ɔ n ²			k l ɔ̀/ɔ n	t l ɔː n ²				k l ɔː n ²	ʐ oa n ²		ʈ ɔː ŋ ²¹
463_81_round						k l o m				k l o m ³³												k a l ŏ m ³²⁴					k a l ɔ̂/ɔ m	k a l ɔ̂/ɔ m				
466_82_runv			c ă l ³¹ ʔ	c ă n ⁵⁴												cʰ ặ/a l	c aə ⁴	c a l ⁴⁶/⁴⁵	c a n ⁴⁶/⁴⁵	c ă n ⁴	t ă n ⁴											c ai̯ ²¹²
467_82_runv									t ao ŋ														t oː ŋ			ʔ a t oː ŋ ¹	ʔ a t ôː/o: ŋ	ʔ a t ôː/o: ŋ			t ɔː ŋ	
468_82_runv															ʔ a ŋ ă i̯/i ³									t ə̆ ŋ ə́/ə j	a ŋ a j ³							
46_7_barkoftree	kʰ a l ɑː t																							k ă d u h k ᵊ/ə + ʌ j								
470_82_runv											a l ɔ ŋ											ʔ a l ɔ̰ ŋ ³²⁴										
471_82_runv								a z ɤ̆ l ³³ˀ/³³				a j ɜ l ³																				
474_83_salt	ɓ ʌː j ʔ	ɓ ɒːi̯ʼ/ɒːi̯	b æ̃ j ¹²	b ɔ j ³⁵				b ɔ j ³³ˀ/³³	b ɔː j		b ɔː j ³	ɓ ɔ̻ː/ɔː j H/h			ɓ ɔi̯ ³	b ỏ/o i	v ɔː j ³	b ɔː j ³	v ɔː j ³	v ɔ j ³	v ɔ j ³	b ɔ̰ j ³⁴³ˀ/³⁴³	b ɔː j	b ɔ́/ɔ j	b ɔː j ³	b ɔː j ¹	b ɔ̰̂ː/ɔː j	b ɔ̰̂ː/ɔː j	b ɒː j ³	b ɔː j ³	b ɔː j	m uːi̯ ⁴⁵
478_84_sand		t a k aːʲ/aːi̯ c		ɣ ɑ t ³⁵												c ái/ai cʰ	k aː c ⁷/⁵²	k aː c ⁷/⁵²		k ă c ⁷/⁵²				t ə̆ k ắ/a c	t ə k aː c ⁷/⁵²					ɣ aː t ⁷/⁵²		k aː k ⁴⁵
479_84_sand									kʰ l ɛː	kʰ l ɛ ²⁴													pʰ l ɛː								kʰ l ɛː	
480_84_sand							k a ɽ ɤ ŋ ³⁴	k a r ɤ ŋ ²³			kʰ r ɔː ŋ	k a r ɨa ŋ ³	k a ɽ a ŋ ⁴	k a ʒ əa ŋ	k a ɽ a̤ ŋ ²							kʰ a l ɤ ŋ ³										
481_84_sand																										tʰ ɛ h ²	tʰ ɛ́/ɛ h	ʔ a t á/a k tʰ ɛ́/ɛ h				
485_85_sayspeaktalkv																				n ɔ j ³	n ə̆ j ⁴											n ɔːi̯ ⁴⁵
486_85_sayspeaktalkv				c o n ³⁵									c o l ³⁴	c ó/o l	c o l ³	kʰ ể/e								c ỏ/o l	c oː l ³							
488_85_sayspeaktalkv									ɲ a w		k a n oː												kʰ ɲ a w				k a ɲ âw/au	k a ɲ âw/au			ɲ a w	
490_85_sayspeaktalkv							v ɤ̆u̯ ³⁴																			v a w ⁴						
495_86_seev																				t ə̆ j ³												tʰ əi̯ ⁴⁵
497_86_seev		tɕ ɯ ŋ		c ɯ̆ ŋ ³²			c ɯ ŋ ³⁴	c ɯ̆ ŋ ²³			c ʌ ŋ	c ə̻/ə ŋ ³		c ɯ ŋ	c ɯ̆ ŋ ¹							c ɤ̆ ŋ ³⁴		c ɨ ŋ								
498_86_seev			c o ³³ ʔ			g uː ɲ																										
499_86_seev									d aː m	d aː m ³³																					d aː m	
49_8_bellystomach		p ù̆/u ŋ							p o ŋ	p ou ŋ ³¹										p u ŋ ⁴	b u ŋ ⁴										p o ŋ	ɓ u ŋm ²¹²
4_1_1si		k ɯ̀̆/ɯ ʔ					k ɤ ³⁴ˀ/³⁴	k ɤ ³³ ʔ																								
501_86_seev																										n a h ⁴	ʔ a n á/a h	n ɛ́/ɛ h				
505_87_shadeshadow			p ɑ ŋ ¹² z ɤ̆ m ²²	p ɔ ŋ ³⁵ r ɤ̆ m ³²											p ɔ ŋ ³ 'sh/ˀsʰ a d e '/ʔ	p ỏ/o n g	p ɔː ŋ ³	p ɔː ŋ ³	b ɔː ŋ ³	p ɔ ŋ m ă c ⁷/⁵²	b ɔ ŋ ³ m ă c ⁷/⁵²								p ɒː ŋ ³	p ɔː ŋ ³		ɓ ɔ ŋm ⁴⁵
506_87_shadeshadow								ʂ ɯ̆ m ³³ˀ/³³ r ŭ m ³²³	ɣ ɔ m		ʰr u m	ʰr ɨ m ³											ʰl u m				h u m	h ɔ m			ʰl ɔ m	
509_88_sitv		ŋ ò/o i̯/i	ŋ o j ⁵⁴	ŋ o j ³³						ŋ oː j ⁴³					ŋ o̤i̯ ²	n g ồ/o i	ŋ oː j ²	ŋ oː j ²	ŋ oː j ²	ŋ o j ²				ŋ ù/u j	ŋ ò̤/o̤ i̯/i				ŋ oː j ²	ŋ oː j ²	ŋ uː j	ŋ oːi̯ ²¹
50_8_bellystomach	k u l u ŋ ʔ															t l ộ/o n g	k l oː ŋ ⁴	p l oː ŋ ⁴⁶/⁴⁵	ʈ oː ŋ ⁴⁶/⁴⁵				k l u ŋ				kʰ a l û/u ŋ	kʰ a l û/u ŋ				
511_88_sitv	c ʊ ŋ																									c u ŋ ²	c û/u ŋ	c û/u ŋ				
512_88_sitv							s a d u ³	s a d u ³³			s a d u h		t aˀ/a̤ d uʰ/ṳ ³⁴	t a d ú/u h								s a d o h ³										
516_89_skin				ð ɤa ³²												t a	t aː ¹	t aː ¹	t aː ¹	t a ¹	ʔ a ¹											j aː ³³
517_89_skin	kʰ a l ɑː t	a r u/w o̯ʲ/oi̯ c	kʰ ʂ ɔ t ¹²				k a r o t ³⁴	k a r o t ⁴⁴	kʰ l ao t	kʰ l oː t ²⁴	kʰ r ɔː t	a r oː t	k u ɽ o t ³⁴	k u ʒ ó/o t	k u ɽ o t ⁴							kʰ a l ɔ̰ t ³⁴	kʰ l oː t	k ă r ɔ́/ɔ t	k ə r oː t ⁷/⁵²	kʰ a l oː t ²		kʰ a l ôː/o: t			kʰ l ao t	
51_8_bellystomach			d u l ¹²	d u n ³⁵									k u d ɯ l ⁴	k u d ɯ́/ɯ l	k u ɗ ɤ̆ l ¹									k d ə l	k u d ə l ¹				d uː l ³	d uː n ³		
522_90_sleepv																				ŋ u ⁵												ŋ u ²¹⁴
523_90_sleepv	s ᵊ/ə + t ɪːʰ/i̤ː		t ɑ̆ j ³³ ʔ	t i ²¹²												t áy/ai												s a t í/i h				
525_90_sleepv									t ɔ ŋ														t ɨ ŋ								t ʌ ŋ	
526_90_sleepv							l ă m ³	l ă m ³²³ t a ŋ e c ⁴⁴		l a m ⁴³	n a m		l ɤ m ³²	l ɤ̀/ɤ m								n ă m ³²⁴				n a m ⁴	n â/a m					
527_90_sleepv															ɲ ă̤/a p ⁴									n ʌ́̆/ʌ p	n əá̤/əa̤ p							
52_8_bellystomach						l uː j																				kʰ a ʔ â/a l						
533_91_small																				ɲ ɔ ⁵												ɲ ɔː ²¹⁴
534_91_small			d ɛ t ¹²	d ɛ t ³⁵			d i t ³ d i t ³	d i t ⁴⁴	d iː t	d i t ³⁴	d i t d iː t					đ/ð é/e t						d ɪ t ³⁴									d iː t	
536_91_small												d i d é/e ɛ H/h	d ɛ ³² d ɛ h ³⁴	d ɛ d ɛ́/ɛ	ɗ ɛ ⁰ ɗ ɛ ³									d ɛ d ɛ̉/ɛ								
538_91_small																										ʔ iː t	ʔ ḭ̂ː/ḭː t	ʔ ḭ̂ː/ḭː t				
53_8_bellystomach							r oi c ³	s i n ³³ ʔ r ɔ c ⁴⁴ i n t e s t i n e s '/ʔ			ʰr ɔː c	r ɔ c ˩/¹										ɬ ɔ̰ c ³⁴										
542_92_smoke	k ᵊ/ə + h ɑː j ʔ	a h ɒːi̯ʼ/ɒːi̯	kʰ ɒ j ¹²	χ ɔ j ³⁵			k a h ɔi̯ ³⁴ˀ/³⁴	k a h ɔ j ³³ ʔ	kʰ ɔː j	kʰ ɔː j ²⁴	k ə h ɔː j ³	k u h ɔ̻́/ɔ j	k o h ɔi̯ ³⁴	k u h ɔ́i̯/ɔi̯	k u h ɔi̯ ³	kʰ ỏ/o i	kʰ ɔː j ³	kʰ ɔː j ³	kʰ ɔː j ³	x ɔ j ³		k a h ə j ³⁴³ˀ/³⁴³	kʰ ɔː j	k ăh/a ɔ́/ɔ j	k ə h ɔː j ³	k a h ɔː j ¹	k a h ɔ̰̂ː/ɔː j	k a h ɔ̰̂ː/ɔː j	kʰ ɒː j ³	kʰ ɔː j ³	kʰ ɔː j	x ɔːi̯ ⁴⁵
546_93_standstandupintrv	t ɨ ŋ ʔ	t ɯ̆ ŋʼ/ŋˀ	t ɯ̆ ŋ ³¹	t ɯ̆ ŋ ⁵⁴			t ɯ ŋ ³	t ɯ̆ ŋ ³³ ʔ	t ɔ ŋ	t ə ŋ ³¹	t ɨ ŋ ³	t ɨ ŋ ǀ/i ³	t ɯ̆ ŋ ³⁴ˀ/³⁴	t ɯ́/ɯ ŋ	t ɯ̆ ŋ ³					t ɨ ŋ ³ j ə̆ n ⁴		t ɯ̰̆ ŋ ³⁴³ˀ/³⁴³	t ɨ ŋ	t ɨ̉/ɨ ŋ	t ɨ ŋ ⁶/⁵¹	t ɨ ŋ ¹	t ɨ̂/ɨ ŋ	t ɨ̂/ɨ ŋ			t ʌ ŋ	ɗ ɨ ŋ ⁴⁵
547_93_standstandupintrv					h ɲ ɟ a ɲ											cʰ ọ/o n g																
550_94_star			kʰ ʂ ɑ w ²²	ʂ ɑ w ³²												kʰ ao	kʰ aː w ¹	kʰ aː w ¹	kʰ aː w ¹	ʃ a w ¹									kʰ r aː w ¹	ʂ aː w ¹		s aːu̯ ³³
551_94_star									b aɛ	t u ³³ b a j ³³													k b eː								b ae	
552_94_star						s r m e ɲ							k u m i ɲ ⁴	k u m i ɲ	k u m ĭ ŋ ¹									k ŭ m i ɲ	k u m í/i ŋ							
553_94_star		t l ɔː					k a l o ³⁴ˀ/³⁴	k a l o ³²³			k a l o ³⁴ˀ/³⁴	k l ou ³										k a l ɔ ³²⁴										
554_94_star	ʔ a k ɑː l ʔ																									ʔ a k ɔː l ³	ʔ a k ɔ̰̂ː/ɔː n	ʔ a k ɔ̰̂ː/ɔː n				
557_95_stone		a t ɛa̯ ʔ	t ɑ ¹²	ð ɤɑ ³⁵					t aː	t a ⁴²⁴			l a t a ³⁴	t a t á/a	t a ⁰ t a ³					t a ³	t a ³		t aː	l a t á/a	t aː ³				t aː ³	δ/ð aː ³	t aː	ɗ aː ⁴⁵
558_95_stone																kʰ ũ	kʰ uː ⁴	f uː ⁴	kʰ uː ⁴													
559_95_stone	k ᶤ/ɨ + ʌː jʰ						k ə ai̯ ³	k ɤ j ³³				k əa j H/h														k i h ³	k í/i h	k í/i h				
560_95_stone											k ɔː n k ɜː l ³											k ɔ n k ɤ l ³										
563_96_sweet	ŋ ɔː c	ŋ ɒ c	ŋ ɔ t ³¹	ŋ ɔ t ⁵⁴					ŋ ɔː c		ŋ ɔ c				t a ŋ ɔ c ³	n g o cʰ	ŋ ɔː c ⁸/⁵³	ŋ ɔː c ⁸/⁵³	ŋ ɔː c ⁸/⁵³	ŋ ɔː t ⁸/⁵³		ŋ ɔ c ³⁴	ŋ ɔː t	t ə̆ ŋ ɔ́/ɔ c	t ə ŋ ɔː c ⁷/⁵²		ŋ ɔ̰̂ː/ɔː t	ŋ ɔ̰̂ː/ɔː t	ŋ ɔː t ⁸/⁵³	ŋ ɔː t ⁸/⁵³	ŋ ɔː c	ŋ ɔː k ²¹²
564_96_sweet								m b a t ⁴⁴				m ɓ a t																				
567_97_sucklesuckonbreastformilkv		p u ʔ				b u ʔ									ʔ a ɓ u c ³									p ú/u	p u p uː ⁴							ɓ u ⁴⁵
568_97_sucklesuckonbreastformilkv			ʔ u ¹²	ʔ u ³⁵				ʔ u ³³ˀ/³³			ʔ uː ³	ʔ o̻/o ³				ủ/u	ʔ uː ³	ʔ uː ³		ʔ u ³		ʔ ṵ̃ ³⁴³ˀ/³⁴³				ʔ uː ³	ʔ ûː/uː	ʔ ûː/uː	ʔ uː ³	ʔ uː ³		
569_97_sucklesuckonbreastformilkv									n o w														n uː								n o w	
56_9_biglarge																l ở/o n																l əː ŋ ⁴⁵
572_98_swimv			p ɤ j ²²	b ɤ j ³²			u p ɤi̯	ʔ u p ɤ j ³³ˀ/³³	p əː j	p əː j ³³			b ɤi̯ ³⁴	p ɯi̯		p ơ/o i									p ɤi̯						p əː j	ɓ əːi̯ ³³
574_98_swimv															ʔ a ʑ a ¹									a j a								
577_98_swimv											l ɔː j	l ɔː c ³										l ɔ j ³⁴					l ô̤ː/o̤ː j					
57_9_biglarge									n eː	n e ³¹										n ə̆ j ⁴			n eː								n iː	
581_99_tail		t ù/u o̯i̯/oi̯	t ɔ j ⁵⁴	t ɔa j ³³			t ɔi̯ ³⁴	t ɔ j ³²³	t ɔː j	t ɔo j ³¹ t ɔo j ⁴³	t uː j	t oɔ j ³	t u̯/w oi̯ ³²	t u ò/o i̯/i	t ɔ̤i̯ ²	t u ô/o i	t u/w o j ¹	t u/w o j ¹		t u j ¹	ʔ u/w o j ¹		t ɔː j	t u ò/o j	t u/w e j ²	t oː j ¹	t ɨː j	t ɨ̂ː/ɨ: j	t ɔː j ²	δ/ð u/w ə j ²	t oː j	đ/ð u ô/o i
583_99_tail					h a t ĩ ʔ	h n t a ʔ																										
584_100_thick									t a j						k a t ɤ̆i̯ ²	t à/a y	t a j ²	t a j ²	t a j ²	t ă j ²	ʔ ă j ²		k t a j	k u t ɨ é/e j						δ/ð əa j ²	t a j	j ai̯ ²¹
585_100_thick	k a ɓ oː	u ɓ ă u̯/u			t a b ɛ l	h m b ɨ l					k a b uː											k a p u ³				k b uː	k a b ûː/uː	k a b ûː/uː				
586_100_thick								s a k ɯ̆ n ³²³				c i k ɨ n ³																				
587_101_thigh			t u j ⁵⁴	d u j ³³																												ɗ ui̯ ²¹
588_101_thigh		u l ă u̯/u			b l ɨ ʔ	b l u ʔ									p a l u ¹	l u	b l uː ¹							p ŭ l u	p ə l uː ¹	m a l uː ²	m a l ûː/uː	b a l ûː/uː				
589_101_thigh																				ʈ a j ³ p e n ³	ʔ l a j ³ b e n ³											
58_9_biglarge															m ɤ̤̆ m ²									mᵊ à/a m								
590_101_thigh									p a p aː														k p aː						p aː ⁵		k p aː	
591_101_thigh								t a p e l ²³			t a p ɛː l	t a p e̻ː/eː H/h	t ə p eː l ¹	t ə p eː l ¹								t a p ɛ l ³²⁴										
593_102_thisproximaldemonstrative			n i ²²	n i ³³		n i ʔ	n i ⁴	n i ³³	n əi	n əi ³³			a n i ⁴	a n i	ʔ i n i ¹	n ì/i				n ă j ¹		t a n i ³	n iː	n i	n i				n aː ³	n aː ³	n ei	n ai̯ ²¹
595_102_thisproximaldemonstrative																										ʔ a l iː ¹	l îː/iː	ʔ a l îː/iː				
598_103_tiebindv																t l ỏ/o i	k l ɔː j ³	k l ɔː j ³		ʈ ɔ j ³	ʔ l ɔ j ³											t r ó/o i
599_103_tiebindv		n̩ ɗʑ/dʑ ʌ̆ t	s ă t ³¹	tʰ ă t ³⁵																												
5_1_1si	k a n																									k a n ³	k â/a n	k â/a n				
600_103_tiebindv									p ɨa k														p i/j a k			p oː k ¹	p ɔ̤̂ː/ɔ̤ː k	p ɔ̀ː/ɔː k			p i/j a k	
601_103_tiebindv								z ɤ̆ k ²³				j ʌ k ³			ʄ ă k ³									ʔ j ă k								
608_104_tongue	l a jʰ	l ì/i e̯/e h	l ɑ l ³¹	l a n ³¹ ʔ			l ai̯ ³	l a j ³³	l aː c	l aː c ³¹	l aː lʰ	l aː j H/h	n l ə aɯ̯ ⁴	l əá/əa l	l a̤ ɽ ⁴	l ạ/a i	l aː j ⁶/⁵¹	l aː j ⁴⁶/⁴⁵	l aː j ⁴⁶/⁴⁵			l a l ³	l aː t	l ᵊ/ə + a r l	l ə̀a/əa lʰ ²	l a jh/dʒʰ ¹	l á/a ç	l á/a s	l ɐː l ⁶/⁵¹	l aː n ⁵⁶/⁵⁵	l aː c	l ɨːi̯ ²¹⁴
609_104_tongue					l n t e k	h n t aː k																										
60_9_biglarge																										ʔ i h	ʔ í/i h	ʔ í/i h				
611_105_tooth	k a s ᵊ/ə + a ŋ	a tʰ ă ŋ		s ă ŋ ³²		ʰr aː ŋ	k a s ă ŋ ³⁴ˀ/³⁴	k a s ă ŋ ³²³			k a s a ŋ	k a s a ŋ ³	k a ɕ ă ŋ ⁴	k a ʃ ǎ/a ŋ	k a ɕ ă ŋ ¹	tʰ ă n g		s a ŋ ¹	s a ŋ ¹	t ă ŋ ¹		k a s ă ŋ ³		k à/a s ă ŋ	k ə s a ŋ ¹	k s a ŋ ¹	k a s â/a ŋ	k a s â/a ŋ				r ǎ/a n g
612_105_tooth			n ɛ ŋ ²²							n ɛ ɲ ³³																						
615_106_tree			k ɤ̆ l ²²	ɣ ɤ̆ n ³³			k ɯ l ⁵	k ɯ̆ l ²³	k ɔ n	k ə n ⁴³	k i l		k ɤi̯ ³²	k ɤ̀i̯/ɤi̯	k ɤ̤̆i̯/ɤ̤i̯ ²	c â/a l	k aə ¹	k ə l ¹	k ə n ¹	k ə n ¹		k i l ³	k a w	k ᵊ/ə + ʌ j	k ə j ¹				k ʌ l ²		k ʌ l	c â/a y
616_106_tree		tɕ i r ʌ̀̆/ʌ ŋ										c i r ɜ ŋ ³																				
617_106_tree																										tʰ a ŋ ²	l a m tʰ ʌ̤̀ ŋ	l â/a m tʰ ʌ̀/ʌ ŋ				
618_106_tree	s i l ᵊ/ə + ʌ ŋ				ɟh/ɟʰ ũ ʔ																											
61_9_biglarge					b ə w		k i ³⁴ˀ/³⁴	k i ³³ ʔ			k eː	k e ³	k i̤ ³⁴	k é/e								k ḛ ³⁴³ˀ/³⁴³										
621_107_two	h aːʳ/aː l	h ɛa̯ l	h ɑ l ²²	h a n ³²			h a l ³	h a l ²³	h aː n	h aː n ³³	h aː l	h a rː	h a l ⁴	h a l	h a l ¹	h a l	h aːə ¹	h aː l ¹	h aː n ¹	h a n ¹	h a n ¹	h a l ³⁴	h aː l	h a l	h aː l ¹	h aː l ¹	h âː/a: n	h âː/a: n	h aː l ¹	h aː n ¹	h aː l	h aːi̯ ³³
625_108_walkgobyfootv		t ìː/iː	t i ⁵⁴	t i ³³					t əi	t ə j ⁴³					t i ²	t i	t iː ¹	t iː ¹	d iː ¹	t i ¹	ʔ i ¹		t iː	t i	t iː ²	t iː ¹			t iː ²	t iː ²	t ei	ɗ i ³³
626_108_walkgobyfootv																											ʔ a ɲ ʌ̤̀ ŋ	ʔ a ɲ aː ŋ				
627_108_walkgobyfootv							ʔ ɤi c ³⁴	ʔ ɤ c ²³			ʔ ɔː c	ʔ əː c	ʔ ɤi c ³⁴	ái/ai c								ʔ ɤ c ³⁴										
631_109_warm			ʔ ɤ̆ m ¹²	ʔ ɤ̆ m ³⁵		h ʔ ɨ m	t a ʔ ɯ m ³ˀ/³			ʔ o m ⁴³⁴						ẩ/a m	ʔ ə m ³	ʔ ə m ³		ə̆ m ¹ ə̆ m ³	ə̆ m ³	t a ʔ ɯ̆ m ³⁴³ˀ/³⁴³			k ə ʔ á/a m				ʔ ʌ m ³	ʔ ʌ m ³		ʔ ə m ⁴⁵
632_109_warm																							tʰ əː l	t ɨ́/ɨ l							tʰ əː l	
634_109_warm	t i ŋ	t i ɲ											t e ɲ ⁴	t i ɲ	t ĭ ŋ ¹											p t i ŋ ¹	p a t î/i ŋ					
638_110_water	ɗ aː k	ɗ ɛa̯ k	d ɑ k ¹²	d ɑ k ³⁵			d a k ³	d a k ⁴⁴	d aː k	d aː k ²⁴	d aː k	d aː k ³	d a k ³⁴	d á/a k	ɗ a k ³	đ/ð á/a c	r aː k ⁷/⁵²	d aː k ⁷/⁵²	r aː k ⁷/⁵²	d j a k ⁷/⁵²	d j a k ⁷/⁵²	d a k ⁴	d aː k	d á/a k	d aː k ⁷/⁵²	d aː k ¹	d â̰ː/aː k	d â̰ː/aː k	d aː k ⁷/⁵²	d aː k ⁷/⁵²	d aː k	n ɨː k ⁴⁵
642_111_weepcryv		a ʑ ì/i e̯/e mʼ/mˀ	ɲ æ̃ m ³¹	ɲ ɑ m ⁵⁴	ɟ i m	j aː m		z ɤa m ³³ˀ/³³	j aː m		a j ɒː m ³	j ɨa m H/h			ʑ ă̤/a m ⁴	nh/nʰ ạ/a m	ɲ aː m ⁴	ɲ aː m ⁴	ɲ aː m ⁴	ɲ a m ⁴		z ɤ̰ m ³⁴³ˀ/³⁴³	ɲ aː m	j ạ/a m	j ə à/a m ⁴	ʔ a h iː m ³	ʔ a h îː/iː m	ʔ a h îː/iː m	ɲ ɐː m ⁴	ɲ ɐː m ⁴	j aː m	
643_112_whatinterrogative																									k ɛ́/ɛ							j i ²¹
644_112_whatinterrogative			c i ²²				c i ³⁴	n e w ²³ t i ²³	c iː	c i ³³			n c i ³²	k ɛ ʔ ɯ n c i		cʰ i				s i ¹	c i ¹										c iː	
646_112_whatinterrogative		a m ɯ̆ h				ʰm ə h									c a m ɤ ³							m ʌ		c ă m ə́/ə								
647_112_whatinterrogative																										ʔ a h əː ³	ʔ a h ʌ̂ː/ʌː	ʔ a h ʌ̂ː/ʌː				
649_113_white				t ă ŋ ³⁵																ʈ ă ŋ ³	l ă ŋ ³											t r á/a n g
64_10_bird	ʔ a c ɪː m ʔ	i tɕ iː m	c i m ²²	c i m ³²		s iː m			c iː m	c i m ³³					ʔ a c i m ¹	cʰ i m	c iː m ¹	c iː m ¹	c iː m ¹	s ɨ m ¹	c ɨ m ¹		c iː m	ĭ c i m	c iː m ¹	c iː m ¹			c iː m ¹	c iː m ¹	c iː m	c i m ³³
650_113_white	l ɑː k					k l ɔː k	l ɔ k ³	l ɔ k ⁴⁴	p l ɔː k		k ə l ɔ k p ə l o k	l ɔ̻ː/ɔː k				l o c	l ɔː k ⁸/⁵³	l ɔː k ⁸/⁵³					p l ɔː k			l ɔː k ³	l ɔ̰̂ː/ɔː k	l ɔ̰̂ː/ɔː k			p l ɔ k	
651_113_white			p ɒ k ³¹							p aː k ³¹																			p ɐː k ⁸/⁵³			
652_113_white													t ə k a l ⁴	t ɯ k a l	t a k a l ¹							l ɒ k ³⁴		t ə̆ k a l	c a k a l							
656_114_whointerrogative			ʔ e ²²	ʔ e ³²					ʔ aɛ	ʔ aɛ ³³					ʔ a ʔ ai̯ ¹	ay/ai	ʔ aː j ¹	ʔ aː j ¹		a j ¹	a j ¹		ʔ eː	ʔ a j	ʔ ǎ/a j				ʔ eː ¹	ʔ eː ¹	ʔ ae	ʔ aːi̯ ³³
658_114_whointerrogative							n e ³⁴																			n oː ¹	n ɨ̂ː/ɨ:	n ɨ̂ː/ɨ:				
659_114_whointerrogative											ə v ɛː		l ɔ ŋ ⁴ o β e ⁴	u v e								ʔ a v ɛ ³										
65_10_bird																											ʔ a c ɔ̂ː/ɔː j	ʔ a c ɔ̂ː/ɔː j				
662_115_wide		r ò/o ŋʼ/ŋˀ		l ɔ ŋ ³¹					ɣ oː ŋ							r ộ/o n g	ʐ oː ŋ ⁴	tʰ oː ŋ ⁴⁶/⁴⁵						ʒ u ọ/o ŋ					r oː ŋ ⁴	ʐ ɔː ŋ ¹	ʰl oː ŋ	r ɔ ŋm ²¹²
663_115_wide								kʷ a ŋ ³³ˀ/³³			kʷ aː ŋ	kʷ áː/aː ŋ ³															k ṵ̂/ṵ a ŋ	k ṵ̂/ṵ a ŋ				
666_116_windair	k a j ɑː ʔ	k a ʑ ɒ ʔ	s ɒ ¹²	z ɔɑ ³⁵				k a z ɔ ³³ˀ/³³	j ɔː		k ə j ɔː	k u j ɔː ³			k u ʑ ɔ ³	x ỏ/o	s ɔː ³	s ɔː ³	s ɔː ³	s ɔ ³		k a ³ z ɔ ³⁴³ˀ/³⁴³	k ă j ɔː	k ă j ɔ̉/ɔ	k ə j ɔː ³	k j uː ¹	k a j ṵ̂ː/uː	k a j ṵ̂ː/uː	s ɒː ³	j u/w a ³	j ɔː	j ɔː ⁴⁵
66_10_bird							ʔ o ³⁴ˀ/³⁴	ʔ o ³³ ʔ			ʔ ɔː ³	ʔ o ³	ʔ o ³⁴	ʔ ó/o								ʔ ɔ̰ ³⁴³ˀ/³⁴³										
69_11_bitev																c ả/a nh/nʰ	k a ɲ ³	k a ɲ ³		k ă n ³	k ă ɲ ³	k ĭ ɳ ³⁴³ˀ/³⁴³										c á/a n
70_11_bitev		k ă mʼ/mˀ	k ɑ̆ m ³¹	k ă m ⁵⁴											k ɤ̤̆ m ⁴									k ᵊ/ə + ʌ̣/ʌ m	k ɐ̀/ɐ m ⁴				k a m ⁴	k a m ⁴		
71_11_bitev							k a t ³	k a t ⁴⁴	k aː t	k aː t ³⁴	k aː t	c i k ə t	k a t ³⁴	k á/a t									k aː t				k â̰ː/aː t	k â̰ː/aː t			k aː t	
75_12_bitter			t ɑ̆ ŋ ¹²	t ă ŋ ³⁵		c a ŋ		t ă ŋ ³³ˀ/³³	t a ŋ		t a ŋ ³	t á/a ŋ ³	t a ŋ ʔ	t a ŋ ³	t ă ŋ ³	t ẳ/a n g	t a ŋ ³	t a ŋ ³	t a ŋ ³	t ă ŋ ³	ʔ ă ŋ ³	t ă̰ ŋ ³⁴³ˀ/³⁴³	t a ŋ	ə t ǎ͗/a ŋ	t a ŋ ³	t a ŋ ⁴	t â̰/a ŋ	t â̰/a ŋ	t a ŋ ³	t a ŋ ³	t a ŋ	ɗ a ŋ ⁴⁵
79_13_black				d ɛ n ³²						d ɛ n ³³			t ɛ n ⁴	t ɛ n	t ɛ n ¹					t ɛ n ¹	ʔ ɛ n ¹			t ɛ n t ɛ n	t ɛ n							ɗ ɛː ŋ ³³
80_13_black			z ɤ̆ m ²²													d ầ/a m	j ə m ¹	j ə m ¹	j ə m ¹													
83_13_black	ɲ ɨ m						ɲ ɯ m ³⁴	ɲ ɯ̆ m ²³			ɲ ɨ m ʔ	ɲ ɨ m ³										ɳ ɯ̆ m ³⁴				ɲ u m ²	ɲ û/u m	ɲ û/u m				
87_14_blood			m ɑ̆ w ¹²	m ăw/au ³⁵												m ả/a u	m a w ³	m a w ³	m a w ³	m a w ³						t a m uː ¹	t a m ṵ̂ː/uː	t a m ṵ̂ː/uː				m au̯ ⁴⁵
89_14_blood	p a s aː m ʔ	a tʰ ɛa̯ mʼ/mˀ					a s a m ³⁴ˀ/³⁴	a s a m ³³ˀ/³³		s aː m ³⁴	a s aː m	a s ə m ³	a s a m ³⁴	a ʃ á/a m	ʔ a ɕ a m ³								s aː m	ă/a s ả/a m	a s aː m ³						s aː m	
90_14_blood					bʱ ɨ̃ m	m aː m																										
91_15_blowwithmouthv			tʰ u l ³³ ʔ	tʰ ɑ n ³¹ ʔ				t u l ³³ ʔ	t uː c		t uː l ³	u t oː l ³			tʰ u l ¹	h ủ/u l	tʰ oː j ⁵	h oː l ⁵		t o n ⁵	t u n ⁵		t uː t	tʰ uː l	tʰ uː lʰ ¹	tʰ uː l ¹		tʰ ṵ̂ː/uː n	tʰ uː l ⁵	tʰ uː n ⁵⁶/⁵⁵	t uː c	tʰ oːi̯ ²¹⁴
93_15_blowwithmouthv					pʰ o s																						p û/u t					
96_16_bone	k a ʝ ɪːᵊ/ɪːə ŋ	ɕ ie̯ ŋ	s ɯɤ ŋ ²²	s ɯɤ ŋ ³²	ɟ ʔ e ŋ	c ʔ aː ŋ	c əa ŋ ⁵	c ɤ ŋ ²³		s ɨə ŋ ³³	s ɒ ŋ	c əa ŋ ˩/¹	s a ɲ ⁴³	ʃ à/a ŋ	ɕ a ŋ ²	x i ê/e n g	s ɨa ŋ ¹	s ɨa ŋ ¹	s ɨa ŋ ¹	s ɨə ŋ ¹	s ɨə ŋ ¹	s ɤ ŋ ³		s à/a ŋ	s aː ŋ ²				s ɨə ŋ ¹	s ɨa ŋ ¹		s ɨː ŋ ³³
97_16_bone																										t k oː k ²	t a k ôː/o: k	t a k ôː/o: k				
99_17_breastudder	p ᵊʰ/ə̤ n uː ʔ					b u ʔ	p a n u ³⁴ˀ/³⁴	p a n u ³³ ʔ	n o w	n ou ⁴³⁴	p a n uː ³	p r n uː ˩/¹	p ɯ n ṳ ³⁴	p u		p ủ/u	p uː ³	p uː ³				p a n ṵ ³⁴³ˀ/³⁴³	n uː			p a n uː					n o w	v u ⁴⁵
