Cognate_ID,Anonimo,Apuri,Apurimac,Arma,Atalla,Ayacucho,Azuay,Bobonaza,Cacra-Hongos,Chachapoyas,Chacpar,Chetilla,Chipaya,Curva,Cuzco,CuzquenoAntiguo,Huallaga,Huanca,Huancane,Huangascar,HuarazHuailas,Imbabura,Inkawasi,Iruhito,Jaqaru,Jauja,Kawki,Lamas,Laraos,Lincha-Tana,Maragua,Napo,Pacaraos,Pastaza,Pocona,Puki,Puno,Putumayo,Raimondi,SanPedro,Santiagueno,SantoTomas,Serena,Sullkatiti,Taquile,Tarma,Troje,Tsimu,Wari,Yanac
0_109_besick,,,,,,,u n g u + k u + n a,,,,,,,,,,,,,,,,,,,,,,,,,,,,,,,,,,,,,,,,,,,
0_133_biteto,,,,,,,k a n i + n a,,,,,,,,,,,,,,,,,,,,,,,,,,,,,,,,,,,,,,,,,,,
1000_105_youngfemale,,,,,,,,,,,,,,,,,,w a m l a,,,,,,,,w a m l a,,,,,,,,,,,,,,,,,,,,,,,,
1000_106_youngmale,,,,,,,,,,,,w a m r a,,,,,,,,,,,,,,,,,,,,,w a m ɾ a,,,,,,,,,,,,,,,,,
1002_106_youngmale,w ai n a,,w ai n a,,,,,,,w ai n a,,,,w ai n a,w ai n a,w ai n a,,,,,,,,,,,,w ai n a,,,w ai n a,,,w ai n a,w ai n a,,w ai n a,,,,w ai n a,w ai n a,,,w ai n a,,,,,
1003_105_youngfemale,,,,,,,,m a l t a,,,,,,,,,,,,,,,,,,,,,,,,m a l t a,,,,,,,,,,,m a l t a,,,,,,,
1003_106_youngmale,,,,,,,,m a l t a,,,,,,,,,,,,,,,,,,,,,,,,m a l t a,,,,,,,,,,,m a l t a,,,,,,,
1006_106_youngmale,,,,,,,,,,,,,,,,,,w a l a ʂ,,,,,,,,w a l a ʂ,,,,,,,,,,,,,,,,,,,,w a l a ʃ,,,,
1007_82_cloud,,,,,,,,,p u k u t ai,,p u k u t eː,p u k u t ai,,,,,p u k u t ai,p u k u t ai,,,p u k u t ai,,p u k t ai,,,p u k u t ai,,,p u k u t ai,p u k u t ai,,,p u k u t ai,,,,,,p u k u t ai,,,,,,,p u g u t ai,,,p u k u t ai,p u k u t eː
1010_100_green,,,,,,,,,,,,,,,,,,,,,,,,,,,,,,,,,,k i ʎ u,,,,,,,,,,,,,,,,
1010_101_yellow,k e ʎ ɔ,,q i ʎ u,χ i ʎ u,χ i ʎ u,χ e ʎ u,k i ʎ u,k i ʎ u,,k i dʑ u,,,,qʼ i ʎ u,qʼ i ʎ u,χ i ʎ u,,,,,,k i ʎ u,,,,,,k i dʑ u,,,qʼ i ʎ u,k i ʎ u,,k i ʎ u,qʼ i ʎ u,,qʼ i ʎ u,x i ʎ u,,,q ɪ ʒ u,q i ʎ o,k i ʎ u,,qʼ i ʎ u,,k i ʒ u,,,
1011_118_cold,tʃ i r i,tʃ i ɾ i,tʃ i r i,tʃ i ɾ i,tʃ i r i,tʃ i ɾ i,tʃ i ɾ i,tʃ i r i,,tʃ i r i,,tʃ i r i,,tʃ i r i,tʃ i r i,tʃ i r i,,,,tʃ i ɾ i,,tʃ i ɾ i,,,,,,tʃ i r i,,tʃ i ɾ i,tʃ i r i,tʃ i r i,,tʃ i r i,tʃ i r i,,tʃ i r i,tʃ i r i,,tʃ i ɾ i,tʃ i ɾ i,tʃ i r i,tʃ i r i,,tʃ i r i,,tʃ i r i,,,
1012_118_cold,,a l a l ai,,,,,,,a l a l ai,,a l a,,,,,,,a l a l a ʔ,,a l a l ai,a l aː l ai,,,,,a l a l a ʔ,,,a l a l a,a l a l ai,,,a l a l ai,,,,,,a l aː l ai,a l a l ai,,,,,,a l a l a,,,a l aː l ai,a l a l a
1013_118_cold,,,,,,,,,,,,,,,,,,,,,,,,h iː p uː,,,,,,,,,,,,,,,,,,,,,,,,k iː p uː,,
1016_102_big,,,,,,,,,,,,,,,,,,,h a tʃʼ a,,,,,,a x tsʼ a,,a s ʈʂʼ a,,,,,,,,,h a tʃʼ a,,,,,,,,h a tʃʼ a,,,,,,
1018_104_small,,,,,,,,,,,,,,,,,,,,,,,,,u t j i t j a,,i t j i t j a,,,,,,,,,,,,,,,,,,,,,,,
1019_124_cometo,h a m u + n i,h a m u,h a m u,h a m u,h a m u,h a m u,ʃ a m u + n a,ʃ a m u + n a,h a m u,ʃ a m u,ʃ a m u,ʃ a m u,,h a m u,h a m u,h a m u + n i,ʃ a m u,ʂ a m u,,h a m u,ʃ a m u,ʃ a m u + n a,ʃ a m u,,,,,ʃ a m u,h a m u,h a m u,h a m u,ʃ a m u + n a,ʃ a m u,ʃ a m u + n a,h a m u,,h a m u,s a m u,ʃ a m u,h a m u,a m u,χ a m u + n i,ʃ a m u,,h a m u,ʃ a m u,ʃ a m u,,ʃ a m u,ʃ a m u
101_113_empty,,,,,,,,,,,,,,,,,h aː k u + χ,h a l k u + ʂ a,,,,,,,,h a l k u + ʂ a,,,,,,,,,,,,,,,,,,,,,,,,
1020_103_highup,,,,,,,,,,,,,,,,,,,,,,,,,,,,,,,p a t a,,,,p a t a,,,,,,,,,,,,,,,
1021_104_small,,t a k s a,t a k s a,t a k s a,t a k s a,t a k s a,,,t a k s a,,,t a k ʃ a,,,,,,t a k ʂ a,,t a k s a,t a k ʃ a,,t a k ʃ a,,,t a k ʂ a,,t a k ʃ a,,t a k s a,,,,,,,,,t a k ʃ a,t a k s a,,,,,,t a k ʃ a,,,t a k ʃ a,
1023_104_small,,,tʃ i k i,,,,,,,,,,,,,,,,,,,,,,,,,,,,,,,,,,,,,,,,,,,,,,,
1024_105_youngfemale,,,,,,,w a m b ɾ a,,,,,,,,,,,,,,,,,,,,,,,,,,,,,,,,,,,,,,,,w a m b r a,,,
1024_106_youngmale,,,,,,,w a m b ɾ a,,,,,,,,,,,,,,,x a t u n + w a m b ɾ a,,,,,,,,,,,,,,,,,,,,,,,,,w a m b r a,,,
1026_105_youngfemale,,,,p a s ɲ a,,p a s ɲ a,,,,,,,,,,,,,,,,,,,,,,,,,,,,,,,,,,,,,,,,,,,,
1026_106_youngmale,,,p a s ɲ a,,,,,,,,,,,,,,,,,,,,,,,,,,,,,,,,,,,,,,,,,,,,,,,
1027_135_lickto,,,l au q a,,,,,ʎ au k a + n a,,,,,,,,,,,,,,,,,,,,,,,,ʎ au k a + n a,,l au k a + n a,,,,,,,,,ʎ au k a,,,,,,,
1027_63_sistermans,,,,,,,,,,,,,k u ʎ a k a,,,,,,,,,,,,,,,,,,,,,,,,,,,,,,,,,,,,,
1028_146_cryto,w a k a + n i,w a q a,w a q a,,w a χ a,w a χ a,w a k a + n a,w a k a + n a,w a q a,w a k a,w a ʁ a,w a ʁ a,,w a q a,w a q a,w a k a + n i,w a q a,w a ʔ ai,,w a q a,w a q ai,w a k a + n a,w a ʁ a,,,w a ʔ ai,,w a k a,w a q a,w a q a,w a q a,w a k a + n a,w a ʁ a,w a k a + n a,w a ʁ a,,w a q a,w a k a,w a q ai,w a q a,w a χ ai,w a k a + n i,w a k a,,w a q a,w a χ a,w a k a,,w a q ai,w a q a
1029_135_lickto,,,,,,,,,,,,,,,,,,,,,,,,,,,,,,,,,,,,,,,,,,,,,,,ʎ a w a + n a,,,
1029_61_brothermans,,,,,,,,,,,,,h i l a,,,,,,,,,,,,,,,,,,,,,,,,,,,,,,,,,,,,,
102_101_yellow,,,,,,,,,,,,,,,,,,t u n ʔ u ʂ,,,,,,,,t u n ʔ u ʂ,,,,,,,,,,,,,,,,,,,,,,,,
1030_107_oldman,,,,,,,,,au k i ʃ,,,,,,,,au k i s,au k i ʃ,,,au k i s,,,,,au k i ʃ,,,au k i ʃ,au k i ʃ,,,au k i ŋ,,,,,,au k i s,,,au k i,,,,au g i s,,,au k i s,au k i s
1031_92_leaf,r a p i,,r a p i,,r a p i,ɾ a p i,,,,,,,,r a pʰ i,r a pʼ i,r a p i,,,,,,,,,,,,,,,l a qʰ i,,,,l a qʰ i,,l a pʰ i,,,,,r a p i,,,l a pʰ i,,,,,
1033_109_besick,ɔ n k ɔ + n i,o ŋ q u,o n q o + tʃ i,u ŋ χ u,u n ɢ u,o ŋ χ o,,u n g u + tʃ i + n a,,,,,,u n q u,u n q u,u n χ u + n i + n,,,,o ŋ q u,,u n k u,,,,,,u n g u,,o ŋ q u,u n q u,u n g u + tʃ i + n a,,u n g u + n a,u n ʁ u,,u n q u,u n g u,,o ŋ q u,o ŋ q o s,h u n k u + n i,u n g u,,u n q u,,u n g u,,,
1034_66_day,p u n tʃ au,p u n ʈ au,p u tʃ au,p u n tʃ au,p u n tʃ au,p u n tʃ au,p u n ʒ a,p u n dʒ a,p u n ʈ au,p u n tʃ au,,p u n dʒ au,,pʼ u n tʃ ai,pʼ u n tʃ ai,p u n tʃ au,,p u n,,p u n ʈ au,,p u n tʃ a,,,,p u n,,p u n tʃ au,,p u n ʈ au,pʼ u n tʃ ai,p u n dʒ a,,p u n tʃ a,pʼ u n tʃ ai,,pʼ u n tʃ ai,p u n tʃ a,,p u n ʈ au,p u n tʃ au,p u n tʃ au,p u n dʒ a,,pʼ u n tʃ au,,p u n dʒ a,,,
103_122_new,,,,,,,,,,,,,,,,,,,m a tʃ a q a,,,,,,m a tʃ a q a,,m a tʃ a q a,,,,,,,,,m a tʃ a q a,,,,,,,,m a tʃ a q a,,,,,,
105_123_goto,,,,,,,,,,,,,,,,,,,s a r a,,,,,,,,,,,,,,,,,s a r a,,,,,,,,s a r a,,,,,,
106_123_goto,,ai w a,,,,,,,ai w a,,eː w a,,,,,,a w a,,,ai w a,ai w a,,,,,ai w a,,,,ai w a,,,,,,,,,ai w a,ai w a,,,,,,a w a,,,ai w a,eː w a
106_124_cometo,,,,,,,,,,,,,,,,,,,,,,,,,,ai w a + m u,,,,,,,,,,,,,,,,,,,,,,,,
107_106_youngmale,,m a q t a,m a q t a,m a χ t a,m a χ t a,m a χ t a,,,m a q t a,,,,,,,,,,,m a q t a,,,,,,,,,m a χ t a,m a q t a,,,,,,,,,,m a q t a,,,,,,,,,,
109_22_face,,,,,,,ɲ a w i,ɲ a w i,,,,,,,,,,,,,,ɲ a w i,,,,,,,,,,ɲ a w i,,,,,,ɲ a w i,,,,,ɲ a β i,,,,ɲ a w i,,,
109_23_forehead,,,,,,,,,,,,,,,,,,,,,,ɲ a w i,,,,,,,,,,,,,,,,,,,,,,,,,,,,
109_25_eye,ɲ a w i,ɲ a w i,ɲ a w i,ɲ a w i,ɲ a w i,ɲ a w i,ɲ a w i,ɲ a w i,ɲ a w i,ɲ a w i,n a w i,ɲ a w i,,ɲ a w i,ɲ a w i,ɲ a w i,ɲ a w i,ɲ a w i,,ɲ a w i,ɳ a w i,,n a w i,,,ɲ a w i,,ɲ a w i,ɲ a w i,ɲ a w i,ɲ a w i,ɲ a w i,ɲ a w i,ɲ a v i,ɲ a w i,,ɲ a w i,ɲ a w i,ɳ a w i,ɲ a w i,ɲ a w i,ɲ a w i,ɲ a β i,,ɲ a w i,n a w i,ɲ a w i,,ɲ a w i,ɲ a w i
111_25_eye,,,,,,,,,,,,,ʈʂʰ u k i,,,,,,,,,,,tʃ uː k,,,,,,,,,,,,,,,,,,,,,,,,tʃʼ aː χ,,
112_115_lightnotheavy,,,,,,,,,,,,,,,,,,,s u x a,,,,,,,,,,,,,,,,,,,,,,,,,,,,,,,
114_90_root,,,,,,,,,,,,ʈʂ u p a,,,,,,,,,,,ʈʂ u p a,,,,,,,,,,,,,,,,,,,,,,,,,,,ʈʂ a p a
115_90_root,,,,,,,,,,,,,,,,,,,,,,,,t u k,,,,,,,,,,,,,,,,,,,,,,,,t oː k a,,
116_90_root,,,,,,,,,,,,,,,,,,,,,,,,,a s u,,a s u,,,,,,,,,,,,,,,,,,,,,,,
118_22_face,,,,,,,,,,,q a χ ʎ a,q a ʁ ʎ a,,,,,q a χ ʎ a,,,,q a q ʎ a,,,,q a x ʎ a,,q a x ʎ a,,,,,,,,,,,,q a ʎ q a,,,,,,,,,,q a ʎ q a,q a q ʎ a
119_22_face,u j a,u j a,u j a,u j a,,u j a,,,,,,,,u j a,u j a,u j a,,,,u j a,,,,,,,,u j a,,,u j a,,,u j a,u j a,,u j a,,,u j a,u j a,o j a,,,u j a,,,,,
120_22_face,r i k tʃ ai,,,,,,,,,,,,,,,r i k tʃ ai,,,,,,,,,,,,,,,,,,,,,,,,,,r i k tʃ a,,,,,,,,
121_22_face,,,,,,,,,,,,,,,,,,,a χ a n u,,,,,,,,,,,,,,,,,,,,,,,,,a χ a n u,,,,,,
122_89_tree,,,,,,,,,,,,,,,,,,,,,,,,p aː r a,,,,,,,,,,,,,,,,,,,,,,,,p a r a,,
124_103_highup,,,,,,,h a w a + p i,h a w a,,,,,,,,,,,,,,,,,,,,,,,,h a w a,,a w a,,,,a w a + p i,,,,,,,,,,,,
129_116_faraway,k a r u,k a ɾ u,k a r u,k a ɾ u,k a r u,k a ɾ u,k a ɾ u,k a r u,k a l u,k a r u,k a r u,k a r u,,k a r u,k a r u,k a r u,k a r u,k a l u,,k a ɾ u,k a ɾ u,k a ɾ u,k a r u,,,k a l u,,k a r u,k a r u,k a ɾ u,k a r u,k a r u,k a ɾ u,k a r u,k a r u,,k a r u,k a r u,k a ɾ u,k a ɾ u,k a ɾ u,k a r o,k a r u,,k a r u,k a ɾ u,k a r u,,k a ɾ u,
12_139_dieto,w a ɲ u,w a ɲ u,w a ɲ u,w a ɲ u,w a ɲ u,w a ɲ u,w a ɲ u + n a,w a ɲ u + n a,w a ɲ u,w a ɲ u,w a n u,w a ɲ u,,w a ɲ u,w a ɲ u,w a ɲ u + n i,w a ɲ u,w a ɲ u,,w a ɲ u,w a ɲ u,w a ɲ u + n a,w a n u,,,w a ɲ u,,w a ɲ u,w a ɲ u,w a ɲ u,w a ɲ u,w a ɲ u + n a,w a ɲ u + k u,w a ɲ u + n a,w a ɲ u,,w a ɲ u,w a ɲ u,w a ɲ u,w a ɲ u,w a ɲ u,w a ɲ u + n i,w a ɲ u,,w a ɲ u,w a n u,w a ɲ u,,w a ɲ u,w a ɲ u
130_116_faraway,,,,,,,,,,,,,a z h k i n,,,,,,,,,,,a s k,,,,,,,,,,,,,,,,,,,,,,,,a s k i s,,
131_116_faraway,,,,,,,,,,,,,,,,,,,h a j a,,,,,,h a j a,,h a j a,,,,,,,,,h a j a,,,,,,,,h a j a,,,,,,
134_127_sitto,,,,,,,,,,,,,,,,,,,,,,,,,,,ʃ u k a,,,,,,,,,tʃ u k u,,,,,,,,,,,,,,
13_131_eatto,,,,,,,,,,,,,,,,,,,m a n qʼ a,,,,,,,,,,,,,,,,,m a qʼ a,,,,,,,,m a n qʼ a,,,,,,
140_87_fatgrease,,w i ɾ a,w i r a,w i ɾ a,w i r a,w i ɾ a,w i ɾ a,,w i l a,w i r a,w i r a,w i r a,,w i r a,w i r a,,w i r a,w i l a,,w i ɾ a,w i ɾ a,ɸ i ɾ a,w i r a,,,w i l a,,w i r a,w i r a,w i ɾ a,w i r a,,w i ɾ a,,w i r a,,w i r a,w i r a,w i ɾ a,w i ɾ a,w i ɾ a,w i r a,i r a,,w i r a,w i ɾ a,w i r a,,w i ɾ a,w i r a
144_87_fatgrease,,,,,,,,,,,,,,,,,,,l i kʼ i,,,,,,n i kʼ i,,ɲ i kʼ i,,,,,,,,,l i kʼ i,,,,,,,,l i kʼ i,,,,,,
147_53_egg,,,,,,,,,,,,,z i ɲ i,,,,,,,,,,,ʃ i ɲ i,,,,,,,,,,,,,,,,,,,,,,,,s iː ɲ a,,
14_139_dieto,,,,,,,,,,,,,,,,,,,h i w a,,,,,,h i w a,,h i w a,,,,,,,,,h i w a,,,,,,,,h i w a,,,,,,
150_13_lefthandside,,,,,,,,,,,,,,,,,,,tʃʼ i q a,,,,,,ʈʂʼ i q a,,tsʼ i qʼ a,,,,,,,,,tʃʼ i q a,,,,,,,,tʃʼ i q a,,,,,,
151_93_grass,,,,,,,j u j u,,,,,,,,,,,,,,,,,,,,,,,,,,,,,,,,,,j u j u,,,,,,,,,
152_42_fingernail,s i ʎ u,s i ʎ u,s i ʎ u,s i ʎ u,s i ʎ u,s i ʎ u,ʃ i ʎ u,ʃ i ʎ u,s i ʎ u,ʃ i dʑ u,ʃ i ʎ u,ʃ i dʒ u,,s i ʎ u,s i ʎ u,s i ʎ u,ʃ i ʎ u,ʃ i ʎ u,,s i ʎ u,ʃ i ʎ u,s i ʎ u,s i ʒ u,,,ʃ i ʎ u,,ʃ i dʑ u,ʃ i ʎ u,s i ʎ u,s i ʎ u,ʃ i ʎ u,ʃ i l u,ʃ i ʎ u,s i ʎ u,,s i ʎ u,s i ʎ u,ʃ i ʎ u,s i ʎ u,s i ʒ u,s i ʎ o,s i ʎ u,,s i ʎ u,ʃ i l u,s i ʒ u,,ʃ i ʎ u,ʃ i ʎ u
153_88_seed,,,m u χ u,,m u x u,,,,,,,,,m u x u,m u x u,m u h u,,m u h u,,,,,,,,m u h u,,,,,m u h u,,,,m u h u,,m u x u,,,,,m o h o,,,m u x u,,,,,
154_119_dry,,,,,,,,,,,,,,,,,,,,,,,,,tʃ aː k i,,tʃ a k i,,,,,,,,,,,,,,,,,,,,,,,
155_8_eight,,,,,,,,,,,,,,,,,,,,,,,,k o n k o,,,,,,,,,,,,,,,,,,,,,,,,k u n k u,,
157_79_sand,,,,,,,,,,,,,pʰ i l a,,,,,,,,,,,p iː l a,,,,,,,,,,,,,,,,,,,,,,,,tʼ iː r a,,
158_75_fire,n i n a,n i n a,n i n a,n i n a,n i n a,n i n a,n i n a,n i n a,n i n a,n i n a,n i n a,n i n a,,n i n a,n i n a,n i n a,n i n a,n i n a,,n i n a,ɲ i ɲ a,n i n a,n i n a,,,n i n a,,n i n a,n i n a,n i n a,n i n a,n i n a,n i n a,n i n a,n i n a,,n i n a,n i n a,ɲ i ɲ a,n i n a,n i n a,n i n a,n i n a,,n i n a,n i n a,n i n a,,ɲ i ɲ a,n i n a
15_110_tire,,,,,,,,,,,,,,,,,,u t i k a,,,,,,,,u t i k a,,,,,,,,,,,,,,,,,,,,,,,,
160_75_fire,,,,,,,,,,,,,,,,,,,,,,,,uː χ,,,,,,,,,,,,,,,,,,,,,,,,oː χ i,,
162_60_name,,,,,,,,,,,,,tʰ uː,,,,,,,,,,,t uː,,,,,,,,,,,,,,,,,,,,,,,,t uː χ,,
163_83_wind,,,,,,,,,,,,,,,,,,,,,,,,,w au j a,,w au j a,,,,,,,,,,,,,,,,,,,,,,,
164_70_star,,,,,,,,,,,,,,,,,,,,,,,,ts a q o l,,,,,,,,,,,,,,,,,,,,,,,,ts a k uː ɲ a,,
166_74_mountain,,,,,,,,,,,,,,,,,,,,,,,,,q aː q a,,q a q a,,,,,,,,,,,,,,,,,,,,,,,
167_5_five,p i tʃ χ a,p i tʃ q a,p i s k a,p i tʃ χ a,p i tʃ χ a,p i tʃ χ a,p i tʃ k a,p i tʃ k a,p i tʃ q a,p i tʃ k a,p i ts q a,p i tʃ ʁ a,,p i tʃ q a,p i s q a,p i tʃ χ a,p i tʃ q a,p i tʃ ʔ a,,p i tʃ q a,p i ts q a,p i ʃ k a,,,,p i tʃ ʔ a,,p i tʃ k a,p i tʃ q a,p i tʃ q a,p i ʃ q a,p i tʃ k a,p i s ʁ a,p i tʃ k a,pʰ i ʃ ʁ a,,p i s q a,p i tʃ k a,p i ts q a,p i tʃ q a,p i ʃ q a,p i χ k a,p i tʃ k a,,p i s q a,p i tʃ χ a,p i tʃ k a,,p i ts q a,p i ts q a
169_5_five,,,,,,,,,,,,,,,,,,,,,,,,t a s k n uː k uː,,,,,,,,,,,,,,,,,,,,,,,,t a s n uː,,
171_74_mountain,,,q i r k a,,,,,,,,,,,,,,h i r k a,,,,x i ɾ k a,,,,,,,,,,,,x i ɾ k a,,,,,,x i ɾ k a,,,,,,,x i ɾ k a,,,x i ɾ k a,
174_73_river,,,,,,,,,,,,,w i w i,,,,,,,,,,,w eː w eː,,,,,,,,,,,,,,,,,,,,,,,,w iː w i,,
175_94_flower,s i s a,s i s a,,s i s a,,,s i s a,s i s a,h i s a,,,,,,,s i s a,,s i s a,,s i s a,,s i s a,,,,s i s a,,s i s a,,s i s a,,s i s a,,s i s a,,,,,,s i s a,s i s a,s i s oi,s i s a,,,,s i s a,,,
176_94_flower,i n k i ʎ,,,,,,,,,,,,,,,i n χ i ʎ,,,,,,,,,,,,,,,,,,,,,,,,,,,,,,,,,,
177_94_flower,,w ai t a,w ai t a,w ai t a,w ai t a,w ai t a,,,w ai t a,w ai t a,,,,,,,,w ai t a,,w ai t a,w ai t a,,,,,w ai t a,,,w ai t a,w ai t a,,,w ai tʃ a,,,,,,w ai t a,w ai t a,,,,,,w ai t a,,,w ai t a,w eː t a
178_71_shadow,,,,,,,,,,,,,,,,,,,,,,,,,h u n kʼ a,,h u n kʼ i,,,,,,,,,,,,,,,,,,,,,,,
179_94_flower,,,,,,,,,,,t u k t u,t u k t u,,,,,t u k t u,,,,,,t u k t u,,,,,,,,,,,,,,,t u x t u,,,,,,,,,,,,
180_77_ash,,,,,,,,,,,,,,,,,,,qʰ i ʎ a,,,,,k i ʎ a,qʰ i ʎ p i,,qʰ i ʎ p i,,,,,,,,,qʰ i ʎ a,,,,,,,,qʰ i ʎ a,,,,k iː ʎ a,,
185_94_flower,,,t i k a,,,,,,,,,,,tʼ i k a,tʼ i k a,,,,,,,,,,,,,,,,tʼ i k a,,,,tʼ i k a,tʼ i k a,tʼ i k a,,,,,,,,tʼ i k a,,,,,
187_53_egg,,,,,,,ɾ u r u,,,,,r u r u,,,,,,,,,ɾ u ɾ u,,,,,l u l u,,,,,,,ɾ u ɾ u,,,,,,,,,r u r u,,,,!ʐ/r u r u,,,,
188_129_flyto,p a w a + n,p a w a,p a w a,p a w a,p a w a,p a w a,,,p a w a,p a w a,,,,,pʰ a w a,p a w a + n i,,,,p a w a,,,,,,,,p a w a,p a w a,p a w a,pʰ a w a,,,p a w a + n a,pʰ a w a,,,,,p a w a,p aː,p a w a + n i,,,pʰ a w a,,,,,
190_129_flyto,,,,,,,,,,,,,,h a l a + tʃ a,,,,,h a l a,,,,,,,,,,,,,,,,,χ a l a,h a l a + n t a,,,,,,,,,,,,,
191_129_flyto,,,,,,,,,,,,,,,,,,,,,,,,,h a x + p t a,,h a x + p t a,,,,,,,,,,,,,,,,,,,,,,,
193_94_flower,,,,,,,,,,,,,p a qʰ a ʎ a,,,,,,p a n q a r a,,,,,p a n k a r a,,,,,,,,,,,,,,,,,,,,p a n q a r a,,,,,,
194_102_big,h a t u n,h a t u n,h a t u n,h a t u ŋ,h a t u n,h a t u ŋ,h a t u n,h a t u n,h a t u n,a t u n,h a t u n,a t u n,,a tʰ u n,h a t u n,h a t u n,h a t u n,h a t u n,,h a t u n,h a t u n,x a t u n,a t u n,,,h a t u n,,a t u n,h a t u n,h a t u n,h a t u n,h a t u n,x a t u ŋ,a t u n,h a t u n,,h a t u n,a t u n,h a t u n,h a t u n,a t u n,a t u n,a t u n,,a tʰ u n,χ a t u ŋ,h a t u n,,h a t u n,a t u n
194_103_highup,,,,,,,,,,,,,,,,,,,,,,x a t u n,,,,,,,,,,,,,,,,,,,,,,,,,,,,
196_105_youngfemale,,,,,,,,,,,,,,,,,w a n k a ʃ,,,,,,,,,,,,,,,,,,,,,,,,,,,,,,,,,
196_106_youngmale,,,,,,,,,,,,,,,,,w a n k a ʃ,,,,,,,,,,,,,,,,,,,,,,,,,,,,,,,,,
198_93_grass,,,,,,,,,,,,,,,,,,,,,,,,,,,,,,,,,,,,,,u x s a,,,,,,,,,,,,
198_94_flower,,,,,,,,,,,,,,,,,,,,,,,,,,,,,,,,,,,,,,,,,,,,,,,,pʼ oː χ s a,,
199_36_foot,,,,,,,,,,,,,,,,,,,k a j u,,,,,,k a j u,,k a j u,,,,,,,,,k a j u,,,,,,,,k a j u,,,,,,
199_37_leg,,,,,,,,,,,,,,,,,,,k a j u,,,,,,k a j u,,k a j u,,,,,,,,,,,,,,,,,,,,,,,
19_47_dog,a ʎ k ɔ,a ʎ q o,a ʎ q o,a ʎ χ u,a ʎ χ u,a ʎ χ o,a ʎ k u,a ʎ k u,a ʎ q o,a dʑ k u,a ʎ ʁ u,a tʃ ʁ u,,a l q u,a l q u,a ʎ k u,a ʎ q u,a ʎ ʔ u,,a ʎ q o,a ʎ q u,a ʎ k u,a ʒ ʁ u,,,a ʎ ʔ u,,a dʑ k u,a l q u,a ʎ q o,a l q u,a ʎ k u,a l χ o,a ʎ k u,a l ʁ u,,a l q u,a l k u,a ʎ q u,a ʎ q o,a ʒ q o,a ʎ q u,a ʎ k u,,a l q u,a l χ o,a ʒ k u,,a ʎ q u,a ʎ q u
202_93_grass,,q e w a,,,,,k i w a,k i w a,q !e/i w a,k i w a,,q i w a,,,,,q e w a,h i w a,,q e w a,q e w a,x i w a,χ i w a,,,q i w a,,k i w a,q i w a,q e w a,,k i w a,χ e w a,k i w a,,,,,q e w a,q e w a,,,k i w a,,,χ e w a,kʰ i w a,,q e w a,
204_133_biteto,,,k a tʃ u,k a tʃ u,k a tʃ a,,,,,,,,,,,,,,,,,,,,,,,,k a ʈʂ u,,,,,,,,,,,,,,,,,,,,,
205_91_branch,,,p a ʎ q a,,,,,p a ʎ k a,,,,,,,,,,,,,,,,,,,,,,,,p a ʎ k a,,,,,,,,,,p a ʎ k a,p a ʎ k a,,,,,,,
206_91_branch,t a n k a,,,,,,t a n k a,,,,,,,,,,,,,,,,,,,,,,,,,,,,,,,,,,,,,,,,,,,
207_23_forehead,m a t i,,m a t i,,,,m a t i,,,,,,,m a tʼ i,m a tʼ i,m ai t i,,,,,,,,,,,,,,,,,,,,,m a tʼ i,,,,,m a r t i,,,m a tʼ i,,,,,
209_23_forehead,,,,u ɾ k u,u r k u,u ɾ k u,,,,u r k u,u r k u,u r k u,,,,,u r k u,u l k u,,,u ɾ k u,,u r k u,,,u l k u,,u r k u,,,,,,,,,,,u ɾ k u,,,,,,,,,,u ɾ k u,u r k u
210_23_forehead,,p a q ʈ a,,,,,,,p a q ʈ a,,,,,,,,,p a ʔ ʈʂ a,,p a q ʈ a,,,,,,p a ʔ ʈʂ a,,,p a q ʈʂ a,p a q ʈ a,,,,,,,,,,p a q ʈ a,,,,,,,,,,
211_23_forehead,,,,,,,,,,,,,a j a,,,,,,,,,,,aː j a,,,,,,,,,,,,,,,,,,,,,,,,,,
215_52_louse,,,,,,,,,,,,,,,,,,,,,,,l i s u,,,,,,,,,,,,,,,,,,,,,,,,,,,
216_134_suckto,tʃ ɔ m k a + n i,,tʃ o n q a,,,,s u n g a + n a,,,,,,,tʃʼ u n q a,tʃʼ u n q a,tʃ u m χ a + n i,,,,,,,,,,,,,,,tʃʼ u n q a,ts u n g a + n a,,ts u n g a + n a,tʃʼ u n ʁ a,,tʃʼ u n q a,,,,tʃ o ŋ q a,tʃʼ u n q a,ts u n g a,,tʃʼ u n q a,,,,,
217_89_tree,,q e ɾ u,,,,,,,q !e/i l u,,,q i r u,,,,,q i r u,,,q e ɾ u,q e ɾ u,,χ i r u,,,,,,,q e ɾ u,,,χ e ɾ u,,,,,,q e ɾ u,q e ɾ u,,,,,,χ e ɾ u,,,q e ɾ u,
218_4_four,t a w a,t a w a,t a w a,t a w a,t a w a,t a w a,,,t a w a,,,,,t a w a,t a w a,t a w a,,t a w a,,t a w a,,,,,,t a w a,,,t a w a,t a w a,t a w a,,,,t a w a,,t a w a,,,t a w a,t aː,t a w a,,,t a w a,,,,,
219_4_four,,,,,,,tʃ u s k u,tʃ u s k u,,tʃ u s k u,tʃ u s k u,ʈʂ u s k u,,,,,tʃ u s k u,ʈʂ u s k u,,,tʃ u s k u,tʃ u s k u,,,,ʈʂ u s k u,,tʃ u s k u,,,,tʃ u s k u,ʈʂ u s k u,tʃ u s k u,,,,tʃ u s k u,tʃ u s k u,,,,tʃ u s k u,,,ʈʂ u s g u,tʃ u s k u,,tʃ u s k u,ʈʂ u s k u
220_4_four,,,,,,,,,,,,,p a q p i k,,,,,,,,,,,p a χ p iː k,,,,,,,,,,,,,,,,,,,,,,,,,,
221_4_four,,,,,,,,,,,,,,,,,,,p u s i,,,,,,p u ʃ i,,p u ʃ i,,,,,,,,,p u s i,,,,,,,,p u s i,,,,p u χ,,
222_89_tree,,,,,,,,,,,,,,,,,,,q u q a,,,,,,,,,,,,,,,,,q u q a,,,,,,,,q u q a,,,,,,
224_82_cloud,,,,,,,,,,,,,,,,,,,,,,,,,u r p i,,u r p i,,,,,,,,,,,,,,,,,,,,,,,
227_48_fox,a t ɔ k,a t o q,a t o q,a t u χ,a t u χ,a t o χ,,,a t o q,a t u k,a t u q,a t o q,,a t u χ,a t u χ,a t u k,a t u χ,a t u ʔ,,a t o q,a t o q,,,,,a t u ʔ,,a t u k,a t u χ,a t o q,a t u χ,,a tʃ o χ,,a t u χ,,a t u χ,,a t o q,a t o q,a t o χ,a t o k,,,a t u χ,a t o χ,a t u x,,a t o q,a t u q
228_48_fox,,,,,,,,,,,,,,,,,,,q a m a q i,,,,,,,,,,,,,,,,,q a m a q i,,,,,,,,q a m a q i,,,,,,
229_48_fox,,,,,,,a ɲ a s,,,,,,,,,,,,,,,a ɲ a s,,,,,,,,,,,,,,,,,,,,,,,,,,,,
22_47_dog,,,,,,,,,,,,,,,,,,,,,,,,,,,,,,,,,,,,a n u,,,,,,,,a n u,,,,,,
231_79_sand,,,,,,,,,,,,,,,,,,,,,,,,,,,,,,,,,,,,tʃʼ a ʎ a,,,,,,,,tʃʼ a ʎ a,,,,,,
235_112_full,h a n t a,h u n t a,h u n t a,h u n t a,h u n t a,h u n t a,h u n d a,h u n d a,h u n t a,x u n d a,h u n t a,u n d a,,h u n tʼ a,h u n tʼ a,h u n t a + s k a,h u n t a,h u n t a,,h u n t a,h u n t ai,x u n d a,u n d a,,,h u n t a,,x u n d a,h u n t a,h u n t a,h u n tʼ a,h u n d a,x u n t a,u n d a,h u n tʼ a,,h u n tʼ a,x u n d a,h u n t ai,h u n t a,u n t a,,u n d a + k t a,,h u n tʼ a,χ o n t a,h u n d a,,h u n t ai,u n t a
238_112_full,,,,,,,,,,,,,,,,,,,pʰ u qʰ a,,,,,,pʰ u q a,,pʰ u qʰ a,,,,,,,,,pʰ u qʰ a,,,,,,,,pʰ u qʰ a,,,,,,
240_121_happybe,,,,,,,,,,,,,,,,,,,k u s i,,,,,,k u ʃ u,,k u ʃ u,,,,,,,,,k u s i,,,,,,,,k u s i,,,,,,
241_143_thinkoveraboutto,,,,,,,,,,,,,,,,,,j ai n i + tʃ a + k u,,,,,,,,,,,,,,,,,,,,,,,,,,,,,,,,
243_145_laughto,,,,,,,,,,,,,,,,,,,,,,,,,,,,,,,,,,,,,,,,,,a k u + s i + n i,,,,ai k u,,,,
245_147_giveto,k ɔ + n i,q o,q o,χ u,χ u,χ o,k u + n a,k u + n a,q o,k u,ɢ u,q u,,q u,q u,χ u + n i,q u,ʔ u,,q o,,k u + n a,q u,,,ʔ u,,k u,q u,q o,q u,k u + n a,χ o,k u + n a,ɢ u,,q u,k ua,,q o,q o,k o,k u,,q u,χ o,k u,,,q u
247_147_giveto,,,,,,,,,,,,,,,,,,,tʃ u r a,,,,,,,,,,,,,,,,,tʃ u r a,,,,,,,,tʃ u r a,,,,,,
248_126_standto,,,,,,,,,,,,,,,,,,,,,,,,,,,s a j a,,,,,,,,,s a j a,,,,,,,,s a j a,,,,,,
252_147_giveto,,,,,,,,,,,,,,,,,,,,,,,,,j a k a,,j a k a,,,,,,,,,,,,,,,,,,,,,,,
254_123_goto,r i + n i,ɾ i,r i,ɾ i,r i,ɾ i,ɾ i + n a,r i + n a,l i,r i,,r i,,r i,r i,r i,,l i,,ɾ i,,ɾ i + n a,r i,,,,,r i,r i,l i,r i,r i + n a,ɾ i,ɾ i + n a,r i,,r i,r i,,ɾ i,ɾ iː,r i + n i,r i,,r i,,r i,,,
256_123_goto,,,,,,,,,,,,,,,,,,,,,,,,,m a x a,,m a x a,,,,,,,,,,,,,,,,,,,,,,,
257_148_sewto,,,,,,,,,,,,,,,,,,,tʃʼ u k u,,,,,,tsʼ u k u,,ʈʂʼ u k u,,,,,,,,,tʃʼ u k u,,,,,,tʃ u k + t a + n i,,tʃʼ u k u,,,,,,
258_74_mountain,,,,,,,,,,,,,,,,,,,q u ʎ u,,,,,,,,,,,,,,,,,q u ʎ u,,,,,,,,q u ʎ u,,,,,,
259_149_hitto,,m a q a,,,,,,,m a q a,m a k a,,m a q a,,,,,m a q a,m a ʔ a,,m a q a,m a q a,,,,,m a ʔ a,,m a k a,m a q a,m a q a,,,m a ʁ a,,,,,m a k a,m a q a,m a q a,m a x a,,,,,m a χ a,,,m a q a,
260_150_pushto,,,,,,,,,,,,,,,,,,,n u kʰ u,,,,,,,,,,,,,,,,,,,,,,,,,n u kʰ u,,,,,,
262_150_pushto,,,,,,,,,,,,,,,,,,,,,,,,,tʃ i m a,,tʃ i m a,,,,,,,,,,,,,,,,,,,,,,,
263_80_gold,k ɔ r i,,q o r i,χ u ɾ i,χ u r i,χ o ɾ i,k u ɾ i,k u r i,,k u r i,q u r i,q u r i,,q u r i,q u r i,k u r i,q u r i,h u l i,,,q o ɾ i,k u ɾ i,,,,q u r i,,k u r i,,,q u r i,k u r i,,k u r i,ɢ u r i,,q u r i,k u r i,q o ɾ i,,q o ɾ i,k o r i,k u r i,,q u r i,,k u r i,,q o ɾ i,q u r i
264_80_gold,,,,,,,,,,,,,,,,,,,,,,,,g iː s h a,,,,,,,,,,,,,,,,,,,,,,,,g iː s n a,,
265_16_not,,,,,,,,,,,,,,,,,,,h a n i,,,,,,,,,,,,,,,,,h a n i,,,,,,,,h a n i,,,,,,
268_18_who,,,,,,,,,,,,,,,,,,,kʰ i t i,,,,,,,,,,,,,,,,,kʰ i t i,,,,,,,,kʰ i t i,,,,,,
269_19_this,,,,,,,,,,,,,,,,,,,ai k a,,,,,,a k a,,a k a,,,,,,,,,a k a,,,,,,,,a k a,,,,,,
26_111_many,,,,,,,,,,,,,,,,,,,,,,,,,a ʈʂ h i,,a ʈʂ i,,,,,,,,,,,,,,,,,,,,,,,
270_2_two,,,,,,,,,,,,,p i z k,,,,,,,,,,,p iː ʃ k,,,,,,,,,,,,,,,,,,,,,,,,,,
271_93_grass,,,q o r a,χ u ɾ a,χ u r a,χ o ɾ a,,,,,q u r a,,,q u r a,q u r a,,,q u l a,,,,,,,,q u l a,,,,,q u r a,,,,,,q u r a,,,,,,,,q u r a,,,,,q u r a
275_93_grass,,,,,,,,,,w ai dʑ a,,,,,,,,,,,,,,,,,,w ai dʑ a,,,,,,,,,,,,,,,,,,,,,,
276_22_face,,,,,,,,,,,,,j u k,,,,,,,,,,,j uː kʰ,,,,,,,,,,,,,,,,,,,,,,,,j uː k i,,
279_50_bird,p i s k ɔ,p i ʃ q o,p i s q o,p i s χ u,,p i s χ o,p i ʃ k u,p i ʃ k u,p i ʃ q o,p i ʃ k u,,p i ʃ ʁ u,,pʼ i s q u,,p i s k u,p i ʃ q u,p i ʃ ʔ u,,p i ʃ q o,p i ʃ q u,p i ʃ k u,,,,p i ʃ ʔ u,,p i ʃ k u,p i ʃ q u,p i ʃ q o,pʼ i s q u,p i ʃ k u,p i ʃ χ o,p i ʃ k u,pʼ i s ʁ u,,pʼ i s q u,p i s k u,p i ʃ q u,p i ʃ q o,p i ʃ q o,p i s k o,p i ʃ k u,,pʼ i s q u,p i ʃ χ o,p i ʃ k u,,p i ʃ q u,p i ʃ q u
280_50_bird,p i tʃ i n,,p i tʃ i n k o,,,,,,,,,,,,p i tʃ i n k u,p i tʃ i u,,,,,,,,,,,,,,,,,,,,,,,,,,,,,,,,,,
282_100_green,,,q o m i r,,,χ u m i !r̝/r,,,,,,,,qʼ u m i r,qʼ u m i r,,,,,,,,,,,,,,,,qʼ u m i r,,,,qʼ u m i r,,qʼ u m i r,,,,q o m e ɾ,,,,qʼ u m i r,,,,,
283_50_bird,,,,,,,,,,,,,,,,,,,h a m a tʃʼ i,,,,,,,,,,,,,,,,,h a m a tʃʼ i,,,,,,,,h a m a tʃʼ i,,,,,,
287_56_wing,,,,,,,,,,,,,,,,,k a p a,,,,,,,,,,,,,,,,,,,,,,,,,,,,,,,,,
287_91_branch,,,,,,,,,,,,,,,,k a r p a,,,,,,,,,,,,,,,,,,,,,,,,,,,,,,,,,,
288_50_bird,,,,,,,,,,,,,,,,,,,,,,,,,tʃʼ i p i,,tʃʼ i p i,,,,,,,,,,,,,,,,,,,,,,,
289_24_hair,tʃ u k tʃ a,tʃ u k tʃ a,tʃ u k tʃ a,tʃ u k tʃ a,tʃ u k tʃ a,tʃ u k tʃ a,,,,tʃ u x tʃ a,,,,tʃ u x tʃ a,tʃ u x tʃ a,tʃ u k tʃ a,,,,tʃ u k tʃ a,,,,,,,,tʃ u k tʃ a,,,tʃ u x tʃ a,,,tʃ u k tʃ a,tʃ u x tʃ a,,tʃ u x tʃ a,,,,tʃ u x tʃ a,tʃ u k tʃ a,,,tʃ u x tʃ a,,,,,
290_24_hair,a k tʃ a,a q tʃ a,,,,,a g tʃ a,a k tʃ a,a q tʃ a,,a q ts a,a χ tʃ a,,,,,a χ tʃ a,a ʔ tʃ a,,a q tʃ a,a q ts a,a k tʃ a,a χ tʃ a,,,a ʔ tʃ a,,,a χ tʃ a,a q tʃ a,,a k tʃ a,a χ s a,,,,,a x tʃ a,a q ts a,a q tʃ a,,j a k tʃ a,a k tʃ a,,,a χ tʃ a,a x tʃ a,,a q ts a,a q ts a
293_24_hair,,,,,,,,,,,,,,,,,,,ɲ i kʼ u t a,,,,,,n u kʼ u t a,,n u kʼ u ʈʂ a,,,,,,,,,ɲ a kʼ u t a,,,,,,,,ɲ i kʼ u t a,,,,,,
294_25_eye,,,,,,,,,,,,,,,,,,,n ai r a,,,,,,n ai r a,,n ai r a,,,,,,,,,n ai r a,,,,,,,,n ai r a,,,,,,
295_26_nose,,,,,,,,,,,,,,,,,,,n a s a,,,,,,n a s a,,n a s a,,,,,,,,,n a s a,,,,,,,,n a s a,,,,,,
298_32_hand,m a k i,m a k i,m a k i,m a k i,m a k i,m a k i,m a k i,m a k i,m a k i,m a k i,m a k i,m a k i,,m a k i,m a k i,m a χ i,m a k i,m a k i,,m a k i,m a k i,m a k i,m a k i,,,m a k i,,m a k i,m a k i,m a k i,m a k i,m a k i,m a k i,m a k i,m a k i,,m a k i,m a x i,m a k i,m a k i,m a x i,m a k i,m a k i,,m a k i,m a g i,m a k i,,m a k i,m a k i
299_33_elbow,,,,,,,,,,,,,,,,,,,,,,,,,,,,,,,m a k i + m u q u,,,,m a k i + m u ʁ u,,,,,,,,m a k i + m u k u,,,,,,,
2_77_ash,u tʃ p a,u ʈ p a,u s p a,u tʃ p a,u tʃ p a,u tʃ p a,u tʃ u p a,u ʃ p a,u ʈ p a,u ʈʂ p a,u tʃ p a,u ʂ p a,,u tʃ pʰ a,u s pʰ a,u tʃ p a,u tʃ p a,u ʈʂ p a,,u ʈ p a,u tʃ p a,u tʃ u f a,u ʈʂ p a,,,u ʈʂ p a,,u tʃ p a,u ʈʂ p a,u ʈ p a,u ʃ pʰ a,u ʃ p a,u ʈʂ p a,u tʃ p a,u ʃ pʰ a,,u s pʰ a,u tʃ p a,u tʃ p a,u ʈ p a,u ʃ p a,u χ p a,u ʃ p a,,u ʃ pʰ a,u tʃ p a,u ʃ p a,,u tʃ p a,u tʃ p a
300_32_hand,,,,,,,,,,,,,qʰ a r a,,,,,,,,,,,kʼ aː r a,,,,,,,,,,,,,,,,,,,,,,,,kʼ aː r a,,
301_32_hand,,,,,,,,,,,,,,,,,,,a m p a r a,,,,,,a m p a r a,,a m p a r a,,,,,,,,,a m p a r a,,,,,,,,a m p a r a,,,,,,
302_132_drinkto,,,,,,,,u p i + n a,,,,,,,,,,,,,,,,,,,,,,,,u p i + n a,,,,,,,,,,,u p i,,,,,,,
304_134_suckto,,,,,,,,,,,,,,,,,,,,,,,,,ʃ u qʼ u,,ʃ u qʼ u,,,,,,,,,,,,,,,,,,,,,,,
305_136_spitto,,,,,,,,,,,,,,,,,,,tʰ u s a,,,,,,tʰ u s u,,tʃ u s a,,,,,,,,,tʰ u s a,,,,,,,,tʰ u s a,,,,,,
306_121_happybe,k u !s̺/s i,k u ʃ i,k u s a,k u s i,k u s i,k u s i,k u ʃ i + u g,k u ʃ i,k u ʃ i,k u ʃ i,k u ʃ i,k u ʃ i,,k u s i,k u s i,k u s i,k u ʃ i,k u ʃ i + ʎ a,,k u ʃ i,k u ʃ i,k u ʃ i + ʎ a,k u ʃ i,,,k u ʃ i + ʎ a,,k u ʃ i,k u ʃ i,k u ʃ i,k u s i,k u ʃ i,k u ʃ i + k u,k u ʃ i,k u s i,,k u s i,,k u ʃ i,k u ʃ i,k u s i,k u s i + k u q,k u ʃ i,,k u s i,k u ʃ i,k u ʃ i,,k u ʃ i,k u ʃ i
30_132_drinkto,u p j a + n i,u p j a,u p j a,u p j a,u p j a,u p j a,u p j a + n a,,u p j a,u p j a,,u p j a,,u p j a,u x j a,u p i j a + n i,,u p j a,,u p j a,u p j a,u f j a + n a,u p j a,,,u p j a,,u p j a,u p j a,u p j a,u x j a,,u p j a,u p j a + n a,u x j a,,u x a,u p j a,u p j a,u p j a,u p j a,u p j a + n i,,,u p j a,u p j a,u b j a,,u p j a,u p j a
311_88_seed,,,m u h u,,,m u j a,m u j u,m u j u,,,,,,,,,,,,,,m u j u,,,,,,,,,,m u j u,,m u j u,,,,m u j u,,,,,m u j u,,,,m u j u,,,
312_103_highup,,,,,,,,,,,,,,,,,,,,,,,,,,,,,,,,,,,,,,,,,,,,,,,,,,u m a
312_143_thinkoveraboutto,,,,,,,,,,,,,,,,,,u m a + tʃ a + k u,,,,,,,,,,,,,,,,,,,,,,,,,,,,,,,,
312_21_head,u m a,u m a,u m a,u m a,u m a,u m a,u m a,u m a,u m a,u m a,u m a,u m a,,u m a,u m a,u m a,u m a,u m a,,u m a,u m a,u m a,u m a,,,u m a,,u m a,u m a,u m a,u m a,u m a,u m a,u m a,u m a,,u m a,u m a,u m a,u m a,u m a,h u m a,u m a,,u m a,u m a,u m a,,u m a,u m a
313_142_knowto,,,,,,,,,,,,,,,,,,,j a t i,,,,,,j a t j i,,j a t j i,,,,,,,,,j a t i,,,,,,,,j a t i,,,,,,
314_21_head,,,,,,,,,,,,,a tʃ a,,,,,,,,,,,aː tʃ a,,,p a ʈʂ h a,,,,,,,,,,,,,,,,,,,,,,,
315_21_head,,,,,,,,,,,,,,,,,,,pʼ i q i,,,,,,,,,,,,,,,,,pʼ i q i,,,,,,,,pʼ i q i,,,,,,
317_146_cryto,,,,,,,,,,,,,,,,,,,h a tʃ a,,,,,,h a ts a,,h a ʈʂ a,,,,,,,,,χ a tʃ a,,,,,,,,h a tʃ a,,,,,,
318_17_what,,,,,,,,,,,,,,,,,,,,,,,,,q u s a,,q u s i,,,,,,,,,,,,,,,,,,,,,,,
319_58_manswadultmale,,,,,,,,,,,,,,,,,,,,,,,,,k a r m a,,k a r m a,,,,,,,,,,,,,,,,,,,,,,,
321_23_forehead,,,,,,,,,,,,,,,,,,,p a r a,,,,,,,,,,,,,,,,,p a r a,,,,,,,,p a r a,,,,,,
322_141_hearto,u j a + r i + n i,u j a,,,u j a + r i,u j a + ɾ i,u j a + n a,u j a + n a,u j a,,,u j a,,u j a + ɾ i,u j a + ɾ i,u j a + r i + n i,,u j a + l i,,u j a,,u j a + n a,u j a,,,u j a,,u j a + r i,u j a,u j a,u j a + ɾ i,u j a + n a,u j a,u j a + n a,u j a + ɾ i,,u j a + ɾ i,u j a,,u j a,u j a + ɾ iː,o j a,u j a,,u j a + ɾ i,u j a,u j a,,,
325_141_hearto,,,,,,,,,,,,,,,,,,,i s + tʼ a,,,,,,i ʃ a + p a,,i ʃ p a,,,,,,,,,i s tʼ a,,,,,,,,i s tʼ a,,,,,,
326_50_bird,,,,,,,,,,,,,,,,,,,,,,,,pʰ tʃ iː n tʃ a,,,,,,,,,,,,,,,,,,,,,,,,tʃ iː n tʃ a,,
327_88_seed,m u r u,,,m u ɾ u,,m u ɾ u,,,,m u r u,m u r u,m u r u,,,,,m u r u,,,,m u ɾ u,,,,,,,m u r u,,,,,m u ɾ u,,,,,,m u ɾ u,,,,,,,m u ɾ u,,m uː χ o,m u ɾ u,m u r u
328_128_swimto,,,,,s a m b u + ʎ a,,,,,,,,,s a m b u + ʎ a,,,,,,,,,,,,,,,,,,,,,,,,,,,,,,,,,,,,
329_88_seed,,,,,,,,,,,,,,,,,,,,,,,,n oː n i,,,,,m u n i,,,,,,,,,,,,,m o n i,,,,,,,,
32_105_youngfemale,,,,,,,,,,,,,,,,,,,,,,,,,s i p a + s a,,s i p a + s a,,,,,,,,,,,,,,,,,,,,,,,
330_87_fatgrease,w i s i s i s i,,,,,,,,,,,,,,,w i s i s i s i,,,,,,,,,,,,,,,,,,,,,,,,,,,,,,,,,,
331_46_heart,!s̺/s ɔ n k ɔ,,s o n q o,s u ŋ χ u,s u n ɢ u,s o ŋ χ o,ʃ u n g u,ʃ u n g u,ʃ o ŋ q u,ʃ u n g u,ʃ u n ʁ u,ʃ o n q o,,s u n q u,s u n q u,s u n k u,ʃ u n q u,ʂ u n ʔ u,,ʃ o ŋ q u,ʃ o ɲ q u,ʃ u n g u,,,,ʂ u n ʔ u,,ʃ u n g u,s u n q u,ʃ o ŋ q u,s u n q u,ʃ u n g u,ʃ u ɴ χ u,,s u n ʁ u,,s u n q u,s u n g u,ʃ o ɲ q u,ʃ o ŋ q u,s o ŋ q o,s o n q o,ʃ u n g u,,s u n q u,ʃ o ŋ χ u,ʃ u n g u,,ʃ o ɲ q u,ʃ u n q u
332_93_grass,k a tʃ u,,,,,,,,,,,,,,,k a tʃʰ u,,,,,,,,,,,,,,,,,,,,,,,,,,k a tʃ a,,,,,,,,
333_46_heart,,,,,,,,,,,,,t u z i,,,,,,,,,,,t u s i,,,,,,,,,,,,,,,,,,,,,,,,tʃ u r s h i,,
334_46_heart,,,,,,,,,,,,,,,,,,,ʎ u q u,,,,,,,,,,,,,,,,,ʎ u q u,,,,,,,,ʎ u q u,,,,,,
335_72_water,,,,,,,,,,,,,,,,,,,u m a,,,,,,u m a,,u m a,,,,,,,,,u m a,,,,,,,,u m a,,,,,,
337_72_water,j a k u,j a k u,j a k u,j a k u,j a k u,j a k u,j a k u,j a k u,j a k u,j a k u,j a k u,j a k u,,,,j a k u,j a k u,j a k u,,j a k u,j a k u,j a k u,j a k u,,,j a k u,,j a k u,j a k u,j a k u,j a k u,j a k u,j a k u,j a k u,j a k u,,,j a k u,j a k u,j a k u,j a x u,j a k o,j a k u,,,j a g u,j a k u,,j a k u,j a k u
337_73_river,,,,,,,,j a k u,,,,,,,,,,,,,,,,,,,,,,,,j a k u,,j a k u,,,,j a k u,,,,,j a k u,,,,,,,
339_143_thinkoveraboutto,,,,,,,,,,,,,,,,,,,,,,,,,j u j a,,j u j a,,,,,,,,,,,,,,,,,,,,,,,
33_132_drinkto,,,,,,,,,,,,,,,,,,,u m a,,,,,,u m a,,u m a,,,,,,,,,u m a,,,,,,,,u m a,,,,,,
340_144_speakto,,,,,,,,,,,,,,,,,,,p a l a,,,,,,,,,,,,,,,,,p a r l a,,,,,,,,p a r l a,,,,,,
341_114_heavy,ʎ a k a k,ʎ a s a,ʎ a s a,ʎ a s a χ,ʎ a s a,ʎ a s a χ,ʎ a ʃ a g,ʎ a ʃ a,ʎ a s a,dʑ a ç a,l a s a,ʎ a ʃ a,,ʎ a s a,ʎ a s a,ʎ a s a k,l a s a,ʎ a s a ʔ,,ʎ a s a,l a s a q,ʎ a ʃ a x,ʒ a ʃ a,,,ʎ a s a ʔ,,dʑ a ç a,ʎ a s a,ʎ a s a,ʎ a s a,ʎ a ʃ a,l a s a,ʎ a ʃ a,ʎ a s a,,ʎ a s a,ʎ a s a,l a s a q,ʎ a s a,l a s a χ,ʎ a s a + j a + n i,ʎ a ʃ a,,ʎ a s a,l a s a,ʒ a ʃ a,,l a s a q,l a s a
342_114_heavy,,,,,,,,,,,,,,,,,,,h a tʰ i,,,,,,,,,,,,,,,,,h a tʰ i,,,,,,,,h a tʰ i,,,,,,
345_15_thouyousg,,,,,,,,,,,,,a m,,,,,,,,,,,,,,,,,,,,,,,,,,,,,,,,,,,aː m a,,
34_129_flyto,,,,,,,,,,,,p a r i,,,,,p aː r i,p aː l i,,,p aː r i,,p a r i,,,p aː l i,,,,,,,p aː ɾ i,,,,,,p aː r i,,,,,,,p aː ɾ i,,,p aː r i,
350_130_hideto,p a k a + n i,p a k a,p a k a,p a k a,p a k a,p a k a,p a k a + n a,p a k a + n a,p a k a,p a k a,p a k a,p a k a,,p a k a,p a k a,p a k a + n i,p a k a,p a k a,,p a k a,p a k aː,p a k a + n a,p a k a,,,p a k a,,p a k a,p a k a,p a k a,p a k a,p a k a + n a,p a k a,p a k a + n a,p a k a,,p a k a,p a k a + k u + tʃ i,p a k aː,p a k a,p a x a,p a k a + tʃ i,p a k a,,p a k a,p a g a,p a k a,,p a k aː,p a k a
352_130_hideto,,,,,,,,,,,,,,,,,,,i m a + n t a,,,,,,,,,,,,,,,,,i m a + n t a,,,,,,,,i m a + n t a,,,,,,
356_23_forehead,,,,,,,,,,,,,,,,,,,,,,,,,p a x ʈʂ h a,,p a x ʈʂ h a,,,,,,,,,,,,,,,,,,,,,,,
358_28_mouth,,,,,,,,,,,,,,,,,,,,,,,,,,,s i m i,,,,,,,,,,,,,,,,,,,,,,,
358_29_lip,,,,,,,,,,,,,,,,,,,,,,,,,ʃ i m i,,ʃ i p i + m p i,,,,,,,,,,,,,,,,,,,,,,,
359_3_three,,,,,,,,,,,,,,,,,,,k i m s a,,,,,,k i m s a,,k i m s a,,,,,,,,,k i n s a,,,,,,,,k i m s a,,,,,,
35_106_youngmale,,,,,,,,,,,,,,,,,,,w ai n a,,,,,,,,,,,,,,,,,w ai n a,,,,,,,,w ai n a,,,,,,
360_103_highup,h a n a k,h a n ai,,h a n ai,h a n a χ,h a n a χ,,,h a n ai,a n a x,h a n a,a n a χ,,h a n a χ,,h a n a k,h a n a,χ a n a,,h a n ai,x a ɲ a,,a n a χ,,,s a n a,,a n a k,h a n ai,h a n ai,,,x a n a,,,,,,x a ɲ a,h a n ai,a n a χ,h a n a n k,a n a k,,h a n a χ,χ a n a,h a n a x,,x a ɲ a,
362_30_tongue,,,,,,,,,,,,,l a z,,,,,,,,,,,n a s,,,,,,,,,,,,,,,,,,,,,,,,,,
363_103_highup,,w i ʈ ai,,,,,,,w i ʈ ai,,,,,,w i tʃ ai,,,,,w i ʈ ai,,,,,,w i tʃ a n,,,,w i ʈ ai,,,,,,,w i tʃ ai,w i tʃ ai,,w i ʈ ai,,,,,,,,,,
364_103_highup,,,,,,,,,,,,,,,,,,,a l a + j a,,,,,,a r i + j a,,a r i + j a,,,,,,,,,a r a + χ a,,,,,,,,a l a + j a,,,,,,
366_31_tooth,,,,,,,,,,,,,,,,,,,,,,,,,ʃ i m i,,ʃ i m i,,,,,,,,,,,,,,,,,,,,,,,
367_33_elbow,,,,,,,,,,,,,kʰ u ts,,,,,,,,,,,k u ts i,,,,,,,,,,,,,,,,,,,,,,,,k u ts i,,
368_34_neck,,,,,,,,,,,,,,,,,,,k u n k a,,,,,,k u n k a,,k u n k a,,,,,,,,,k u n k a,,,,,,,,k u n k a,,,,,,
369_38_knee,,,,,,,,,,,,,,,,,,,q u n q u r i,,,,,,q u n q u r u,,q u n q u r u,,,,,,,,,q u n q u r i,,,,,,,,q u n q u r i,,,,,,
36_138_liveto,,,,,,,,,,,k a w a,,,,,,k a w a,,,,k a w a,,,,,,,,,,,,k a w a,,,,,,k a w a,,,,,,,k a w a,,,k a w a,k a w a
370_81_rain,p a r a,p a ɾ a,p a r a,p a ɾ a,p a r a,p a ɾ a,,,,,,,,p a r a,p a r a,p a r a,,,,p a ɾ a,,,,,,,,,,p a ɾ a,p a r a,,,,p a r a,,p a r a,,,p a ɾ a,p a ɾ a,,,,p a r a,,,,,
371_41_skin,,,,,,,,,,,,,,,,,,,,,,,,,q a r a,,q a r a,,,,,,,,,,,,,,,,,,,,,,,
372_149_hitto,t a k a + n i,,t a k a,t a k a,t a k a,t a k a,,,,,t a k a,t a k a,,t a k a,t a k a,,,,,,,t a k a + n a,t a k a,,,,,,,,t a k a,,,,,,t a k a,t a k a + tʃ i,,,,t a k a + n i,,,,,t a k a,,,t a k a
373_149_hitto,,,,w a χ t a,,w a χ t a,w a g t a + n a,,,w a k t a,,,,,,w a k t a,,,,,,,,,,,,w a k t a,,,,,,w a k t a + n a,w a χ t a,,,,,,,,w a x t a,,w a χ t a,,,,,
374_133_biteto,k a n i + n i,k a n i,k a n i,k a n i,,k a n i,,k a n i + n a,k a n i,k a n i,k a n i,k a n i,,k a n i,k a n i,k a n i + n i,k a ɲ i,k a n i,,k a n i,k a n i,k a n i + n a,k a n i,,,k a n i,,k a n i,,k a n i,k a n i,k a n i + n a,k a n i,k a n i + n a,k a n i,,k a n i,k a n i,k a n i,k a n i,k a n iː,k a m i + n i,k a n i,,k a n i,k a n i,k a n i,,k a n i,k a n i
376_133_biteto,,,,,,,,,,,,,,,,,,,,,,,,,h au tʃʼ i,,h au tʃʼ i,,,,,,,,,,,,,,,,,,,,,,,
377_42_fingernail,,,,,,,,,,,,,,,,,,,s i ʎ u,,,,,,ʃ i ʎ u,,ʃ i ʎ u,,,,,,,,,s i ʎ u,,,,,,,,s i ʎ u,,,,,,
379_42_fingernail,,,,,,,,,,,,,,,,,,,,,,,,s iː ʎ o,,,,,,,,,,,,,,,,,,,,,,,,s iː ʎ o,,
37_149_hitto,,,,,,,,s a g m a + n a,,,,,,,,,,,,,,,,,,,,,,,,s a g m a + n a,,,,,,,,,,,,,,,,,,
380_45_breast,,,,,,,,,,,,,,,,,,,ɲ u ɲ u,,,,,,ɲ u ɲ u,,ɲ u ɲ u,,,,,,,,,ɲ u ɲ u,,,,,,,,ɲ u ɲ u,,,,,,
381_54_horn,w a k r a,w a q ɾ a,w a q r a,w a χ ɾ a,w a χ r a,w a χ ɾ a,,,w a q l a,w a k r a,w a ʁ r a,w a q r a,,w a χ r a,w a χ r a,w a k r a,w a χ r a,w a ʔ l a,,w a q ɾ a,w a q ɾ a,,w a χ r a,,,w a ʔ l a,,w a k r a,w a χ r a,w a q ɾ a,w a χ r a,,w a χ ɾ a,,w a χ r a,,w a χ r a,,w a q ɾ a,w a q ɾ a,w a χ ɾ a,w a k r a,,,w a χ r a,w a χ ɾ a,,,w a q ɾ a,w a q r a
384_48_fox,,,,,,,,,,,,,,,,,,,,,,,,,a t u q u,,a t u q u,,,,,,,,,,,,,,,,,,,,,,,
385_5_five,,,,,,,,,,,,,pʰ i s q a,,,,,,pʰ i tʃ q a,,,,,,p i tʃ q a,,p i tʃ q a,,,,,,,,,p i tʃ q a,,,,,,,,pʰ i s q a,,,,,,
386_113_empty,,,,,,,,,,,,i ʎ a x,,,,,,,,,,,,,,,,,i ʎ a χ,,,,i l aː,,,,,,,,,,,,,i l a,,,,
388_54_horn,,,,,,,,,,,,,,,,,,,,,,,,,,,,,,,,,,,,w a χ r a,,,,,,,,w a χ r a,,,,,,
389_65_husband,k ɔ s a,q o s a,w o s a,χ u s a,χ u s a,χ o s a,k u s a,k u s a,q o s a,k u s a,q u w a,q u s a,,q u s a,q u s a,k u s a,q u s a,ʔ u s a,,q o s a,q o w a,k u s a,χ u s a,,,ʔ u s a,,k u s a,q u s a,q o s a,q u s a,,χ o w a,k u s a,q u s a,,q u s a,k u s a,q o w a,q o s a,q o s a,k o s a,,,,χ o w a,k u s a,,q o w a,q u s a
391_65_husband,,,,,,,,,,,,,,,,,,,tʃ a tʃ a,,,,,,,,,,,,,,,,,tʃ a tʃ a,,,,,,,,tʃ a tʃ a,,,,,,
392_65_husband,,,,,,,,,,,,,,,,,,,,,,,,,h ai n u,,h ai n u,,,,,,,,,,,,,,,,,,,,,,,
394_6_six,,,,,,,,,,,,,,,,,,,s u χ t a,,,,,,,,,,,,,,,,,s u χ t a,,,,,,,,,,,,,,
395_60_name,,,,,,,,,,,,,,,,,,,s u t i,,,,,,ʃ u t j i,,ʃ u t j i,,,,,,,,,s u t i,,,,,,,,s u t i,,,,,,
396_68_sun,,,,,,,,,,,,,,,,,,,i n t i,,,,,,i n t i,,i n t j i,,,,,,,,,i n t i,,,,,,,,i n t i,,,,,,
396_7_seven,,,,,,,,,,,,,,,,,,,,,,,,,q a n ʈʂ i s i,,q a n ʈʂ i s i,,,,,,,,,,,,,,,,,,,,,,,
397_73_river,,,,,,,,,,,,,,,,,,,,,,,,,m a j u,,m a j u,,,,,,,,,,,,,,,,,,,,,,,
398_75_fire,,,,,,,,,,,,,,,,,,,n i n a,,,,,,n i n a,,n i n a,,,,,,,,,n i n a,,,,,,,,n i n a,,,,,,
399_38_knee,k ɔ n k ɔ r,q o n q o ɾ,,,,,k u n g u ɾ i,k u n g u r i,q o n q o l,k u n g u r i,q u n ʁ u,q u n g u r i,,q u n q u r,,k u n k u r,q u n q u r,ʔ u n ʔ u l,,q o n q o ɾ,q o ɲ q o ɾ,k u n g u ɾ i,q u n ɢ u r i,,,ʔ u n ʔ u l,,k u n g u r i,q u n q u r,q o n q o ɾ,,k u n g u r i,χ o ɴ χ u ɾ,k u n g u r i,,,q u n q u r i,k u n g u r,q o ɲ q o ɾ,q o n q o ɾ,q o ŋ q o ɾ i,k o n q o r i,k u n g u r i,,q u n q u r,χ o ŋ χ u !ʐ/r,,,q o ɲ q o ɾ,q u n q u r i
39_113_empty,,,,,,,,,,,,,,,,,,,,,,,,,h aː m a,,h a m a,,,,,,,,,,,,,,,,,,,,,,,
3_109_besick,,,,,,,,,q i ʃ a,,ɢ i ʃ i j a,q i ʃ a,,,,,q i ʃ j a,ʔ i ʃ j a,,,q i ʃ j a,,q i ʃ a,,,h i ʃ j a,,,q i ʃ a,,,,χ e ʃ j a,,,,,,q i ʃ j a,,,q i χ j a + n i,,,,χ e ʃ j a,,,q i ʃ j a,q i ʃ j a
400_33_elbow,,,,,,,,,,,,,,,,,,,,,,,,,,,,,,,,,,m ui k u,,,m u q u,,,,m o χ o,,,,m u q i + t i,,,,,
400_38_knee,,,m o q o,m u χ u,m u χ u,m o χ o,,,,,,,,,m u q u,m u s u,,,,,,,,,,,,,,,m u q u,,,,,,,,,,,,m u k u,,,,,,,
403_79_sand,,,,,,,,,,,,,,,,,,,a q u,,,,,,a q u,,a q u,,,,,,,,,,,,,,,,,,,,,,,
404_8_eight,,,,,,,,,,,,,,,,,,,,,,,,,p u s a q a,,p u s a q a,,,,,,,,,,,,,,,,,,,,,,,
405_51_worm,,,,,,,,,,,,,l a qʼ u,,,,,,l a qʼ u,,,,,,,,,,,,,,,,,l a qʼ u,,,,,,,,l a qʼ u,,,,,,
406_80_gold,,,,,,,,,,,,,qʰ u r i,,,,,,q u r i,,,,,,q u r i,,,,,,,,,,,q u r i,,,,,,,,q u r i,,,,,,
408_83_wind,,,,,,,,,,,,,,,,,,,,,,,,,,,,,,,,,,,,w ai r a,,,,,,,,w ai r a,,,,,,
409_142_knowto,j a tʃ a + n i,j a ʈ a,j a tʃ a,j a tʃ a,j a tʃ a,j a tʃ a,j a tʃ a + n a,j a tʃ a + n a,j a ʈ a,j a ʈʂ a,j a tʃ a,j a ʈʂ a,,j a tʃ a,j a tʃ a,j a tʃ a + n i,j a tʃ a,j a ʈʂ a,,j a ʈ a,j a tʃ a,j a tʃ a + n a,j a ʈʂ a,,,j a ʈʂ a,,j a tʃ a,j a ʈʂ a,j a ʈ a,j a tʃ a,j a tʃ a + n a,j a ʈʂ a,j a tʃ a + n a,j a tʃ a,,j a tʃ a,j a tʃ a,j a tʃ a,j a ʈ a,j a tʃ a,j a tʃ a + n i,j a tʃ a,,j a tʃ a,j a ʈʂ a,j a tʃ a,,j a tʃ a,j a ʈʂ a
409_143_thinkoveraboutto,,,,,,,,,,,,,,,,,,,,,,,,,,,,,,,,,,,,,,,,,j a tʃ a,,,,,,,,,
40_119_dry,tʃ a k i,tʃ a k i,tʃ a k i,tʃ a k i,tʃ a k i,tʃ a k i,tʃ a k i + ʃ k a,tʃ a k i + tʃ i + n a,tʃ a k i,tʃ a k i,ts a k i,tʃ a k i,,tʃʼ a k i,tʃʼ a k i,tʃʰ a χ i,tʃ a k i,tʃ a k i,,tʃ a k i,ts a k i,tʃ a k i + ʃ k a,tʃ a k i,,,tʃ a k i,,tʃ a k i,tʃ a k i,tʃ a k i,tʃʼ a k i,tʃ a k i + tʃ i + n a,s a k i,tʃ a k i + ʃ k a,tʃʼ a k i,,tʃʼ a k i,tʃ a x i + s k a,ts a k i,tʃ a k i,tʃ a x i,tʃʼ a k i,tʃ a k i + ʃ k a,,tʃʼ a k i,tʃ a g i,tʃ a k i + ʃ k a,,ts a k i,ts a k i
412_84_bread,,,,,,,,,,,,,,,,,,,tʼ a n tʼ a,,,,,,tʼ a n t i,,tʼ a n t i,,,,,,,,,tʼ a n tʼ a,,,,,,,,tʼ a n tʼ a,,,,,,
413_85_meatswflesh,,,,,,,,,,,,,,,,,,,ai tʃ a,,,,,,,,,,,,,,,,,ai tʃ a,,,,,,,,ai tʃ a,,,,,,
414_86_salt,,,,,,,,,,,,,,,,,,,,,,,,,k a t j i,,k a t j i,,,,,,,,,,,,,,,,,,,,,,,
415_9_nine,,,,,,,,,,,,,,,,,,,,,,,,,i s q u ɲ a,,i s q u ɲ a,,,,,,,,,,,,,,,,,,,,,,,
416_145_laughto,a s i + n i,a s i,a s i,a s i,a s i,a s i,a s i + n a,a s i + n a,a s i,a s i,a s i,a s i,,a s i,a s i,a s i + n i,a s i,a s i,,a s i,a s i,a s i + n a,a s i,,,a s i,,a s i,a s i,a s i,a s i,a s i + n a,a j i,a s i + n a,a s i,,a s i,a s i,a s i,a s i,a s !iː/i,a s i + n i,a s i,,a s i,,a s i,,a s i,a s i
417_145_laughto,,,,,,,,,,,,,,,,,,,l a r u,,,,,,n a r u,,n a r u,,,,,,,,,l a r u,,,,,,,,l a r u,,,,,,
419_90_root,,,,,,,,,,,,,,,,,,,s a pʰ a,,,,,,,,,,,,,,,,,s a pʰ i,,,,,,,,s a pʰ i,,,,,,
41_119_dry,,,,,,,,,,,,,qʰ u t ɲ i,,,,,,,,,,,kʰ o ɲ i,,,,,,,,,,,,,,,,,,,,,,,,,,
420_49_mouse,,,,,,,,,,,,,,,,,,,,,,,,,h u tʃ q a,,h u tʃ q a,,,,,,,,,,,,,,,,,,,,,,,
423_92_leaf,,,,,,,,,,,,,,,,,,,l a pʰ i,,,,,,,,,,,,,,,,,l a pʰ i,,,,,,,,l a pʰ i,,,,,,
424_56_wing,,,r a p r a,ɾ a p ɾ a,r a p r a,ɾ a p ɾ a,,,,,,,,,r a ɸ r a,,,l a p l a,,,,,,,,l a p l a,,,,,,,,,,,,,,,,,,,,!ʐ/r a p r a,,,,
424_92_leaf,,ɾ a p ɾ i,,ɾ a p ɾ a,,,,,l a p l a,r a p r a,r a p r a,r a p r a,,,,,r a p r a,l a p l a,,ɾ a p ɾ a,ɾ a p ɾ a,,!r̝/r a p r a,,,l a p l a,,r a p r a,l a p r a,,,,ɾ a p ɾ a,,,,,,,ɾ a p ɾ a,,r a p r a,,,,!ʐ/r a p r a,,,,r a p r a
425_92_leaf,,,,,,,p a n g a,p a n g a,,,,,,,,,,,,,,f a n g a,,,,,,,,,,p a n g a,,p a n g a,,,,p a n g a,,,,,p a n g a,,,,pʰ a n g a,,,
427_92_leaf,,,,,,,,,,,,,,,,,,,,,,,,,n a pʰ r a,,n a pʰ r a,,,,,,,,,,,,,,,,,,,,,,,
428_92_leaf,,,,,,,,,,,,,,,,,,,,,,,,t u k,,,,,,,,,,,,,,,,,,,,,,,,t u k a,,
429_93_grass,,,,,,,,,,,,,,,,,,,q u r a,,,,,,,,,,,,,,,,,,,,,,,,,q u r a,,,,,,
431_94_flower,,,,,,,,,,,,,,,,,,,,,,,,,w ai t a,,w ai t j a,,,,,,,,,,,,,,,,,,,,,,,
433_113_empty,,,,,,,,,,,h i n eː ʎ a,,,,,,,,,,,,,,,,,,,,,,,,,,,,,,,,,,,,,,,i n a ʎ a
434_13_lefthandside,ʎ ɔ k e + ɲ e k + m a n,,ʎ o k e,,,,ʎ u k i,ʎ u k i,,dʑ u k i,,,,ʎ u qʼ i,ʎ u qʼ i,ʎ u χ i,,,,,,ʎ u k i,,,,,,dʑ u k i,,,ʎ u qʼ i,ʎ u k i,,ʎ u k i,ʎ u qʼ i,,ʎ u qʼ i,ʎ u x i,,,ʒ o χ e,ʎ u x e + m a k i,ʎ u k i,,ʎ u qʼ i,,ʒ u k i,,,
435_13_lefthandside,,i tʃ o q,,i tʃ u χ,i tʃ u χ,i tʃ o χ,,,i tʃ o q,,i ts u χ,i tʃ u χ,,,,,i tʃ u χ,i tʃ u ʂ,,i tʃ o q,i ts o q,,i tʃ u q,,,i tʃ u ʂ,,,,i tʃ o q,,,,,,,,,i ts o q,i tʃ o q,,,,,,i tʃ o χ,,,i ts o q,i ts u q
437_113_empty,,,,,,,,,,,,,,,,,,,,,,,,,,,,,,,,,,,,,,,w ai ʎ a,,,,,,,,,,w ai ʎ a,
437_115_lightnotheavy,,,,,,,,,,,,,,,,w ai r ai,,,,,,,,,,,,,,,,,,,,,,,,,,w ai r a,,,,,,,,
438_67_night,,,,,,,,,,,ts a k e,,,,,,tʃ a k ai,,,,tʃ a q ai,,,,,,,,,,,,,,,,,,tʃ a q ai,,,,,,,,,,tʃ a k ai,
439_49_mouse,,,,,,,,,,,,,a tʃ u k u,,,,,,,,,,,,,,,,,,,,,,,,,,,,,,,,,,,,,
43_109_besick,,,,,,,,,,,,,,,,,,,u s u,,,,,,u s u,,u s u,,,,,,,,,u s u,,,,,,,,u s u,,,,,,
440_117_warmhotsw,,,,,,,,,,,a tʃ a q,,,,,,a k a χ,a k a ʈʂ a q,,,,,,,,a k a ʈʂ a q,,,a k a tʃ a q,,,,,,,,,,,,,,,,,a k a,,,,a tʃ a tʃ a q
442_37_leg,tʃ a n k a,,tʃ a n k a,tʃ a n k a,,tʃ a n k a,tʃ a n g a,tʃ a n g a,,ʈʂ a n g a,tʃ a n k a,ʈʂ a n g a,,,,tʃ a n k a,tʃ a n k a,ʈʂ a n k a,,,tʃ a ɲ k a,tʃ a n g a,ʈʂ a n g a,,,ʈʂ a n k a,,tʃ a n g a,ʈʂ a n k a,,,tʃ a n g a,ʈʂ a ŋ k a,tʃ a n g a,,,,tʃ a n g a,tʃ a ɲ k a,,tʃ u ŋ k a,,tʃ a n g a,,,ʈʂ a ŋ k a,tʃ a n g a,,tʃ a ɲ k a,ʈʂ a n k a
444_37_leg,,,,,,,,,,,,,l i s,,,,,,,,,,,l i ʃ l a + ts a p + ts a p ts,,,,,,,,,,,,,,,,,,,,,,,,,,
449_136_spitto,,,,,,,,t i j u k a + n a,,,,,,,,,,,,,,,,,,,,,,,,t i j u k a + n a,,t i j u k a + n a,,,,,,,,,t i j u k a,,,,,,,
44_107_oldman,,,,,,,,,,,,,,,,,,,a tʃ a + tʃ i,,,,,,a tʃ a + k a,,a tʃ a + k a,,,,,,,,,,,,,,,,,a tʃ i + tʃ i,,,,,,
450_135_lickto,ʎ a tʃ w a + n i,ʎ a q w a,ʎ a q w a,ʎ a χ w a,ʎ a χ w a,ʎ a χ w a,ʎ a g w a + n a,,ʎ a q w a,dʑ a k w a,ʎ a q w a,ʎ a q w a,,ʎ a q w a,ʎ a χ w a,ʎ a k w a + n i,ʎ a q w a,ʎ a ʔ w a,,ʎ a q w a,l a q w a,,ʒ a χ w a,,,ʎ a ʔ w a,,dʑ a k w a,ʎ a q w a,ʎ a q w a,ʎ a q w a,,l a ʁ w a,,ʎ a q w a,,ʎ a χ w a,ʎ a k w a,l a q w a,ʎ a q w a,ʒ a χ w a,ʎ a k w a + n i,,,ʎ a χ w a,l a χ w a,,,l a q w a,l a q w a
451_135_lickto,,,,,,,,,,,,,i s z,,,,,,,,,,,,,,,,,,,,,,,,,,,,,,,,,,,,,
452_135_lickto,,,,,,,,,,,,,,,,,,,h a ʎ qʼ a,,,,,,h a ʎ p i,,h a ʎ p a,,,,,,,,,h a ʎ qʼ a,,,,,,,,h a ʎ qʼ a,,,,,,
453_150_pushto,,,,,,,,,,,,k u m s a,,,,,,k u m s a,,,k u m a,,k u m s a,,,k u m s a,,,k u m s a,,,,k u m a,,,,,,k u m a,,,,,,,k u m a,,,k u m a,
456_27_ear,,,n i n r i,,,,,,,,,,,n i n r i,n i n r i,,,,,,,,,,,,,,,,n i n r i,,,,n i n r i,,n i n r i,,,,n i ŋ ɾ i,,,,n i n r i,,,,,
457_39_blood,,,,,,,,r a w ai,,,,,,,,,,,,,,,,,,,,,,,,r a w ai,,,,,,,,,,,,,,,,,,
459_115_lightnotheavy,,,p a n q a,,,,p a n g a + ʎ a,p a n g a + ʎ a,,,,,,,,,,,,,,f a n g a + ʎ a,,,,,,,,,,p a n g a + ʎ a,,p a n g a + ʎ a,,,,,,,,,p a n g a + ʎ a,,,,p a n g i + ʒ a,,,
460_115_lightnotheavy,,,tʃ a ʎ a,,,,,,,,,,,,tʃʰ a ʎ a,,,,,,,,,,,,,,,,tʃʰ a ʎ a,,,,,,,,,,,,,,,,,,,
461_115_lightnotheavy,,,,,,,,,,,,,,,,,,h a k j a,,,,,,,,,,,ʃ a k j a + ʎ a,,,,,,,,,,,,,,,,,,,,,
462_53_egg,,,,,,,,l u l u n,,,,,,,,,,,,,,l u l u n,,,,,,,,,,l u l u n,,l u l u n,,,,,,,,,l u l u n,,,,l u l u n,,,
466_92_leaf,,,,ʎ a χ i,,ʎ a χ e,,,,,,,,,,,,,,,,,,,,,,,,,,,,,,,,,,,,,,,,,,,,
467_97_black,j a n a,j a n a,j a n a,j a n a,j a n a,j a n a,j a n a,j a n a,j a n a,j a n a,j a n a,j a n a,,j a n a,j a n a,j a n a,j a n a,j a n a,,j a n a,j a ɲ a,j a n a,j a n a,,,j a n a,,j a n a,j a n a,j a n a,j a n a,j a n a,j a n a,j a n a,j a n a,,j a n a,j a n a,j a ɲ a,j a n a,j a n a,j a n a,j a n a,,j a n a,j a n a,j a n a,,j a ɲ a,j a n a
468_97_black,,,,,,,,,,,,,ts o k,,,,,,,,,,,tʃʼ o k i n i,,,,,,,,,,,,,,,,,,,,,,,,,,
469_97_black,,,,,,,,,,,,,,,,,,,tʃʼ aː r a,,,,,,tsʼ i r a r a,,ʈʂʼ i r a r a,,,,,,,,,tʃʼ a r a,,,,,,,,tʃʼ i j a r a,,,,,,
470_29_lip,,,s i r p a,,,,w i ɾ p a,,,,,,,w i r pʰ a,w i r pʼ a,w i r p a,w i r p a,w i ʎ p a,,,w i ɾ p a,,,,,w i ʎ p a,,,,,,,w i ɾ p a,,,,,,w i ɾ p a,,,w i r p a,,,,w i r p a,,,w i ɾ p a,
472_29_lip,,,,,,,,,,,,,,,,,,,i s p i ʎ u,,,,,,,,,,,,,,,,,,,,,,,,,i s p i ʎ u,,,,,,
474_29_lip,,,,,,,,,,,,,,,,s i p r i,,,,,,,,,,,,,,,,,,,,,,,,,s i p ɾ iː,,,,,,,,,
478_96_road,,,,,,,,,,,n aː n i,,,,,,n aː n i,,,,ɲ aː ɲ i,,,,,,,,,,,,,,,,,,ɲ aː ɲ i,,,,,,,,,,ɲ aː ɲ i,n aː n i
47_124_cometo,,,,,,,,,,,,,,,,,,,h u t a,,,,,,u x t a,,u x t a,,,,,,,,,h u tʰ a,,,,,,,,h u t a,,,,,,
481_138_liveto,k au s a + n i,k au s a,k au s a,k au s a,k au s a,k au s a,k au s a + n a,k au s a + n a,k au s a,k au s a,,k au s a,,k au s a,k au s a,k au s a,,k au s a,,k au s a,,k au s a + n a,k au s a,,,k au s a,,k au s a,k au s a,k au s a,k au s a,k au s a + n a,,k au s a + n a,k au s a,,k au s a,k au x s a,,k au s a,k au s a,k au s a + n i,k au s a,,k au s a,,k au s a,,,
483_138_liveto,,,,,,,,,,,,,,,,,,,h a k a,,,,,,h a k a,,h a k a,,,,,,,,,h a k a,,,,,,,,h a k a,,,,,,
487_100_green,,,,,,,,,,,,,,,,,,,tʃʼ u χ ɲ a,,,,,,,,,,,,,,,,,tʃʼ u χ ɲ a,,,,,,,,tʃʼ u χ ɲ a,,,,,,
488_130_hideto,,,,,,,,,,,,,,,,,,,,,,,,,i m kʰ a,,i m kʰ a,,,,,,,,,,,,,,,,,,,,,,,
489_52_louse,u s a,u s a,u s a,u s a,u s a,u s a,u s a,u s a,u s a,u s a,u w a,u s a,,u s a,u s a,u s a,u s a,u s a,,u s a,u x a,u s a,,,,u s a,,u s a,u s a,u s a,u s a,u s a,u w a,u s a,u s a,,u s a,u s a,,u s a,u s a,u s a,u s a,,u s a,u w a,u s a,,u w a,u s a
48_27_ear,r i n r i,ɾ i n ɾ i,r i n r i,ɾ i ŋ ɾ i,l i n r i,ɾ i ŋ ɾ i,ɾ i n ɾ i,r i n r i,l i n l i,r i n r i,r i n r i,r i n r i,,l i n r i,r i n r i,r i n r i,r i n r i,l i n l i,,ɾ i n ɾ i,ɾ i ɲ ɾ i,ɾ i n ɾ i,!r̝/r i n r i,,,l i n l i,,r i n r i,l i n r i,l i n ɾ i,l i n r i,r i n r i,ɾ i ŋ ɾ i,ɾ i n r i,l i n r i,,r i n r i,r i n r i,ɾ i ɲ ɾ i,ɾ i n ɾ i,,r i ŋ r i,r i ŋ r i,,r i n r i,!ʐ/r i ŋ ɾ i,!r̝/r i n !r̝/r i n,,ɾ i ɲ ɾ i,r i n r i
490_52_louse,,,,,,,,,,,,,s a m i,,,,,,,,,,,s aː m i,,,,,,,,,,,,,,,,,,,,,,,,,,
491_52_louse,,,,,,,,,,,,,,,,,,,l a pʼ a,,,,,,n a pʼ a,,n a pʼ a,,,,,,,,,l a pʼ a,,,,,,,,l a pʼ a,,,,,,
494_33_elbow,,,k u k u tʃ u,,,,,,,,,,,,k u k u tʃ u,,,,,,,,,,,,,,,,,,,,,,,,,,,,,,,,,,,
495_33_elbow,,,,,,,,,,,,k u k u ʈʂ i,,,,,,,,,k u k u tʃ i,,k u k u ʈʂ i,,,,,,,,,,,,,,,,,,,,,,,,,,,k u k u ʈʂ i
496_33_elbow,,,,,,,,,,,k u k u ʃ,,,,,,k u k u ʃ,,,,k u k u ʃ,,,,,,,,,,,,,,,,,,k u k u ʃ,,,,,,,,,,k u k u ʃ,
497_58_manswadultmale,k a r i,q a ɾ i,q a r i,χ a ɾ i,χ a r i,χ a ɾ i,k a ɾ i,k a r i,q a l i,,,,,qʰ a r i,qʰ a r i,χ a r i,,k a ɾ i,,q a ɾ i,,k a ɾ i,,,,,,,q a r i,q a ɾ i,qʰ a r i,k a r i,,k a r i,qʰ a r i,,qʰ a r i,k a r i,,q a ɾ i,q a ɾ i,k a r i,k a r i,,qʰ a r i,,kʰ a r i,,,
497_65_husband,,q a ɾ i,,,,,,,q a l i,,,,,,,,,,,q a ɾ i,,,,,,,,,,q a ɾ i,,,,,,,,,,q a ɾ i,,,k a r i,,qʰ a r i,,,,,
498_58_manswadultmale,,,,,,,,,,,u ʎ ʁ u,u ʎ ʁ u,,,,,u ʎ q u,,,,o ʎ q u,,u ʒ ɢ u,,,u ʎ ʔ u,,,,,,,u l χ o,,,,,,o ʎ q u,,,h u r k o,,,,o l χ u,,,o ʎ q u,u ʎ q u
499_58_manswadultmale,,,,,,,,,,,,,,,,,,,tʃ a tʃ a,,,,,,,,,,,,,,,,,tʃ a tʃ a,,,,,,,,tʃ a tʃ a,,,,,,
4_66_day,,,,,,,,,,,h u n a q,,,,,,h u n a χ,,,,x u ɲ a q,,u n a χ,,,,,,,,,,x u n a χ,,,,,,x u ɲ a q,,,,,,,χ o n a χ,,,x u ɲ a q,u n a q
500_58_manswadultmale,,,,,,,,,,,,,,,,,,,,,,,,s oː ɲ i,,,,,,,,,,,,,,,,,,,,,,,,s uː n eː,,
502_103_highup,h a n a n,,h a n a n,,,,,,,,,,,,,h a n a n,,,,,,,,,,,,,,,,,,,,,,,,,,,,,,,,,,
505_104_small,h u tʃ ui,,h u tʃ ui,u tʃ ui,,u tʃ ui,u tʃ i + ʎ a,i tʃ i + ʎ a,,u tʃ ui + ʎ a,,,,h u tʃʼ ui,h u tʃʼ ui,h u tʃ ui,,,,,,u tʃ i + ʎ a,,,,,,,u tʃ ui,,h u tʃʼ ui,i tʃ i + ʎ a,,u tʃ i + ʎ a,h u tʃʼ ui,,h u tʃʼ ui,u tʃ u + ʎ a,,,u t u + l a,u tʃ u,i tʃ i + ʎ a,,h u tʃʼ ui,,u tʃ i + ʒ a,,,
506_57_manswperson,r u n a,ɾ u n a,r u n a,ɾ u n a,r u n a,ɾ u n a,ʃ u g + ɾ u n a,r u n a,,r u n a,r u n a,r u n a,,r u n a,r u n a,r u n a,r u n a,n u n a,,ɾ u n a,ɲ u ɲ a,,r u n a,,,n u n a,,r u n a,r u n a,l u n a,r u n a,r u n a,ɾ u n a,ɾ u n a,!r̝/r u n a,,r u n a,r u n a,r u n a,ɾ u n a,,r u n a,r u n a,,r u n a,n u n a,!r̝/r u n a,,r u n a,r u n a
508_57_manswperson,,,,,,,,,,,,,,,,,,,h a q i,,,,,,h a q i,,h a q i,,,,,,,,,h a q i,,,,,,,,h a q i,,,,,,
50_27_ear,,,,,,,,,,,,,,,,,,,h i n tʃ u,,,,,,h i n tʃ u,,h i n tʃ u,,,,,,,,,h i n tʃ u,,,,,,,,h i n tʃ u,,,,,,
511_104_small,,u tʃ u k,,,,,,,u tʃ u k,,i tʃ i k,,,,,,i tʃ i k,u tʃ u k,,u tʃ u k,,,,,,u tʃ u k,,,,u tʃ u k,,,u tʃ u k,,,,,,,u tʃ u k,,,,,,i tʃ i k + l a,,,,u tʃ u k
512_58_manswadultmale,,,,,,,,,,u dʑ k u,,,,,,,,,,,,,,,,,,u dʑ k u,,,,,,,,,,,,,,,,,,,,,,
513_76_smoke,,h u ʃ t a,,,,,,,h u ʃ t a,,,,,,,,q u ʃ t ai,,,h u ʃ t a,,,,,,,,,,h u ʃ t a,,,,,,,,,,h u ʃ t a,,,,,,χ o ʂ ʈʂ i,,,q o ʃ t ai,
514_111_many,,a tʃ k a,a s k a,a tʃ k a,a tʃ k a,a tʃ k a,a tʃ k a,a ʃ k a,a tʃ k a,,a ts k a,a tʃ k a,,a tʃ kʰ a,a s kʰ a,a tʃ k a,a tʃ k a,a tʃ k a,,a tʃ k a,a tʃ k a,a tʃ k a,a tʃ k a,,,a tʃ k a,,a tʃ k a,a tʃ k a,a tʃ k a,a ʃ kʰ a + s,a ʃ k a,,a tʃ k a,a ʃ kʰ a,,a ʃ kʰ a,a tʃ k a,a tʃ k a,a tʃ k a,a tʃ k a,a tʃ i k a,a ʃ k a,,a ʃ kʰ a,a tʃ k a,a tʃ k a,,a tʃ k a,a ts k a
520_148_sewto,,,,,,,,,h i l a,,h i ɾ a,,,,,,h i ɾ a,h i l a,,,x i ɾ a,,,,,,,,,,,,x i ɾ a,,,,,,x i ɾ a,,,,,,,χ e ɾ a,,,x i ɾ a,i r a
525_85_meatswflesh,ai tʃ a,ai tʃ a,ai tʃ a,ai tʃ a,ai tʃ a,ai tʃ a,ai tʃ a,ai tʃ a,ai tʃ a,ai tʃ a,eː ts a,ai tʃ a,,ai tʃ a,ai tʃ a,ai tʃ a,ai tʃ a,ai tʃ a,,ai tʃ a,ai ts a,ai tʃ a,ai tʃ a,,,ai tʃ a,,ai tʃ a,ai tʃ a,ai tʃ a,ai tʃ a,ai tʃ a,ai s a,ai tʃ a,ai tʃ a,,ai tʃ a,ai tʃ a,ai ts a,ai tʃ a,ai tʃ a,ai tʃ a,ai tʃ a,,ai tʃ a,ai tʃ a,ai tʃ a,,ai ts a,eː ts a
526_149_hitto,,,,,,,,,,,,,,,,,,,l i qʼ i,,,,,,,,,,,,,,,,,l i qʼ i,,,,,,,,l i qʼ i,,,,,,
527_1_one,,,,,,,,,,,,,,,,,,,m a j a,,,,,,m a j a,,m a j a,,,,,,,,,m a j a,,,,,,,,m a j a,,,,,,
530_85_meatswflesh,,,,,,,,,,,,,,,,,,,,,,,,h i l j i,h a n tʃ i,,h a n tʃ i,,,,,,,,,,,,,,,,,,,,,h i l j e,,
536_69_moon,k i ʎ a,k i ʎ a,k i ʎ a,k i ʎ a,k i ʎ a,k i ʎ a,k i ʎ a,k i ʎ a,k i ʎ a,k i dʑ a,k i ʎ a,k i dʑ a,,k i ʎ a,k i ʎ a,χ i ʎ a,k i ʎ a,k i ʎ a,,k i ʎ a,k i ʎ a,k i ʎ a,k i ʒ a,,,k i ʎ a,,k i dʑ a,k i ʎ a,k i ʎ a,k i ʎ a,k i ʎ a,k i l a,k i ʎ a,k i ʎ a,,k i ʎ a,x i ʎ a,k i ʎ a,k i ʎ a,k i ʒ a,k i ʎ a,k i ʎ a,,k i ʎ a,k i l a,k i ʒ a,,k i ʎ a,k i ʎ a
537_69_moon,,,,,,,,,,,,,h iː z,,,,,,,,,,,j iː ʃ,,,,,,,,,,,,,,,,,,,,,,,,tʃʼ iː s i,,
538_69_moon,,,,,,,,,,,,,,,,,,,pʰ a χ s i,,,,,,p a x ʃ i,,p a x ʃ i,,,,,,,,,pʰ a χ s i,,,,,,,,pʰ a χ s i,,,,p a χ s eː,,
53_114_heavy,,,,,,,,,,,,,,,,,,,,,,,,,p i s k i,,p i s k i,,,,,,,,,,,,,,,,,,,,,,,
544_51_worm,,,,,,,,,,,,,,,,,,,,,,,,k u tʃ iː,,,,,,,,,,,,,,,,,,,,,,,,k uː dz i,,
546_74_mountain,ɔ r k ɔ,o ɾ q u,o r q o,u ɾ χ u,u r ɢ u,o ɾ χ o,u ɾ k u,u r k u,o l q u,u r k u,,u r q u,,u r q u,u r q u,u r χ u,,u l ʔ u,,o ɾ q u,,u ɾ k u,,,,u l ʔ u,,u r k u,u r q u,o ɾ q u,u r q u,u r k u,,u r k u,u r ʁ u,,u r q u,,,o ɾ q u,o ɾ q o,u r k o,u r k u,,u r q u,,u r k u,,,
547_74_mountain,,,,,,,,,,,,,,,,,,,,,,,,oː χ sʰ a,,,,,,,,,,,,,,,,,,,,,,,,oː χ s ai,,
554_49_mouse,h u k u + tʃ a,u k u + tʃ a,h u k u + tʃ a,u k u + tʃ a,u k u + tʃ a,u k u + tʃ a,u k u + tʃ a,u k u + tʃ a,u k u + tʃ a,,,u k u + tʃ a,,h u kʼ u + tʃ a,h u kʼ u + tʃ a,h u k u + tʃ a,u k u + tʃ a,,,u k u + tʃ a,,u k u + tʃ a,u k u + tʃ a,,,,,u k u + tʃ a,,u k u + tʃ a,h u kʼ u + tʃ a,u k u + tʃ a,u k u + tʃ a,u k u + tʃ a,h u kʼ u + tʃ a,,h u kʼ u + tʃ a,u k u + tʃ a,,u k u + tʃ a,u x u + tʃ a,u k u + tʃ a,u k u + tʃ a,,h u kʼ u + tʃ a,,u k u + tʃ a,,,
555_49_mouse,,,,,,,,,,,u k u + ʃ,,,,,,,u k u + ʂ,,,,,,,,u k u + ʂ,,,u k u + ʃ,,,,u k u + ʃ,,,,,,,,,,,,,u g u + ʂ,,,,u k u + ʃ
557_39_blood,j a w a r,j a w a r,j a w a r,j a w a r,j a w a r,j a w a r,j a w a r,,j a w a l,j a w a r,j a w a r,j a w a r,,ʎ a w a r,j a w a r,j a w a r,j a w a r,j a w a r,,j a w a r,j a w a r,j a w a r,j a w a r,,,j a w a r,,j a w a r,j a w a r,j a w a r,j a w a r,,j a w a r,j a w a r,ʎ a w a r,,j a w a r,j a w a r,j a w a r,j a w a r,j aː ɾ,j a w a r,j a w a r,,j a w a r,j a w a !ʐ/r,j a w a r,,j a w a r,j a w a r
558_39_blood,,,,,,,,,,,,,l j o k,,,,,,,,,,,l o k iː,,,,,,,,,,,,,,,,,,,,,,,,,,
559_39_blood,,,,,,,,,,,,,,,,,,,w i l a,,,,,,w i l a,,w i l a,,,,,,,,,w i l a,,,,,,,,w i l a,,,,,,
564_28_mouth,s i m i,ʃ i m i,s i m i,s i m i,s i m i,s i m i,ʃ i m i,ʃ i m i,ʃ i m i,ʃ i m i,ʃ i m i,ʃ i m i,,s i m i,s i m i,s i m i,ʃ i m i,ʃ i m i,,ʃ i m i,ʃ i m i,ʃ i m i,ʃ i m i,,,ʃ i m i,,ʃ i m i,ʃ i m i,ʃ i m i,s i m i,ʃ i m i,ʃ i m i,ʃ i m i,s i m i,,s i m i,s i m i,ʃ i m i,ʃ i m i,s i m i,s i m i,ʃ i m i,,s i m i,ʃ i m i,ʃ i m i,,ʃ i m i,ʃ i m i
564_29_lip,,,,,,,,,,,ʃ i m i,ʃ i m i,,,,,,,,,,ʃ i m i,ʃ i m i,,,,,,ʃ i m i,,s i m i,,,,,,,,,,,,,,,,,,,ʃ i m i
566_29_lip,,,,,,,,ʃ i m i + k a r a,,,,,,,,,,,,,,,,,,,,,,,,ʃ i m i + k a r a,,ʃ i m i + k a r a,,,,s i m i + k a r a,,,,,ʃ i m i + k a r a,,,,,,,
567_28_mouth,,,,,,,,,,,,,a t a,,,,,,,,,,,aː t a,,,,,,,,,,,,,,,,,,,,,,,,aː t a,,
568_28_mouth,,,,,,,,,,,,,,,,,,,l a k a,,,,,,,,,,,,,,,,,l a k a,,,,,,,,l a k a,,,,,,
56_115_lightnotheavy,,,,,,,,,,,a n k a ʃ,,,,,,a n k a ʃ,,,,,,,,,,,,,,,,,,,,,,,,,,,,,a ŋ k a ç,,,,a n k a ʃ
573_60_name,!s̺/s u t i,s u t i,s u t i,s u t i,s u t i,s u t i,ʃ u t i,ʃ u t i,h u t i,ʃ u t i,h u t i,ʃ u t i,,s u t i,s u t i,s u t i,h u t i,s u t i,,s u t i,x u t i,ʃ u t i,ʃ u t i,,,s u t i,,ʃ u t i,s u t i,s u t i,s u t i,ʃ u t i,x u t i,ʃ u t i,s u t i,,s u t i,s u t i,x u t i,s u t i,s u t i,χ u t i,ʃ u t i,,s u t i,χ o t i,ʃ u t i,,x u t i,ʃ u t i
57_131_eatto,m i k u + n i,m i k u,m i χ u,m i k u,m i k u,m i k u,m i k u + n a,m i k u + n a,m i k u,m i k u,m i k u,m i k u,,m i kʰ u,m i x u,m i χ u + n i,m i k u,m i k u,,m i k u,m i k u,m i k u + n a,m i k u,,,m i k u,,m i k u,m i k u,m i k u,m i kʰ u,m i k u + n a,m i k u,m i k u + n a,m i kʰ u,,m i kʰ u,m i k u,m i k u,m i k u,m i x u,m i k u + n i,m i k u,,m i kʰ u,m i k u,m i k u,,m i k u,m i k u
580_44_navel,p u p u,p u p u,p u p u,p u p u,p u p u,p u p u,p u p u,p u p u,p u p u,p u p u,p u p u,,,,p u p u,p u p u,p u p u,p u p u,,p u p u,p u p u,p u p u,,,,p u p u,,p u p u,p u p u,p u p u,p u p u,p u p u,p u p u,p u p u,p u p u,,,p u p u,p u p u,p u p u,p u p u,p u p u n k,p u p u,,,p u p u,p u p u,p u p u t e,p u p u,p u p u
581_44_navel,,,,,,,,,,,,m u n dʒ u,,,,,,,,,,,m u n dʒ u,,,,,,,,,,,,,,,,,,,,,,,,,,,
584_44_navel,,,,,,,,,,,,,,k u r u r u,,,,,k u r u r u,,,,,,k u r u r u,,k u r u r u,,,,,,,,,k u r u r u,k u r u r u,,,,,,,k u r u r u,k u l u l u,,,,,
589_34_neck,k u n k a,k u n k a,k u n k a,k u n k a,k u n k a,k u n k a,k u n g a,k u n g a,k u n k a,k u n g a,k u n k a,k u n g a,,k u n k a,k u n k a,k u n k a,k u n k a,k u n k a,,k u n k a,k u ɲ k a,k u n g a,k u n g a,,,k u n k a,,k u n g a,k u n k a,k u n k a,k u n k a,k u n g a,k u ŋ k a,k u n g a,k u n k a,,k u n k a,k u n g a,k u ɲ k a,k u n k a,k u ŋ k a,k o n q a,k u n g a,,k u n k a,k u ŋ k a,k u n g a,,k u ɲ k a,k u n k a
58_131_eatto,,,,,,,,,,,,,l u l z,,,,,,,,,,,l u χ,,,,,,,,,,,,,,,,,,,,,,,,l u χ,,
590_34_neck,,,,,,,,,,,,,q w a z i,,,,,,,,,,,,,,,,,,,,,,,,,,,,,,,,,,,,,
594_36_foot,,,,,,,,,,,,,qʰ o tʃ a,,,,,,,,,,,k oː t s uː,,,,,,,,,,,,,,,,,,,,,,,,k oː t j u,,
597_122_new,m ɔ !s̺/s ɔ k,m u ʃ o q,m o s o q,m u s u χ,m u s u χ,m o s o χ,m u ʃ u g,m u ʃ u,m u ʃ o q,m u ʃ u k,m u ʃ u χ,m u ʃ u χ,,m u s u χ,m u s u χ,m u s u k,m u ʃ u χ,m u ʂ u ʔ,,m u ʃ o q,m u ʃ o q,m u ʃ u x,m u ʃ u x,,,m u ʂ u ʔ,,m u ʃ u k,m u ʃ u q,m u ʃ o q,m u s u χ,m u ʃ u,m u ʃ o χ,m u ʃ u,m u s u χ,,m u s u χ,m u s u,m u ʃ o q,m u ʃ o q,m o s o χ,m u s o k,m u ʃ u x,,m u s u χ,m u ʃ o χ,m u ʃ u x,,m u ʃ o q,m u ʃ u q
59_131_eatto,,,,,,,,,,,,,,,,,,,,,,,,,p a l u,,p a l u,,,,,,,,,,,,,,,,,,,,,,,
604_67_night,t u t a,t u t a,t u t a,t u t a,t u t a,t u t a,t u t a,t u t a,t u t a,t u t a,,t u t a,,t u t a,t u t a,t u t a,,t u t a,,t u t a,,t u t a,t u t a,,,t u t a,,t u t a,t u t a,t u t a,t u t a,t u t a,,,t u t a,,t u t a,t u t a,,t u t a,t u t a,t o t a,t u t a,,t u t a,,t u t a,,,
604_71_shadow,,,,,,,,,,,,,,,,,,,,,,,,,,,,,,,,,,,,,,t u t a,,,,,,,,,,,,
605_67_night,,,,,,,,,,,,,,,,,,,,,p a q a s,,,,,,,,,,,,,,,,,,p a q a s,,,,,,,p a χ a s,,,p a q a s,p a ɢ a s
607_67_night,,,,,,,,,,,,,,,,,,,a r u m a,,,,,,a r u m a,,a r u m a,,,,,,,,,a r u m a,,,,,,,,a r u m a,,,,,,
608_67_night,,,,,,,,,,,,,,,,,,,,,,,,uiː j aː n i,,,,,,,,,,,,,,,,,,,,,,,,uː j aː n i,,
60_115_lightnotheavy,,,,,,,,,,,,,,s u x a,,,,,,,,,,,,,,,,,,,,,,,s u x a,,,,,,,,,,,,,
614_50_bird,,,u r p i t u,,,u ɾ p i t u,,,,,,,,,,,,,,,,,,,,,,,,,,,,,,,,,,,,,,,,,,,,
617_9_nine,i !s̺/s k ɔ n,e s q u n,i s q o n,i s χ u ŋ,i s χ u n,i s χ o ŋ,i s k u n,i s k u n,!e/i s q u n,i s k u n,i s q u n,i s ʁ u n,,i s q u n,i s q u n,i s χ u n,i s q u n,i s ʔ u n,,e s q u n,i s q u ɲ,i s k u n,,,,i s ʔ u n,,i s k u n,i s q u n,e s q u n,i ʃ q u n,i s k u n,i s χ o ŋ,i s k u n,h i s !ʁʼ/ʁ u n,,i s q u n,i s k u n,i s q u ɲ,e s q u n,e ʃ q o n,i s k o n,i s k u n,,i s q u n,e s χ u ŋ,i s k u n,,i s q u ɲ,i s q u n
618_9_nine,,,,,,,,,,,,,ʎ a ʎ a t u n k a,,,,,,ʎ aː t u n k a,,,,,,,,,,,,,,,,,ʎ aː t u n k a,,,,,,,,ʎ aː t u n k a,,,,,,
619_9_nine,,,,,,,,,,,,,,,,,,,,,,,,s a n a χ k o,,,,,,,,,,,,,,,,,,,,,,,,s a n k o,,
626_26_nose,s e n k a,s e ŋ q a,s e n q a,s i ŋ χ a,s i n ɢ a,s e ŋ χ a,s i n g a,s i n g a,s !e/i ŋ q a,s i n g a,s i n ʁ a,s i n g a,,s i n q a,s i n q a,s i n k a,s i n q a,s i n ʔ a,,s e ŋ q a,s e ɲ q a,s i n g a,s i n ɢ a,,,s i n ʔ a,,s i n g a,s i n q a,s e ŋ q a,s i n q a,s i n g a,s i ɴ χ a,s i n g a,s i n ʁ a,,s i n q a,s i n g a,s e ɲ q a,s e ŋ q a,s e ŋ q a,s i n g a,s i n g a,,s i n q a,s e ŋ χ a,s i n g a,,s e ɲ q a,s i n q a
630_76_smoke,,,,,,,,,,,,q u n d ai,,,,,,h u n t ai,,,,,χ u n d ai,,,h u n t ai,,,,,,,,,,,,,,,,q o n d a,,,,,,,,q u n t e
631_115_lightnotheavy,,,,,,,,,,,,,,,,,,,,,,,,,,,,,,,,,,,,pʰ i s n a,,,,,,,,pʰ i s n a,,,,,,
634_16_not,m a n a,m a n a,m a n a,m a n a,m a n a,m a n a,m a n a,m a n a,m a n a,m a n a,m a n a,m a n a,,m a n a,m a n a,m a n a,m a n a,m a n a,,m a n a,m a ɲ a,m a n a,m a n a,,,m a n a,,m a n a,m a n a,m a n a,m a n a,m a n a,m a n a,m a n a,m a n a,,m a n a,m a n a,m a ɲ a,m a n a,m a n a,m a n a,m a n a,,m a n a,m a n a,m a n a,,m a ɲ a,m a n a
635_115_lightnotheavy,,,,,,,,,,,,,,,,,,,,,,,,,,,,,,,,,,,,,,m a n a + ʎ a s a,,,m a n a + l a s a χ,,,,,,,,,
636_16_not,,,,,,,,,,,,,,,,,,,,,,,,,i ʃ a,,i ʃ a,,,,,,,,,,,,,,,,,,,,,,,
63_115_lightnotheavy,,,,,,,,,,,,,,,,,,,,,,,,,h a m a,,h a m a,,,,,,,,,,,,,,,,,,,,,,,
642_107_oldman,m a tʃ u,m a tʃ u,m a tʃ u,m a tʃ u,m a tʃ u,m a tʃ u,,,,m a tʃ u,,,,m a tʃ u + l a,m a tʃ u,m a tʃ u,,,,m a tʃ u,,,,,,,,m a tʃ u,,,,,,,,,m a tʃ u,,,m a tʃ u,m a tʃ u,,,,m a tʃ u,,,,,
644_107_oldman,,,,,,,ɾ u k u,r u k u,,,r u k u,,,,,,,,,,,ɾ u k u,!r̝/r u k u,,,,,,,,,r u k u,,ɾ u k u,,,,r u k u,,,,,r u k u,,,,!r̝/r u k u,,,
644_108_oldwoman,,,,,,,,r u k u,,,,,,,,,,,,,ɾ u k u,,!r̝/r u k u,,,,,,,,,r u k u,,,,,,,ɾ u k u,,,,r u k u,,,,,,ɾ u k u,
646_107_oldman,,,,,,,,,,,,,,,,,,,,,,,,aː p aː i,,,,,,,,,,,,,,,,,,,,,,,,aː p a j a,,
647_40_bone,t u ʎ u,t u ʎ u,t u ʎ u,,t u ʎ u,t u ʎ u,t u ʎ u,t u ʎ u,t u ʎ u,t u dʑ u,t u ʎ u,t u dʒ u,,t u ʎ u,t u ʎ u,t u ʎ u,t u ʎ u,t u ʎ u,,t u ʎ u,t u ʎ u,t u ʎ u,t u ʒ u,,,t u ʎ u,,t u dʑ u,t u ʎ u,t u ʎ u,t u ʎ u,t u ʎ u,t u l u,t u ʎ u,t u ʎ u,,t u ʎ u,t u ʎ u,t u ʎ u,t u ʎ u,t u ʒ u,t u ʎ u,t u ʎ u,,t u ʎ u,t u l u,t u ʒ u,,t u ʎ u,t u ʎ u
649_99_red,,,,,,,p i tʃ i,,,,,,,,,,,,,,,,,,,,,,,,,,,,,,,p i tʃ i,,,,,,,,,,,,
650_40_bone,,,,,,,,,,,,,ts i j,,,,,,,,,,,t s i χ ɲ e,,,,,,,,,,,,,,,,,,,,,,,,s i χ e,,
652_108_oldwoman,p a j a,,p a j a,p a j a,p a j a,p a j a,p a j a,,p a j a,p a j a,,,,p a j a,p a j a,p a j a,,,,,,p a j a,,,,,,p a j a,,p a j a,,,,p a j a,p a j a,,p a j a,,,,p a j a,p a j a,,,p a j a,,p a j a,,,
653_108_oldwoman,,tʃ a k w a ʃ,,,,,,,tʃ a k w a ʃ,,tʃ a k w a s,,,,,,tʃ a k w a n,tʃ a k w a ʂ,,tʃ a k w a ʃ,,,,,,tʃ a k w a ʂ,,,tʃ a k w a ʃ,tʃ a k w a ʃ,,,s a k w a,,,,,,,tʃ a k w a ʃ,,tʃ a k w a s,,,,tʃ a k w a s,,,,ʈʂ a k w a s
655_108_oldwoman,,,,,,,,,,,,,,,,,,,,,,,,a t aː o,,,,,,,,,,,,,,,,,,,,,,,,a t o χ,,
661_1_one,h u k,h u k,h u k,h u k,h u k,h u k,ʃ u g,ʃ u x,h u k,s u x,h u k,s u χ,,u x,h u χ,h u k,h u k,s u k,,h u k,x u k,ʃ u k,u k,,,h u k,,s u k,h u k,h u k,u x,ʃ u,x u k,ʃ u k,u x,,u x,s u g,x u k,h u k,s u x,s u k,ʃ u x,,u x,χ o k,ʃ u x,,x u k,u k
664_99_red,,,,,,,,,,,,tʃ u p i k a,,,,,,,tʃ u p i k a,,,,tʃ u p i k a,,tʃ u k a p a,,tʃ u k i p i,,,,,,,,,,,,,,,,,,,,,,,
669_150_pushto,t a n k a + n i,t a n q a,t a n q a,,t a n ɢ a,t a ŋ χ a,t a n g a + n a,t a n g a + n a,t a n q a,t a n g a,t a n q a,,,t a n q a,t a n q a,t a n k a + r i + n i,t a n q a,t a n ʔ a,,t a n q a,,t a n g a + n a,,,,t a n ʔ a,,t a n g a,,t a n q a,t a n q a,t a n g a + n a,,t a n g a + n a,t a n ʁ a,,t a n q a,t a n g a,,t a n q a,t a ŋ q a,t a n k a + n i,t a n g a,,t a n q a,,tʰ a n g a,,,t a n q a
66_141_hearto,,,,,,,,,,w i j a + r i,w i j a,,,,,,w i j a,,,,w i j a,,,,,,,,,,,,,,,,,,w i j a,,,,,,,,,,w i j a,w i j a
675_81_rain,t a m j a,,,,,,t a m j a,t a m j a,t a m j a,t a m j a,t a m j a,t a m j a,,,,,t a m j a,t a m j a,,,t a m j a,t a m j a,t a m j a,,,t a m j a,,t a m j a,t a m j a,,,t a m j a,t a m j a,t a m j a,,,,t a m j a,t a m j a,,,t a m j a,t a m j a,,,t a n j a,t a m j a,,t a m j a,t a m j a
676_81_rain,,,,,,,,,,,,,,,,,,,h a ʎ u,,,,,,h a ʎ u,,h a ʎ u,,,,,,,,,χ a ʎ u,,,,,,,,h a ʎ u,,,,,,
678_49_mouse,,,,,,,,,,,,,,,,,,,a tʃ a k u,,,,,,,,,,,,,,,,,a tʃ a k u,,,,,,,,a tʃ a k u,,,,,,
67_62_brotherwomans,,,,,,,,,,,,,,,,,,,,,,,,,a l u,,a l u,,,,,,,,,,,,,,,,,,,,,,,
683_99_red,p a k ɔ,p u k a,p u k a,p u k a,p u k a,p u k a,p u k a,p u k a,p u k a,p u k a,p u k a,,,p u k a,p u k a,p a k u,p u k a,p u k a,,p u k a,p u k a,p u k a,,,,p u k a,,p u k a,p u k a,p u k a,p u k a,p u k a,p u k a,p u k a,p u k a,,p u k a,p u k a,p u k a,p u k a,p u x a,p a k o,p u k a,,p u k a,p u g a,p u k a,,p u k a,p u k a
686_99_red,,,,,,,,,,,,,,,,,,,,,,,,,,,,,,,,,,,,w i l a,,,,,,,,w i l a,,,,,,
691_12_righthandside,p a ɲ a,,,,,,,,,,,,,p a ɲ a,p a ɲ a,p a ɲ a,,,,,,,,,,,,,,,p a ɲ a,,,,p a ɲ a,,,,,,,p a ɲ a + m a k i,,,p a ɲ a,,,,,
692_12_righthandside,,a ʎ e q,,a ʎ i χ,a ʎ i χ,a ʎ e χ,a ʎ i + m a k i,a l i,a ʎ !e/i q,a dʑ i,,a dʒ i n,,,,,,a ʎ a ʔ + w ai,,a ʎ e q,,a l i,a dʒ i,,,,,a dʑ i,a ʎ i,a ʎ e q,,a l i + m a k i,,,,,,a ʎ i + m a,,a ʎ e q,,,a l i,,,,a ʒ i,,,
695_12_righthandside,,,,,,,,,,,,,,,,,,,k u p i,,,,,,,,,,,,,,,,,k u p i,,,,,,,,k u p i,,,,,,
696_81_rain,,,,,,,,,,,,,tʃ i j ɲ i,,,,,,,,,,,tʃ i χ ɲ i,,,,,,,,,,,,,,,,,,,,,,,,tʃ i χ tʃ i,,
697_35_back,,,,,,,,,,,,,,,,,,,h i kʰ a n i,,,,,,,,,,,,,,,,,h i kʰ a n a,,,,,,,,h i kʰ a n i,,,,,,
6_66_day,,,,,,,,,,,,,,,,,,,u r u,,,,,,u r u,,u r u,,,,,,,,,u r u,,,,,,,,u r u,,,,,,
702_73_river,m a j u,m a j u,m a j u,m a j u,m a j u,m a j u,,,m a j u,m a j u,m a j u,,,m a j u,m a j u,m a j u,m a j u,m a j u,,m a j u,m a j u,m a j u,,,,m a j u,,m a j u,m a j u,m a j u,m a j u,,,,m a j u,,m a j u,,m a j u,m a j u,m a j u,m a j o,,,m a j u,m a j u,,,m a j u,m a j u
703_73_river,,,,,,,,,,,,,,,,,,,h a w i r a,,,,,,,,,,,,,,,,,qʼ a w a,,,,,,,,h a w i r a,,,,,,
709_96_road,ɲ a n,,ɲ a n,,,ɲ a ŋ,ɲ a n,ɲ a m + b i,,ɲ a n,,ɲ a n,,ɲ a n,ɲ a n,ɲ a n,,,,,,ɲ a n,n a n,,,,,ɲ a n,,,j a n,ɲ a m + b i,,ɲ a m + b i,j a n,,ɲ a n,ɲ a m + b i,,,ɲ a n,ɲ a n,ɲ a n,,ɲ a n,,ɲ a n,,,
70_53_egg,r u n t u,ɾ u n t u,r u n t u,ɾ u n t u,r u n t u,ɾ u n t u,,,l u n t u,r u n d u,r u n t u,,,r u n t u,r u n t u,r u n t u,r u n t u,l u n t u,,ɾ u n t u,,,!r̝/r u n d u,,,,,r u n d u,r u n t u,l u n t u,!r̝/r u n t u,,,,!r̝/r u n t u,,r u n t u,,ɾ u ɲ t u,ɾ u n t u,ɾ u n t u,r u n t u,,,r u n t u,,,,ɾ u ɲ t u,r u n t u
711_96_road,,,,,,,,,,,,,h i k z,,,,,,,,,,,l iː k sʰ i,,,,,,,,,,,,,,,,,,,,,,,,l iː t r i s,,
712_96_road,,,,,,,,,,,,,,,,,,,,,,,,,tʰ a k i,,ʈʂ a k i,,,,,,,,,tʰ a k i,,,,,,,,,,,,,,
715_35_back,w a ʃ a,w a ʃ a,w a s a,,w a s a,w a s a,w a ʃ a,w a ʃ a,w a ʃ a,w a ʃ a,,,,w a s a,w a s a,w a s a,,w a ʂ a,,w a ʃ a,,w a ʃ a,,,,w a ʂ a,,w a ʃ a,w a ʃ a,w a ʃ a,w a s a,w a ʃ a,w a ʃ a,w a ʃ a,w a s a,,w a s a,w a s a,,w a ʃ a,w a s a,,w a ʃ a,,w a s a,w a ʃ a,w a ʃ a,,,
719_90_root,s a p i,s a p i,s a p i,s a p i,s a p i,s a p i,s a p i,,s a p i,s a p i,,,,s a pʰ i,s a pʰ i,s a p i,s a p i,s i p i,,s a p i,s i p i,s a p i,,,,s i p i,,s a p i,,s a p i,s a pʰ i,,s a p i,,s a pʰ i,,s a pʰ i,,,s a p i,s a p i,s a p i,,,s a pʰ i,s a p i,s a p i,,,
720_90_root,,,,,,,,a n g u,,,,,,,,,,,,,,,,,,,,,,,,a n g u,,a n g u,,,,a n g u,,,,,a n g u,,,,,,,
721_90_root,,,,,,,,,,,m a ts u,,,,,,,,,,,,,,,,,,,,,,,,,,,,m a ts i,,,,,,,,,,m a ts u,
726_91_branch,k a ʎ m a,,,,,k a ʎ m a,k a ʎ m a,,,,,,,,kʼ a ʎ m a,,,,,,,,,,,,,,,,,,,,,,,,,,,,,,,,,,,
727_91_branch,,tʃ a p ɾ a,,,tʃ a p r a,,,,tʃ a p l a,,,,,tʃʼ a p r a,,,tʃ a p s a,tʃ a p l a,,tʃ a p ɾ a,,,,,,tʃ a p l a,,,,tʃ a p ɾ a,tʃʼ a χ r a,,,,,,,,,tʃ a p ɾ a,,,,,,,,,,
729_91_branch,,,,,,,,,,,,,,,,,,,,,,m a l k i,,,,,,,,,,,,,,,,m a l x i,,,,,,,,,m a ʒ k i,,,
72_53_egg,,,,,,,,,,,,,,,,,,,kʼ a w n a,,,,,,,,kʼ a w n a,,,,,,,,,kʼ a n w a,,,,,,,,kʼ a w n a,,,,,,
730_95_rope,w a !s̺/s k a,w a s k a,w a s k a,w a s k a,w a s kʰ a,w a s k a,w a s k a,w a s k a,w a s k a,w a s k a,w a s k a,w a s k a,,w a s kʰ a,w a s kʰ a,w a s k a,w a s k a,w a s k a,,w a s k a,w a s k a,w a s k a,w a s k a,,,w a s k a,,w a s k a,w a s k a,,w a ʃ kʰ a,w a s k a,w a s k a,w a s k a,w a s k a,,w i s kʰ a,w a s k a,w a s k a,w a s k a,w a s k a,w a k a s k a,w a s k a,,w a s kʰ a,w a s g a,w a s k a,,w a s k a,w a s k a
732_95_rope,,,,,,,,,,,,,,,,,,,,,,,,,tʃ a w a r a,,,,,,,,,,,,,,,,,,,tʃʼ a w a r a,,,,,,
742_86_salt,k a tʃ i,k a ʈʂ i,k a tʃ i,,k a tʃ i,k a tʃ i,k a tʃ i,k a tʃ i,k a ʈʂ i,k a ʈʂ i,k a tʃ i,k a ʈʂ i,,k a tʃ i,k a tʃ i,k a tʃ i,k a tʃ i,k a ʈʂ i,,k a ʈʂ i,k a tʃ i,k a tʃ i,k a ʈʂ i,,,k a ʈʂ i,,k a tʃ i,k a ʈʂ i,k a ʈʂ i,k a tʃ i,k a tʃ i,k a ʈʂ i,k a tʃ i,k a tʃ i,,k a tʃ i,k a tʃ i,k a tʃ i,k a ʈʂ i,k a tʃ i,k a tʃ i,k a tʃ i,,k a tʃ i,k a ʈʂ i,k a tʃ i,,k a tʃ i,k a ʈʂ i
743_86_salt,,,,,,,,,,,,,j a k w u,,,,,,,,,,,j eː k uː,,,,,,,,,,,,,,,,,,,,,,,,j iː k oː,,
744_86_salt,,,,,,,,,,,,,,,,,,,h a j u,,,,,,,,,,,,,,,,,χ a j u,,,,,,,,h a j u,,,,,,
750_79_sand,t i j u,,,,,,t i j u,,,t i j u,,,,,,t i j u,,,,,,t i j u,,,,,,t i j u,,,tʼ i j u,,,t i j u,tʼ i j u,,,,,,t i j u,t i j o,,,,,tʰ i j u,,,
751_79_sand,a k ɔ,a q o,a q o,a χ u,a χ u,a χ o,,,a q o,,,a ʁ u,,a q u,a q u,a χ u,a q u ʃ,a ʔ u,,a q o,,,a ʁ u,,,a ʔ u,,,a q u,a q o,,,,,,,a q u,,,a q o,,,,,a q u,,,,,a q u
752_79_sand,,,,,,,,,,,,,,,,,,,,,a ʎ p a,,,,,,,,,,,,,,,,,,a ʎ p a,,,,,,,,,,a ʎ p a,
755_35_back,,,,,,,,,,,,,,,,,,,,,,,,t oː t a,,,,,,,,,,,,,,,,,,,,,,,,tʰ oː tʰ a,,
760_140_seeto,r i k u + n i,ɾ i k a,r i k u,ɾ i k u,r i k u,ɾ i k u,ɾ i k u + n a,r i k u + n a,l i k a,r i k u,r i k a,r i k a,,r i k u,r i k u,r i k u + n i,r i k a,l i k a,,ɾ i k a,ɾ i k a,ɾ i k u + n a,r i k a,,,l i k a,,r i k u,r i k a,l i k a,r i k u,r i k u + n a,ɾ i k a,ɾ i k u + n a,r i k u,,r i k u,,ɾ i k a,ɾ i k a,,r i k u + n i,r i k u,,r i k u,!ʐ/r i g a,!r̝/r i k u,,ɾ i k a,r i k a
761_140_seeto,k a w a + n i,q a w a,q a w a,χ a w a,,χ a w a,,,q a w a,k a w a,,,,,,k a w a + n i,,,,q a w a,,,,,,,,k a w a,,q a w a,,,,,,,,k a w a,,q a w a,q aː,k a w a + n i,,,,,,,,
762_140_seeto,,,,,,,,,,,,,,,,,,,u ɲ,,,,,,,,,,,,,,,,,,,,,,,,,u ɲ,,,,,,
764_140_seeto,,,,,,,,,,,,,,,,,,,,,,,,,i ʎ a,,i ʎ a,,,,,,,,,i ɲ a,,,,,,,,,,,,,,
770_35_back,,,,,,,,,,,,,,,,,,,,,,,,,s aː m a,,s a m a,,,,,,,,,,,,,,,,,,,,,,,
774_88_seed,,,,,,,,,,,,,,,,,,,h a tʰ a,,,,,,a tʰ a,,a ʈʂ a,,,,,,,,,,,,,,,,,h a tʰ a,,,,,,
780_7_seven,k a n tʃ i !s̺/s,q a n tʃ i s,q a n tʃ i s,χ a n tʃ i s,χ a n tʃ i s,χ a n tʃ i s,k a n tʃ i s,k a n dʒ i s,q a n tʃ i s,k a n ʈʂ i s,q a n tʃ i s,q a n tʃ i s,,q a n tʃ i s,q a n tʃ i s,,q a n tʃ i s,h a n ʈʂ i ʃ,,q a n tʃ i s,q a ɲ tʃ i s,k a n tʃ i s,,,,,,k a n tʃ i s,q a n ʈʂ i s,q a n tʃ i s,q a n tʃ i s,k a n dʒ i s,ʁ a ɳ ʈʂ i s,k a n tʃ i s,ʁ a n tʃ i s,,q a n tʃ i s,k a n tʃ i s,q a ɲ tʃ i s,q a n tʃ i s,q a n tʃ i s,k a n tʃ i s,k a n dʒ i s,,q a n tʃ i s,χ a ɳ ʈʂ i s,k a n tʃ i s,,q a ɲ tʃ i s,q a n tʃ i s
782_7_seven,,,,,,,,,,,,,p a q a ʎ a q u,,,,,,p a q a l q u,,,,,,,,,,,,,,,,,p a q a l q u,,,,,,,,p a q a ʎ q u,,,,,,
783_7_seven,,,,,,,,,,,,,,,,,,,,,,,,t a k u,,,,,,,,,,,,,,,,,,,,,,,,t uː k uː,,
78_118_cold,,,,,,,,,,,,,,,,,,,tʰ a j a,,,,,,,,,,,,,,,,,tʰ a j a,,,,,,,,tʰ a j a,,,,,,
790_148_sewto,s i ɾ a + n i,s i ɾ a,s i ɾ a,s i ɾ a,s i ɾ a,s i ɾ a,s i ɾ a + n a,s i ɾ a + n a,s i l a,s i ɾ a,,s i ɾ a,,s i ɾ a,s i ɾ a,s i ɾ a + n i,,,,s i ɾ a,,s i ɾ a + n a,s i ɾ a,,,,,s i ɾ a,s i ɾ a,s i ɾ a,s i ɾ a,s i ɾ a + n a,,s i ɾ a + n a,s i ɾ a,,s i ɾ a,s i ɾ a,,s i ɾ a,s e ɾ a,s i ɾ a + n i,s i ɾ a,,s i ɾ a,,s i ɾ a,,,
793_148_sewto,,u t k a,,,,,,,u t k a,,,,,,,,,,,u t k a,,,,,,,,,,u t k a,,,,,,,,,,u t k a,,,,,,,,,,
799_71_shadow,ʎ a n t u,ʎ a n t u,ʎ a n t u,ʎ a n t u,ʎ a n t u,ʎ a n t u,ʎ a n d u,ʎ a n d u,ʃ a n t u,dʑ a n d u,ʎ a n t u,ʎ a n d u,,ʎ a n tʰ u,ʎ a n tʰ u,ʎ a n t u,ʎ a n t u,ʎ a n t u,,ʎ a n t u,ʎ a ɲ t u,ʎ a n t u,ʒ a n d u,,,ʎ a n t u,,dʑ a n d u,ʎ a n t u,ʎ a n t u,ʎ a n tʰ u,ʎ a n d u,l a n t u,ʎ a n d u,ʎ a n tʰ u,,ʎ a n tʰ u,,ʎ a ɲ t u,ʎ a n t u,ʒ a n t u,ʎ a n t o,ʎ a n d u,,ʎ a n tʰ u,l a n t u,ʒ a n d u,,ʎ a ɲ t u,ʎ a n t u
79_118_cold,,,,,,,,,,,,,,,,,,,,,,,,,a tsʼ i k i,,h a ʈʂʼ i k i,,,,,,,,,,,,,,,,,,,,,,,
7_110_tire,,,,,,,,s a m b ai + n a,,,,,,,,,,,,,,,,,,,,,,,,s a m b ai + n a,,s a m b a + j a + n a,,,,s a m b a + j a,,,,,s a m b a + j a,,,,,,,
801_71_shadow,,,,,,,,,,,,,,,,,,,tʃʼ i x u,,,,,,,,,,,,,,,,,tʃʼ i w i,,,,,,,,tʃʼ i w i,,,,,,
802_84_bread,t a n t a,t a n t a,t a n t a,t a n t a,t a n t a,t a n t a,t a n d a,t a n d a,t a n t a,t a n d a,t a n t a,t a n d a,,tʼ a n t a,tʼ a n t a,tʼ a n t a,t a n t a,t a n t a,,t a n t a,t a ɲ t a,t a n d a,t a n d a,,,t a n t a,,t a n d a,t a n t a,t a n t a,tʼ a n t a,t a n d a,t a n t a,,tʼ a n t a,,tʼ a n t a,t a n d a,t a ɲ t a,t a n t a,t a n t a,t a m t a,t a n d a,,tʼ a n t a,t a n t a,t a n d a,,t a ɲ t a,t a n t a
808_62_brotherwomans,p a n a,,,,,,,,,,,,,,,p a n a,,,,,,,,,,,,,,,,,,,,,,,,,,,,,,,,,,
808_63_sistermans,,p a n i,p a n a,p a n i,p a n i,p a n i,p a n i,p a n i,p a n i,p a n i,p a n i,p a n i,,p a n a,p a n a,,p a ɲ i,p a n i,,p a n i,p a ɲ i,,,,,p a n i,,p a n i,p a n i,p a n i,,p a n i,p a n i,p a n i,,,p a n a,p a n i,p a n i,p a n i,p a n a,p a n a,p a ɲ i,,p a n a,p a n i,p a n i,,p a ɲ i,p a n i
809_61_brothermans,,,,,,,,,,,,m a s a,,,,,,,,,,,,,,,,,,,,,,,,,,,,,,,,,,,,,,
809_64_sisterwomans,,,,,,,,,,,,m a s a,,,,,,,,,,,,,,,,,,,,,,,,,,,,,,,,,,,,,,
80_118_cold,,,,,,,,,,,,,,,,,q a s a,,,,,,x a s a,,,,,,,,,,,,,,,,,,,,,,,,,,,
810_63_sistermans,,,,,,,,,,,,,,,,,,,k u ʎ a k a,,,,,,,,,,,,,,,,,k u ʎ a k a,,,,,,,,k u ʎ a k a,,,,,,
810_64_sisterwomans,,,,,,,,,,,,,,,,,,,k u ʎ a k a,,,,,,,,,,,,,,,,,k u ʎ a k a,,,,,,,,k u ʎ a k a,,,,,,
811_61_brothermans,,,,,,,,,,,,,,,,,,,,,,,u k n i,,,,,,,,,,,,,,,,,,,,,,,,,,,
811_62_brotherwomans,,,,,,,,,,,,,,,,,,,,,,,u k n i,,,,,,,,,,,,,,,,,,,,,,,,,,,
811_63_sistermans,,,,,,,,,,,,,,,,,,,,,,,u k n i,,,,,,,,,,,,,,,,,,,,,,,,,,,
811_64_sisterwomans,,,,,,,,,,,,,,,,,,,,,,,u k n i,,,,,,,,,,,,,,,,,,,,,,,,,,,
812_63_sistermans,,,,,,,,,,,,,,,,,,,,,,,,,tʃ i n k i,,tʃ i n k i,,,,,,,,,,,,,,,,,,,,,,,
812_64_sisterwomans,,,,,,,,,,,,,,,,,,,,,,,,,tʃ i n k i,,tʃ i n k i,,,,,,,,,,,,,,,,,,,,,,,
817_61_brothermans,,,,,,,,,,,,,,,,,,,,,,,,,,,,,,,ɲ a ɲ a,,,,ɲ a ɲ a,,,,,,,,,,,,,,,
817_62_brotherwomans,,,,,,,,,,,,,,,,,,,,,,,,,,,,,,,ɲ a ɲ a,,,,ɲ a ɲ a,,,,,,,,,,,,,,,
817_63_sistermans,,,,,,,,,,,,,,,,,,,,,,ɲ a ɲ a,,,,,,,,,ɲ a ɲ a,,,,ɲ a ɲ a,,,,,,,,,,,,,,,
817_64_sisterwomans,ɲ a ɲ a,ɲ a ɲ a,ɲ a ɲ a,ɲ a ɲ a,ɲ a ɲ a,ɲ a ɲ a,ɲ a ɲ a,ɲ a ɲ a,ɲ a ɲ a,ɲ a ɲ a,ɲ a ɲ a,,,ɲ a ɲ a,ɲ a ɲ a,ɲ a ɲ a,ɲ a ɲ a,ɲ a ɲ a,,ɲ a ɲ a,n a n a,ɲ a ɲ a,,,,ɲ a ɲ a,,ɲ a ɲ a,ɲ a ɲ a,ɲ u ɲ u,ɲ a ɲ a,ɲ a ɲ a,ɲ a ɲ a,ɲ a ɲ a,ɲ a ɲ a,,ɲ a ɲ a,ɲ a ɲ a,ɳ a ɳ a,ɲ a ɲ a,ɲ a ɲ a,ɲ a ɲ a,ɲ a ɲ a,,ɲ a ɲ a,n a n a,ɲ a ɲ a,,ɳ a ɳ a,ɲ a ɲ a
81_8_eight,p u s a k,p u s a q,m u s a q,p u s a χ,p u s a χ,p u s a χ,p u s a g,p u s a χ,p u s a q,p u s a k,p u w a q,p u s a χ,,p u s a χ,p u s a χ,,p u s a χ,p u s a ʔ,,p u s a q,p u s a q,p u s a k,,,,p u s a ʔ,,p u s a k,p u s a χ,p u s a q,p u s a χ,p u s a χ,p u w a χ,p u s a k,p u s a χ,,p u s a χ,p u s a g,p u s a q,p u s a q,p u s a χ,p u s a k,p u s a x,,p u s a χ,p u w a χ,p u s a x,,p u w a q,p u s a q
825_127_sitto,t i j a + n i,t i j a,t i j a,t i j a,t i j a,t i j a,t i j a + ɾ i + k u + n a,t i j a + r i + n a,t i j a,t i j a,,t i j a,,t i j a,t i j a,t i j a + n i,,t i j u,,t i j a,,t i j a + ɾ i + n a,t a,,,t i j u,,t i j a,t i j a,t i j a,t i j a,t i j a + r i + n a,t !ai/a + k u,t i j a + r i + n a,t i j a,,t i j a,t i j a + k u,,t i j a,t !iː/i j a + x u,t i j a + n i,t i j a,,t i j a,t aː + k u,t i j a,,,
826_127_sitto,,,,,,,,,,,h a m a,,,,,,h a m a,,,,,,,,,,,,,,,,,,,,,,,,,,,,,,,,,a m a
828_127_sitto,,,,,,,,,,,,,,,,,,,u tʼ,,,,,,u tʰ,,,,,,,,,,,,,,,,,,,,,,,,,
82_8_eight,,,,,,,,,,,,,,,,,,,k i m s a q a l q u,,,,,,,,,,,,,,,,,k i n s a q a l q u,,,,,,,,k i m s a q a ʎ q u,,,,,,
835_6_six,s ɔ k t a,s o q t a,s o q t a,s u χ t a,s u χ t a,s o χ t a,s o g t a,s u k t a,h o q t a,s u k t a,h u q t a,s u x t a,,s u χ t a,s u χ t a,,s u χ t a,s u ʔ t a,,s o q t a,x o q t a,s u k t a,,,,s u ʔ t a,,s u k t a,s u χ t a,s o q t a,s u x t a,s u k t a,x o χ t a,s u k t a,s u χ t a,,s u χ t a,s u x t a,x o q t a,s o q t a,ʃ o χ t a,s o χ t a,s u k t a,,s u χ t a,χ o χ t a,s u x t a,,x o q t a,s u q t a
840_47_dog,,,,,,,,,,,,,p a q w u,,,,,,,,,,,,,,,,,,,,,,,,,,,,,,,,,,,p aː k o,,
841_41_skin,k a r a,q a ɾ a,q a r a,χ a ɾ a,χ a r a,χ a ɾ a,k a ɾ a,k a r a,q a l a,k a r a,q a r a,q a r a,,q a r a,q a r a,χ a r a,q a r a,,,q a ɾ a,q a ɾ a,k a ɾ a,χ a r a,,,,,k a r a,q a r a,q a ɾ a,q a r a,k a r a,ʁ a ɾ a,k a r a,ɢ a r a,,q a r a,k a r a,q a ɾ a,q a ɾ a,q a ɾ a,k a r a,k a r a,,q a r a,χ a ɾ a,k a r a,,q a ɾ a,q a r a
843_41_skin,,,,,,,,,,,,,,,,,,,h a n tʃ i + l i pʼ i tʃ i,,,,,,,,,,,,,,,,,h a n tʃ i + l i pʼ i tʃ i,,,,,,,,h a n tʃ i + l i pʼ i tʃ i,,,,,,
844_137_sleepto,p u ɲ u + n i,p u ɲ u,p u ɲ u,p u ɲ u,p u ɲ u,p u ɲ u,p u ɲ u + n a,p u ɲ u + n a,p u ɲ u,p u ɲ u,p u n u,p u ɲ u,,p u ɲ u,p u ɲ u,p u ɲ u + n i,p u ɲ u,p u ɲ u,,p u ɲ u,p u ɲ u,p u ɲ u + n a,p u n u,,,p u ɲ u,,p u ɲ u,p u ɲ u,p u ɲ u,p u ɲ u,p u ɲ u + n a,p u ɲ u,p u ɲ u + n a,p u ɲ u,,p u ɲ u,p u ɲ u,p u ɲ u,p u ɲ u,p u ɲ u,p u ɲ u + k u + n i,p u ɲ u,,p u ɲ u,p u n u,p u ɲ u,,p u ɲ u,p u ɲ u
845_137_sleepto,,,,,,,,,,,,,,,,,,,i k i,,,,,,i k i,,i k i,,,,,,,,,i k i,,,,,,,,i k i,,,,,,
848_104_small,,,,,,,,,,,,,,,,,,,h i s kʼ a,,,,,,,,,,,,,,,,,s i kʼ a,,,,,,,,h i s kʼ a,,,,,,
849_76_smoke,k ɔ !s̺/s n i,,q o s ɲ i,χ u s n i,χ u s ɲ i,χ o s n i,k u s n i,k u ʃ n i,,k u s n i,q u ʃ ɲ i,,,qʼ u s ɲ i,qʼ u s ɲ i,k u s n i,,,,,q o s n i,k u ʃ n i,,,,,,k u s n i,q u ʃ n i,,qʼ u s ɲ i,k u ʃ n i,,k u ʃ n i,qʼ u ʃ ɲ i,,qʼ u ʃ ɲ i,k u s n i,q o s n i,,q o s n i,k o s i,k u ʃ ɲ i,,qʼ u s n i,,k u ʃ n i,,q o s n i,
850_76_smoke,,,,,,,,,,,,,,,,,,,h u qʼ i,,,,,,,,,,,,,,,,,h i qʼ i,,,,,,,,h i qʼ i,,,,,,
852_76_smoke,,,,,,,,,,,,,,,,,,,,,,,,,tsʼ u s q i,,ʈʂʼ u s q i,,,,,,,,,,,,,,,,,,,,,,,
855_144_speakto,r i m a + n i,ɾ i m a,r i m a,ɾ i m a,,ɾ i m a,ɾ i m a + n a,r i m a + n a,l i m a,r i m a,,r i m a,,r i m a,r i m a,r i m a + n i,,l i m a,,ɾ i m a,,ɾ i m a + n a,r i m a,,,l i m a,,r i m a,r i m a,l i m a,,r i m a + n a,,ɾ i m a + n a,,,r i m a,r i m a,,ɾ i m a,ɾ i m a,r i m a + n i,r i m a,,r i m a,!ʐ/r i m a,!r̝/r i m a,,,
857_45_breast,k i n tʃ ui,,,,,,q i n ʒ u,,,,,,,,,χ i n tʃ ui,,,,,,,,,,,,,,,,,,,,,,,,,,,,,,,,,,
858_144_speakto,,,,,,,,,,,,,,,,,,,,,,,,,a r u,,a r u,,,,,,,,,,,,,,,,,,,,,,,
859_134_suckto,,,,,,,tʃ u tʃ u + n a,,,,,,,,,,,,,,,,,,,,,,,,,,,tʃ u tʃ u + n a,,,,tʃ u tʃ u + r i,,,,,,,,,tʃ u tʃ u,,,
859_45_breast,,tʃ i tʃ i,,tʃ i tʃ i,,,,tʃ u tʃ u,tʃ i tʃ i,tʃ u tʃ u,tʃ u tʃ u,tʃ u tʃ u,,,,,tʃ u tʃ u,tʃ i tʃ i,,tʃ i tʃ i,,tʃ u tʃ u,,,,tʃ u tʃ u,,tʃ u tʃ u,,tʃ i tʃ i,,tʃ u tʃ u,tʃ u tʃ u,tʃ u tʃ u,,,,tʃ u tʃ u,,tʃ i tʃ i,,,tʃ u tʃ u,,,tʃ u tʃ u,tʃ u tʃ u,,,
860_134_suckto,,,,,,,,,,,,ɲ u ɲ u,,,,,,ɲ u ɲ u,,,,,,,,ɲ u ɲ u,,,,,,,,,,,,,,,ɲ u ɲ u,,,,,,,,,
860_45_breast,,ɲ u ɲ u,ɲ u ɲ u,ɲ u ɲ u,ɲ u ɲ u,ɲ u ɲ u,,,ɲ u ɲ u,ɲ u ɲ u,,,,ɲ u ɲ u,ɲ u ɲ u,,,ɲ u ɲ u,,ɲ u ɲ u,ɳ u ɳ u,,ɲ u ɲ u,,,,,ɲ u ɲ u,ɲ u ɲ u,ɲ u ɲ u,ɲ u ɲ u,,,,ɲ u ɲ u,,ɲ u ɲ u,,ɳ u ɳ u,ɲ u ɲ u,ɲ u ɲ u,ɲ o ɲ o,,,ɲ u ɲ u,,,,ɳ u ɳ u,
863_136_spitto,t ɔ k a + n i,t o q a,,t u χ a,t u χ a,t o χ a,t u k a + n a,,t o q a,t u k a,t u q a,t u ʁ a,,tʰ u q a,tʰ u q a,t u χ a + n i,t u q a,t u ʔ a,,t o q a,t o q a,t u k a + n a,t u ʁ a,,,t u ʔ a,,t u k a,t u q a,t o q a,tʰ u q a,,t o χ a,,tʰ u ʁ a,,tʰ u q a,t u k a,t o q a,t o q a,t o χ a,t u k a + n i,,,tʰ u q a,t o χ a,tʃ u k a,,t o q a,t u q a
864_126_standto,ʃ a j a + k u + n i,ʃ a j a,ʃ a j a,ʃ a j a,ʃ a j a,s a j a,ʃ a j a + n a,ʃ a j a + r i + n a,h a j a,ʃ a j a,ʃ eː,ʃ a j a,,ʃ a j a,ʃ a j a,ʃ a j a + k u + n i,ʃ a j a,s aː,,ʃ a j a + ɾ i,ʃ aː,ʃ a j a + ɾ i + n a,ʃ a j a,,,,,ʃ a j a,ʃ a j a,ʃ a j a + ɾ i,ʃ a j a,ʃ a j a + r i + n a,,ʃ a j a,ʃ a j a,,ʃ a j a,ʃ a j a + k u,ʃ aː + k u,ʃ a j a + ɾ i,ʃ a j a,ʃ a j a + k u + n i,ʃ a j a,,ʃ a j a,ʃ a j a,ʃ a j a,,ʃ aː + k u,ʃ aː
866_43_bellystomach,,,,,,,,,,,,,,,,,,,,,,,,t o χ s i,,,,,,,,,,,,,,,,,,,,,,,,t o χ s i,,
867_70_star,k oi ʎ u r,q oi ʎ u ɾ,,χ ui ʎ u ɾ,,χ oi ʎ u ɾ,k ui ʎ u ɾ,,q oi ʎ u l,,q ui ʎ a !r̥/r,,,q ui ʎ u r,,k ui ʎ u r,q ui ʎ a r,h ui ʎ u r,,,q ai ʎ u ɾ,,,,,h ui ʎ u r,,,q ui ʎ u r,q oi ʎ u ɾ,,,,,,,,,q ai ʎ u ɾ,,q o ʒ u ɾ,k ui ʎ o r,,,q ui ʎ u r,χ oi ʎ a !ʐ/r,,,q ai ʎ u ɾ,
867_80_gold,,,,,,,,,,,,,,,,,,,,,,,,,,,,,,,,,,,,,,,,,,,,,,χ oi ʎ u !ʐ/r,,,,
869_70_star,,,,,,,,,,,,,w a r a + w a r a,,,,,,w a r a + w a r a,,,,,,w a r a + x a,,w a r a + x a,,,,,,,,,w a r a + w a r a,,,,,,,,w a r a + w a r a,,,,,,
86_113_empty,,,,,,,,,,,,,,,,,,,tʃʼ u s a,,,,,,,,,,,,,,,,,tʃʼ u s a,,,,,,,,tʃʼ u s a,,,,,,
870_70_star,,,,,,,,,,,,,,,tʃʼ a s k a,,,,,,,,,,,,,,,,tʃʼ a s k a,,,,tʃʼ a s k a,,tʃʼ a s k a,,,,,,,,,,,,,
871_78_stone,r u m i,ɾ u m i,r u m i,ɾ u m i,r u m i,ɾ u m i,ɾ u m i,r u m i,l u m i,r u m i,r u m i,r u m i,,r u m i,r u m i,r u m i,r u m i,l u m i,,ɾ u m i,ɾ u m i,ɾ u m i,!r̝/r u m i,,,l u m i,,r u m i,r u m i,l u m i,!r̝/r u m i,r u m i,r u m !ai/i,ɾ u m i,r u m i,,r u m i,r u m i,ɾ u m i,ɾ u m i,ɾ u m i,r u m i,r u m i,,r u m i,!ʐ/r u m i,r u m i,,ɾ u m i,r u m i
872_78_stone,,,,,,,,,,,,,m a z,,,,,,,,,,,m a s i,,,,,,,,,,,,,,,,,,,,,,,,m aː s i,,
873_78_stone,,,,,,,,,,,,,,,,,,,q a l a,,,,,,q a l a,,q a l a,,,,,,,,,q a l a,,,,,,,,q a l a,,,,,,
874_31_tooth,,,,,,,,,,,,,i z h q i,,,,,,,,,,,iː s k i,,,,,,,,,,,,,,,,,,,,,,,,iː s k eː,,
875_134_suckto,,ʃ o q u,,s u χ u,s u χ u,s o χ o,,,ʃ o q u,ç u k u,ʃ u q u,,,,,,ʃ u q u,ʃ o q u,,ʃ o q u,ʃ o q u,,ʃ u ʁ u,,,ʃ o q u,,ç u k u,ʃ u q u,ʃ o q u,,,ç o χ u,,,,,,ʃ o q u,ʃ o q u,,s u qʼ u + n i,,,,ç o χ u,,,ʃ o q u,ʃ u q u
876_134_suckto,,,,,,,,,,,,,,,,,,,tʃʼ u m u,,,,,,,,,,,,,,,,,tʃʼ u m a,,,,,,,,tʃʼ a m u,,,,,,
878_43_bellystomach,,,,,,,,,,,,,,,,,,,p u r a + k a,,,,,,pʰ u ʈʂ a + k a,,pʰ u ʈʂ a + k a,,,,,,,,,p u r a + k a,,,,,,,,p u r a + k a,,,,,,
879_68_sun,i n t i,i n t i,i n t i,i n t i,i n t i,i n t i,i n t i,i n d i,i n t i,i n d i,i n t i,,,i n t i,i n t i,i n t i,i n t i,i n t i,,i n t i,i ɲ t i,i n t i,,,,i n t i,,i n d i,i n t i,i n t i,i n t i,i n d i,,i n d i,i n t i,,i n t i,i n d i,i ɲ t i,i n t i,i n t i,i n d i,i n d i,,i n t i,i n t i,i n t i,,i ɲ t i,
87_119_dry,,,,,,,,,,,,,,,,,,,w a ɲ a,,,,,,,,,,,,,,,,,w a ɲ a,,,,,,,,w a ɲ a,,,,w a ɲ a,,
880_68_sun,,,,,,,,,,,,r u p ai,,,,,,,,,,,r u p ai,,,,,,,,,,r u p ai,,,,,,,,,,,,,,,,,r u p eː
881_68_sun,,,,,,,,,,,,,tʰ u ɲ i,,,,,,,,,,,t h uː ɲ i,,,,,,,,,,,,,,,,,,,,,,,,t uː n i,,
883_120_sweet,m i !s̺/s k i,m i ʃ k i,m i s k i,m i s k i,m i s k i,m i s k i,m i ʃ k i,m i ʃ k i,m i ʃ k i,m i s k i,m i ʃ k i,m i ʃ k i,,m i s kʼ i,m i s kʼ i,m i s χ i,m i ʃ k i,m i ʃ k i,,m i ʃ k i,m i ʃ k i,m i ʃ k i,,,,m i ʃ k i,,m i s k i,m i ʃ k i,m i ʃ k i,m i s kʼ i,m i ʃ k i,m i ç k i,m i ʃ k i,m i s kʼ i,,m i s kʼ i,m i s x i,m i ʃ k i,m i ʃ k i,m i ʃ k i,m i s k i,m i ʃ k i,,m i s kʼ i,m i ç g i,m i ʃ k i,,m i ʃ k i,m i ʃ k i
884_120_sweet,ɲ u k ɲ u,,,,,,,,,,,,,,,ɲ u k ɲ u,,,,,,,ɲ u k ɲ u,,,,,,,,,,,,,,,,,,,,,,,,,,,
885_43_bellystomach,,,,,,,,,,,,,,,,,,,,,,,,tʃ eː r i,,,,,,,,,,,,,,,,,,,,,,,,tʃ iː r i,,
886_128_swimto,w ai t a + n i,,,,,,,w ai t a + n a,,w ai t a,,,,,w ai t a,w ai t a + n i,,,,,,,,,,,,w ai t a,,,w ai tʼ a,w ai t a + n a,,w ai t a + n a,w ai tʼ a,,,w ai t a,,,w ai t a,w ai t a + n i,w ai t a,,,,,,,
887_128_swimto,,,,,,,w a m b u + n a,,,,,,,,,,,,,,,w a m b u + n a,,,,,,,,,,,,,,,,,,,,,,,,,w a m b u,,,
887_129_flyto,,,,,,,,w a m b u + r i + n a,,,,,,,,,,,,,,,,,,,,,,,,w a m b u + r i + n a,,,,,,,,,,,w a m b u + r i,,,,,,,
888_128_swimto,,,,,,,,,,,,,,,,,,,,,,,,,,,,,,,,,,,,t ui t u,t u j u,,,,,,,t u j u,,,,,,
891_55_tail,tʃ u p a,ʈ u p a,tʃ u p a,tʃ u p a,tʃ u p a,tʃ u p a,tʃ u p a,tʃ u p a,ʈ u p a,ʈʂ u p a,tʃ u p a,ʈʂ u p a,,tʃ u p a,tʃ u p a,tʃ u p a,tʃ u p a,ʈʂ u p a,,ʈ u p a,tʃ u p a,tʃ u p a,ʈʂ u p a,,,ʈʂ u p a,,tʃ u p a,ʈʂ u p a,ʈ u p a,tʃ u p a,tʃ u p a,ʈʂ u p a,tʃ u p a,tʃ u p a,,tʃ u p a,tʃ u p a,tʃ u p a,ʈ u p a,tʃ u p a,tʃ u p a,tʃ u p a,,tʃ u p a,ʈʂ u b a,tʃ u p a,,tʃ u p a,ʈʂ u p a
892_55_tail,,,,,,,,,,,,,kʰ u r z,,,,,,,,,,,k u r s,,,,,,,,,,,,,,,,,,,,,,,,k u r s,,
893_55_tail,,,,,,,,,,,,,,,,,,,w i tʃʼ i n k a,,,,,,w i tʃʼ a n k u,,w i ʈʂʼ i n g a,,,,,,,,,w i tʃʼ i n kʰ a,,,,,,,,w i tʃʼ i n kʰ a,,,,,,
895_10_ten,tʃ u n k a,ʈ u n k a,tʃ u n k a,tʃ u n k a,tʃ u n k a,tʃ u n k a,tʃ u n g a,tʃ u n g a,ʈ u n k a,ʈʂ u n g a,tʃ u n k a,ʈʂ u n g a,,tʃ u n k a,tʃ u n k a,tʃ u n k a,tʃ u n k a,ʈʂ u n k a,,ʈ u n k a,tʃ u ɲ k a,tʃ u n g a,,,,ʈʂ u n k a,,tʃ u n g a,ʈʂ u n k a,ʈ u n k a,tʃ u n k a,tʃ u n g a,ʈʂ u ŋ k a,tʃ i n g u,tʃ u n k a,,tʃ u n k a,tʃ u n g a,tʃ u ɲ k a,ʈ u n k a,tʃ u ŋ k a,tʃ u n k a,tʃ u n g a,,tʃ u n k a,ʈʂ u ŋ k a,tʃ u n g a,,tʃ u ɲ k a,ʈʂ u n k a
897_10_ten,,,,,,,,,,,,,,,,,,,,,,,,k aː l oː,,,,,,,,,,,,,,,,,,,,,,,,kʰ aː r o,,
898_143_thinkoveraboutto,,,,,,,,,,,,,,,,,,,a m ui + tʼ a,,,,,,,,,,,,,,,,,a m ui + tʼ a,,,,,,,,a m ui + tʼ a,,,,,,
899_143_thinkoveraboutto,j u j a + n i,j u j a,j u j a,j u j a,j u j a,j u j a,j u j a + n a,j u j a + n a,j u j a,j u j a,,j u j a,,,j u j a,j u j a + n i,,,,j u j a,,j u j a + n a,,,,,,j u j a,,j u j a,,j u j a + n a,,j u j a + r i + n a,,,j u j a,j u j a,,j u j a,,j u j a + n i,j u j a,,j u j a,,j u j a,,,
89_43_bellystomach,w i k s a,w i k s a,w i k s a,w i k s a,w i k s a,w i k s a,w i χ a,w i k s a,w i k s a,w i k s a,,,,w i x s a,w i x s a,w i k s a,,,,w i k s a,,w i k s a,,,,,,w i k s a,w i k s a,w i k s a,w i x s a,w i k s a,,w i k s a,w i s a,,w i k s a,w i x s a,,w i k s a,w i x s a,w i k s a,i k s a,,w i s a,,w i x s a,,,
900_143_thinkoveraboutto,,,,,,,,,,,j a r p a,,,j a r p a,,,j a r p a,,,,j a ɾ p a,,j a r p a,,,j a l p a,,,j a r p a,,,,j a ɾ p a,,,,,,j a ɾ p a,,,,,,,j a ɾ b a,,,j a ɾ p a,j a r p a
902_61_brothermans,w au k e,w au q i,w au q e,w au χ i,w au χ i,w au χ e,w au k i,w au k i,w au q i,w au k i,w au q i,,,w au q i,w ai q i,w au χ i,w au q i,w au ʔ i,,w au q i,w au q i,w au k i,,,,w au ʔ i,,w au k i,w au q i,w au q i,,w au k i,w au χ e,w au k i,,,,w au x i,w au q i,w au q e,w au q ɪ,w au q i,w au k i,,w ai q i,w au χ e,w au k i,,w au q i,
902_62_brotherwomans,,,,,,,,,,,,,,,,,,,,,,w au k i,,,,,,,,,,,,,,,,,,,,,,,,,,,,
903_143_thinkoveraboutto,,,,,,,,,,,,,,,,,,,,,,,,,,,,,,,tʼ u k u,,,,tʼ u k u,,,,,,,,,,,,,,,
904_61_brothermans,,,,,,,,,,,,,,,,,,,h i l a,,,,,,,,,,,,,,,,,h i l a,,,,,,,,h i l a,,,,,,
904_62_brotherwomans,,,,,,,,,,,,,,,,,,,h i l a,,,,,,,,,,,,,,,,,h i l a,,,,,,,,h i l a,,,,,,
905_61_brothermans,,,,,,,,,,,,,,,,,,,,,,,,tʃ i ʃ,,,,,,,,,,,,,,,,,,,,,,,,ts i s i,,
905_62_brotherwomans,,,,,,,,,,,,,,,,,,,,,,,,tʃ i ʃ,,,,,,,,,,,,,,,,,,,,,,,,ts i s i,,
907_61_brothermans,,,,,,,,,,,,,,,,,,,,,,,,,q u n ts a,,q u n ts a,,,,,,,,,,,,,,,,,,,,,,,
908_19_this,k ai,k ai,k ai,k ai,k ai,k ai,k ai,k ai,k ai,k ai,k eː,k ai,,k ai,k ai,k ai,k ai,k ai,,k ai,,k ai,k ai,,,k ai,,k ai,k ai,k ai,k ai,k ai,k ai,k ai,k ai,,k ai,k ai,,k ai,k ai,k ai,k ai,,k ai,k ai,k ai,,,k eː
90_33_elbow,k u tʃ u tʃ,k u ʈ u ʃ,,k u tʃ u s,k u tʃ u s,k u tʃ u s,,,k u ʈ u ʃ,k u ʈʂ u ʃ,,,,,,k u tʃ u tʃ,,k u ʈʂ u ʂ,,k u ʈ u ʃ,,,,,,k u ʈʂ u ʂ,,k u ʈʂ u ʃ,k u ʈʂ u ʃ,k u ʈ u ʃ,,,k u ʈʂ u ʃ,,,,,,,k u ʈ u ʃ,,k u tʃ u χ,,,,k u ʈʂ u ʂ,,,,
910_15_thouyousg,k a m,q a m,q a n,χ a m,χ a m,χ a m,k a n,k a n,q a m,k a m,q a m,q a m,,q a n,q a n,k a m,q a m,q a m,,q a m,q a m,k a n,x a m,,,q a m,,k a m,q a m,q a m,q a n,k a n,ʁ a m,k a n,ʁ a n,,q a n,k a m,q a m,q a m,q a m,k a m,k a n,,q a n,χ a m,k a n,,q a m,q a m
911_15_thouyousg,,,,,,,,,,,,,,,,,,,h u m a,,,,,,h u m a,,h u m a,,,,,,,,,h u m a,,,,,,,,h u m a,,,,,,
912_3_three,k i m s a,k i m s a,k i n s a,k i m s a,k i m z a,k i m s a,k i m s a,k i m s a,k i m s a,k i m s a,k i m a,k i m s a,,k i m s a,k i n s a,χ i m s a,k i m s a,k i m s a,,k i m s a,k i m a,k i m s a,k i m s a,,,k i m s a,,k i m s a,k i m s a,k i m s a,k i n s a,k i m s a,k i m a,k i m s a,k i n s a,,k i m s a,k i m s a,k i m s a,k i m s a,k i m s a,k i m s a,k i n s a,,k i m s a,k i m a,k i m s a,,k i m s a,k i n s a
913_40_bone,,,,,,,,,,,,,,,,,,,tʃʼ a kʰ a,,,,,,tsʼ aː k a,,tsʼ aː k a,,,,,,,,,tʃʼ a kʰ a,,,,,,,,tʃʼ a kʰ a,,,,,,
914_3_three,,,,,,,,,,,,,tʃ h e p,,,,,,,,,,,tʃ eː p,,,,,,,,,,,,,,,,,,,,,,,,,,
916_110_tire,!s̺/s ai k u + n i,,s ai kʼ u,s ai k a,,,ʃ ai k u + tʃ i + n a,,,ç ai k u,,ʃ ai k u,,s ai kʼ u,s ai kʼ u,s ai k u + n i,,,,,,ʃ ai x u + ʃ k a,ʃ ai k u,,,,,ç ai k u,ʃ ai k u,,s ai kʼ u,,,ʃ ai k u + n a,s ai kʼ u,,s ai kʼ u,s ai k u + r i,,,s ai k u s,s ai k u + n i + w i,,,s ai kʼ u,ç ai g u,ʃ ai k u,,,ʃ eː k u
917_110_tire,,p i ʃ i p a,p i s i p a,,p i s i p a,p i s i p a,,,p i ʃ i p a,,p i ʃ i p a,,,,,,p i ʃ i p a,p i ʃ i p a,,p i ʃ i p a,p i ʃ i p aː,,,,,p i ʃ i p a,,,,p i ʃ i p a,,,p i ç i k aː,,,,,,p i ʃ i p aː,p i ʃ i p a,,,,,,,,,p i ʃ i p aː,
919_110_tire,,,,,,,,,,,,,,,,,,,q a r i x j a t a,,,,,,,,,,,,,,,,,q a r i,,,,,,,,q a r i,,,,,,
91_43_bellystomach,,,,,,,,,,,p a tʃ a,p a ʈʂ a,,,,,p a tʃ a,p a t a,,,p a tʃ a,,p a ʈʂ a,,,p a t a,,,,,,,p a ʈʂ a,,,,,,p a tʃ a,,,,,,,p a ʈʂ a,,,p a tʃ a,p a ʈʂ a
920_37_leg,,,,,,,,,,,,,,,,,,,,,,,,,,,,,,,,,,,,tʃ a r a,,,,,,,,tʃ a r a,,,,ts aː r a,,
921_30_tongue,k a ʎ u,q a ʎ u,q a ʎ u,χ a ʎ u,χ a ʎ u,χ a ʎ u,k a ʎ u,k a ʎ u,q a ʎ u,k a dʑ u,q a ʎ u,q a dʑ u,,q a ʎ u,q a ʎ u,k a ʎ u,q a ʎ u,h a ʎ u,,q a ʎ u,q a ʎ u,x a ʎ u,q a dʒ u,,,h a ʎ u,,k a dʑ u,q a ʎ u,q a ʎ u,q a ʎ u,k a ʎ u,ʁ a ʎ u,k a ʎ u,ɢ a ʎ u,,q a ʎ u,k a ʎ u,q a ʎ u,q a ʎ u,q a ʒ u,q a ʎ u,k a ʎ u,,q a ʎ u,χ a ʎ u,kʰ a ʒ u,,q a ʎ u,q a ʎ u
922_30_tongue,,,,,,,,,,,,,,,,,,,l a χ r a,,,,,,n a x r a,,n i x r a,,,,,,,,,l a χ r a,,,,,,,,l a χ r a,,,,,,
923_31_tooth,k i r u,k i ɾ u,k i r u,k i ɾ u,k i r u,k i ɾ u,k i ɾ u,k i r u,k i l u,k i r u,k i r u,k i r u,,k i r u,k i r u,χ i r u,k i r u,k i l u,,k i ɾ u,k i ɾ u,k i ɾ u,k i r u,,,k i l u,,k i r u,k i r u,k i ɾ u,k i r u,k i r u,k i ɾ u,k i r u,k i r u,,k i r u,x i r u,k i ɾ u,k i ɾ u,k i ɾ u,k e r o,k i r u,,k i r u,k i ɾ u,k i r u,,k i ɾ u,k i r u
924_31_tooth,,,,,,,,,,,,,,,,,,,l a k a,,,,,,,,,,,,,,,,,l a k a,,,,,,,,l a k a,,,,,,
925_66_day,,,,,,,,,,,,,,,,,,,,,,,,m a χ e ɲ i,,,,,,,,,,,,,,,,,,,,,,,,m a χ e ɲ a,,
926_36_foot,tʃ a k i,ʈ a k i,tʃ a k i,tʃ a k i,tʃ a k i,tʃ a k i,tʃ a k i,tʃ a k i,ʈ a k i,ʈʂ a k i,tʃ a k i,ʈʂ a k i,,tʃ a k i,tʃ a k i,tʃ a χ i,tʃ a k i,ʈʂ a k i,,ʈ a k i,tʃ a k i,tʃ a k i,ʈʂ a k i,,,ʈʂ a k i,,tʃ a k i,ʈʂ a k i,ʈ a k i,tʃ a k i,tʃ a k i,ʈʂ a k i,tʃ a k i,tʃ a k i,,tʃ a k i,tʃ a x i,tʃ a k i,ʈ a k i,tʃ a x i,tʃ a k i,tʃ a k i,,tʃ a k i,ʈʂ a g i,tʃ a k i,,tʃ a k i,ʈʂ a k i
926_37_leg,,ʈ a k i,,,,,,,ʈ a k i,,,,,tʃ a k i,tʃ a k a,,,,,ʈ a k i,,,,,,,,,,ʈ a k i,tʃ a k i,,,,tʃ a k i,,tʃ a k i,,,ʈ a k i,,tʃ a k i,,,tʃ a k i,,,,,
928_89_tree,h a tʃ a,,s a tʃ a,,s a tʃ a,s a tʃ a,,,,,h a tʃ a,,,s a tʃʼ a,,h a tʃʰ a,,h a ʈʂ a,,,,,,,,s a ʈʂ a,,,,,s a tʃʼ a,,,,s a tʃʼ a,,,s a tʃ a,,,,s a tʃ a,,,s a tʃʼ a,,,,,a ʈʂ a
928_91_branch,,,,,,,,,,,,,,,,,,,,,,,,,,,,,,,,,,,,,,,,,,,,,s a tʃʼ a n,,,,,a ʈʂ a
929_89_tree,,,,,,,j u ɾ a,r u j a,,j u r a,,,,,,,,,,,,j u ɾ a,,,,,,j u r a,,,,r u j a,,,,,,,,,,,j u r a,,,,j u r a,,,
929_92_leaf,,j u ɾ a,,,,,,,,,,,,,,,,,,j u ɾ a,,,,,,,,,,,,,,,,,,,,,,,,,,,,,,
92_33_elbow,,,,,,,,,,,,,,,,,,,,,,,,,ʃ i n k ai + p i,,ʃ u n k ai + p i,,,,,,,,,,,,,,,,,,,,,,,
932_89_tree,,,,,,,,,,,,,,,,,,,,,,,,,,,,,m u n t i,,,,,,,,,,,,,,,,,,,,m u n t i,
935_2_two,i s!s̺/s a k ai,i ʃ k ai,i s k ai,i s k ai,i s k ai,i s k ai,i ʃ k ai,i s k ai,i ʃ k ai,i ç k ai,i ʃ k eː,i s k ai,,i s k ai,i s k ai,i s k ai,i s k ai,i ʃ k ai,,i ʃ k ai,i ʃ k ai,i ʃ k ai,i s k ai,,,i ʃ k ai,,i ç k ai,i ʃ k ai,i ʃ k ai,i s k ai,i ʃ k ai,i ç k ai,i ʃ k ai,i s k ai,,i s k ai,i s k ai,i ʃ k ai,i ʃ k ai,i ʃ k ai,i s k ai,i ʃ k i,,i s k ai,i ç g ai,i ʃ k i,,i ʃ k ai,i ʃ k eː
936_2_two,,,,,,,,,,,,,,,,,,,p a j a,,,,,,p a x a,,p a x a,,,,,,,,,p a j a,,,,,,,,p a j a,,,,p aː t i,,
938_125_walkto,p u r i + n i,,p u r i,p u ɾ i,p u r i,p u ɾ i,p u ɾ i + n a,p u r i + n a,,p u r i,p u r i,p u r i,,p u r i,p u r i,p u r i + n i,p u r i,p u l i,,,p u ɾ i,p u ɾ i + n a,p u r i,,,p u l i,,p u r i,p u r i,,p u r i,p u r i + n a,p u ɾ i,p u r i + n a,p u r i,,p u r i,p u r i,p u ɾ i,,p u ɾ iː,p o r i + n i + w i,p u r i,,p u r i,p u ɾ i,p u r i,,p u ɾ i,p u r i
938_96_road,,,,,,,,,,,,,,,,,,p u l i + n a,,,,,,,,,,,,,,,,,,,,,,,,,,,,,,,,
940_125_walkto,,,,,,,,,,,,,,,,,,,s a r + n a + q a,,,,,,,,,,,,,,,,,s a r + n a + q a,,,,,,,,s a r + n a + q a,,,,,,
941_125_walkto,,,,,,,,,,,,,,,,,,,,,,,,,w a s a,,w a s a,,,,,,,,,,,,,,,,,,,,,,,
942_61_brothermans,,,,,,,,,,,,,,,,,,,,,,,,,,,,,,,,,,,,,t u r a,,,,,,,,,,,,,
942_62_brotherwomans,,t u ɾ i,t o r ai,t u ɾ i,t u r i,t u ɾ i,t u ɾ i,t u r i,t u l i,t u r i,t u r i,t u r i,,t u r a,t u r a,,t u r i,t u l i,,t u ɾ i,t u ɾ i,,,,,t u l i,,t u r i,t u r i,t u ɾ i,,t u r i,t u ɾ i,t u r i,,,t u r a,t u r i,t u ɾ i,t u ɾ i,t u ɾ a,t o r a,t u r i,,t u r a,t u ɾ i,t u r i,,t u ɾ i,t u r i
942_63_sistermans,t u r a,,,,,,,,,,,,,,,t u r a,,,,,,,,,,,,,,,,,,,,,,,,,,,,,,,,,,
943_117_warmhotsw,r u p a k,,,,,,,r u p a,,,,,,,,r u p a k,,,,,,,,,,,,,,,,r u p a,,ɾ u p a,r u pʰ a,,,r u p a,,,ɾ u p a χ,r u p ai,r u p a k,,,,,,,
944_117_warmhotsw,k ɔ ɲ i,q o n i,q o ɲ i,χ u ɲ i,χ u n i,χ o ɲ i,k u n u g,,q o n i,k u ɲ u,,q u ɲ u χ,,,qʼ u ɲ i,χ u ɲ i,,,,q o n i,,,χ u ɲ u χ,,,,,k u ɲ u,,q o n i,qʼ u ɲ i,,χ o ɲ u,,,,qʼ u ɲ i,k u n u,,q o n i,,,,,,χ o n u,k u n u x,,,
945_117_warmhotsw,,,,,,,,,,,,,,,,,,,h u n tʼ u,,,,,,h u n ʈʂʼ u,,h u n ʈʂʼ u,,,,,,,,,h u n tʼ u,,,,,,,,h u n tʼ u,,,,,,
947_117_warmhotsw,,,,,,,,,,,,,,,,,,,,,,,,ʃ iː,,,,,,,,,,,,,,,,,,,,,,,,s iː j a,,
948_35_back,,,,,,,,,,,w a x t a,w a x t a,,,,,w a χ t a,,,,w a q t a,,w a χ t a,,,,,,,,,,,,,,,,w a q t a,,,w a k t a,,,,,,,w a q t a,w a q t a
949_72_water,,,,,,,,,,,,,qʰ w a z,,,,,,,,,,,qʰ o a s i,,,,,,,,,,,,,,,,,,,,,,,,h u aː s e,,
94_12_righthandside,,,,,,,,,,,,,,,,,,,,,,,,,,,,,,,,,,,,,,,,,,,,,,,,h u i l i + h a l a n t a + h a l a n t a,,
94_13_lefthandside,,,,,,,,,,,,,,,,,,,,,,,,,,,,,,,,,,,,,,,,,,,,,,,,h u iː l i + h a l a n t a,,
950_72_water,u n u,,u n u,,,,,,,,,,,u n u,u n u,u n u,,,,,,,,,,,,,,,,,,,,,u n u,,,,,h u n o,,,u n u,,,,,
952_14_weinclusive,ɲ ɔ k a n tʃ i k,n o q a n tʃ i k,ɲ o q a n tʃ i s,ɲ u χ a n tʃ i k,ɲ u χ a n tʃ i k,ɲ o χ a n tʃ i k,ɲ u q a n tʃ i,ɲ u k a n tʃ i,ɲ o q a n tʃ i k,ɲ u k a n tʃ i,n u q a n ts i χ,n u ʁ a n dʒ i ʁ,,ɲ u q a n tʃ i s,n u q a n tʃ i s,ɲ u k a n tʃ i k,n u q a n tʃ i,,,ɲ o q a n tʃ i k,ɲ o q a ɲ ts i,ɲ u k a n tʃ i k,n u ʁ a n tʃ i,,,,,ɲ u k a n tʃ i,n u q a n tʃ i k,ɲ o q a n tʃ i k,n u q a n tʃ i s,ɲ u k a n tʃ i,ɲ o χ a n s i,n u k a n tʃ i,n u ʁ a n tʃ i χ,,n u q a n tʃ i s,n u k a n tʃ i,ɲ o q a ɲ ts i,ɲ o q a n tʃ i k,,ɲ o k a n tʃ i k,ɲ u k a n tʃ i,,ɲ u q a n tʃ i s,n o χ a ɲ tʃ i,ɲ u k a n tʃ i x,,ɲ o q a ɲ ts i,ɲ u q a n ts i k
953_14_weinclusive,,,,,,,,,,,,,u ʈʂ u m,,,,,,,,,,,,,,,,,,,,,,,,,,,,,,,,,,,,,
954_14_weinclusive,,,,,,,,,,,,,,,,,,,h i w a s a,,,,,,h i w s a,,h i w s a,,,,,,,,,h i w a s a,,,,,,,,h i w a s a,,,,,,
955_17_what,i m a,i m a,i m a,i m a,i m a,i m a,i m a,i m a,i m a,i m a,i m a,i m a,,i m a,i m a,i m a,i m a,i m a,,i m a,i m a,i m a,i m a,,,i m a,,i m a,i m a,i m a,i m a,i m a,i m a,i m a,i m a,,i m a,i m a,i m a,i m a,i m a,i m a,i m a,,i m a,i m a,i m a,,i m a,i m a
957_17_what,,,,,,,,,,,,,,,,,,,k u n a,,,,,,,,,,,,,,,,,k u n a,,,,,,,,k u n a,,,,,,
958_33_elbow,,,,,,,,,,,,,,m u χ ʎ i,,,,,m u x ʎ i,,,,,,,,,,,,,,,,,m u χ ʎ i,,,,,,,,m u x ʎ i,,,,,,
959_98_white,j u r a k,j u ɾ a q,j u r a q,j u ɾ a χ,r u j a χ,j u ɾ a χ,j u ɾ a g,r u j a χ,j u l a q,j u r a k,j u l a x,j u r a q,,j u r a χ,j u r a χ,j u r a k,j u r a χ,j u l a ʔ,,j u ɾ a q,j u l a q,j u ɾ a x,j u r a q,,,j u l a ʔ,,j u r a k,j u r a χ,j u ɾ a q,j u r a χ,r u j a χ,j u ɾ a χ,j u r a,j u r a χ,,j u r a χ,j u r a,j u ʎ a q,j u ɾ a q,j u ɾ a χ,j u r a k,j u r a x,,j u r a χ,j u ɾ a χ,j u r a x,,j u ɾ a q,j u r a q
961_98_white,,,,,,,,,,,,,,,,,,,h a n qʼ u,,,,,,h a n qʼ u,,h a n qʼ u,,,,,,,,,h a n qʼ u,,,,,,,,h a n qʼ u,,,,,,
962_18_who,p i,p i,p i,p i,p i,p i,p i,,p i,p i,p i,p i,,p i,p i,p i,p i,p i,,p i,p i,p i,p i,,,p i,,p i,p i,p i,p i,,p i,p i,p i,,p i,p i,p i,p i,p i + t a χ,p i,p i,,p i,p i,p i,,p i,p i
963_18_who,,,,,,,,m ai k a n,,,,,,,,,,,,,,,,,,,,,,,,m ai k a n,,,,,,,,,,,,,,,,,,
965_18_who,,,,,,,,,,,,,,,,,,,,,,,,,q a tʃ i,,q a tʃ i,,,,,,,,,,,,,,,,,,,,,,,
967_83_wind,w ai r a,w ai r a,w ai r a,w ai ɾ a,w ai r a,w ai ɾ a,w ai ɾ a,w ai r a,w ai l a,w ai r a,,w ai r a,,w ai r a,w ai r a,w ai r a,,w ai w a,,w ai ɾ a,,w ai ɾ a,w ai r a,,,w ai w a,,w ai r a,w ai r a,w ai ɾ a,w ai r a,w ai r a,,w ai r a,w ai r a,,w ai r a,w ai r a,,w ai ɾ a,w ai ɾ a,w ai r a,w ai r a,,w ai r a,,w ai r a,,,w eː r a
970_33_elbow,,,,,,,ɾ i g ɾ a + m u k u,r i g r a + m u k u,,,,,,,,,,,,,,ɾ i g ɾ a + m u k u,,,,,,,,,,r i g r a,,,,,,,,,,,,,,,,,,
970_56_wing,r i k r a,ɾ i k ɾ a,,ɾ i k ɾ a,,,,r i g r a,ʃ i k l a,r i k r a,,,,l i x r a,,r i k r a,,,,ɾ i k ɾ a,r i k r a,,,,,,,r i k r a,l i k r a,l i k l a,l i x r a,r i g r a,,ɾ i g r a,l i χ r a,,r i x r a,,r i k r a,ɾ i k ɾ a,l i x ɾ a,r i k r a,,,r i x r a,,,,r i k r a,
970_91_branch,,,,,,,,,,,,r i k r a,,,,,,,,,,,r i k r a,,,,,,,,,,,,,,,,,,,,,,,,,,,
972_56_wing,,,,,,,,,,,,,,,,,,,,,,,,,k aː k a,,k aː k a,,,,,,,,,,,,,,,,,,,,,,,
973_56_wing,,,,,,,,,,,,,,,,,,,tʃʰ i qʰ a,,,,,,,,,,,,,,,,,tʃʰ i qʰ a,,,,,,,,tʃʰ i qʰ a,,,,,,
976_20_with,w a n,w a n,w a n,,w a n,w a ŋ,w a n,,w a n,,w a n,w a n,,w a n,w a n,w a n,w a n,,,w a n,,,w a n,,,,,,w a n,w a n,w a n,,,,w a n,,w a n,,,,a n,w a m,w a,,w a n,,w a n,,w a ɲ,w a n
977_20_with,,,,,,,,,,,,,z h t a n,,,,,,,,,,,,,,,,,,,,,,,,,,,,,,,,,,,,,
978_20_with,,,,,,,,,,,,,,,,,,,m p i,,,,,,,,,,,,,,,,,,,,,,,,,m p i,,,,,,
979_20_with,,,,,,,,,,,,,,,,,,,,,,,,,w ʃ q a,,w ʃ q a,,,,,,,,,,,,,,,,,,,,,,,
97_120_sweet,,,,,,,,,,,,,,,,,,,m u χ s a,,,,,,m u x s a,,m u s a,,,,,,,,,m u s qʼ a,,,,,,,,m u χ s a,,,,,,
981_82_cloud,p u j u,p u j u,p u j u,p u j u,p u j u,p u j u,p u j u,p u j u,,p u j u,,,,pʰ u j u,pʰ u j u,p u j u,,,,p u j u,,f u j u,,,,,,p u j u,,,pʰ u j u,p u j u,,p u j u,pʰ u j u,,pʰ u j u,p u j u,,p u j u,p u j u,p u j u,p u j u,,pʰ u j u,,pʰ u j u,,,
982_105_youngfemale,,,,,,,,,,,,,,,,,,,,,,w a ɾ m i,,,,,,,,,,,,,,,,,,,,,,,,,,,,
982_59_woman,w a r m i,w a ɾ m i,w a r m i,w a ɾ m i,w a r m i,w a ɾ m i,w a ɾ m i,w a r m i,w a l m i,w a r m i,w a r m i,w a r m i,,w a r m i,w a r m i,w a r m i,w a r m i,w a l m i,,w a ɾ m i,w a ɾ m i,w a ɾ m i,w a r m i,,,w a l m i,,w a r m i,w a r m i,w a ɾ m i,w a r m i,w a r m i,w a ɾ m i,w a r m i,w a r m i,,w a r m i,w a r m i,w a ɾ m i,w a ɾ m i,w a ɾ m i,w a r m e,w a r m i,,w a r m i,w a ɾ m i,w a r m i,,w a ɾ m i,w a r m i
983_82_cloud,,,,,,,,,,,,,,,,,,,q i n a j a,,,,,,,,,,,,,,,,,q i n a j a,,,,,,,,q i n a j a,,,,,,
984_82_cloud,,,,,,,,,,,,,ts h i r i,,,,,,,,,,,ts iː r iː,,,,,,,,,,,,,,,,,,,,,,,,,,
987_51_worm,k u r u,u ɾ u,u r u,u ɾ u,k u r u,u ɾ u,k u ɾ u,k u r u,u l u,k u r u,k u r u,k u r u,,k u r u,k u r u,k u r u,k u r u,k u l u,,u ɾ u,k u ɾ u,,,,,k u l u,,k u r u,k u r u,u ɾ u,kʰ u r u,k u r u,k u ɾ u,k u r u,kʰ u r u,,k u r u,k u r u,k u ɾ u,u ɾ u,k u ɾ u,k u r o,k u r u,,k u r u,k u ɾ u,kʰ u r u,,k u ɾ u,k u r u
988_51_worm,,,,,,,,,,,,,,,,,,,,,,,,,ɲ i qʼ u,,ɲ i qʼ u,,,,,,,,,,,,,,,,,,,,,,,
989_11_year,w a t a,w a t a,w a t a,w a t a,w a t a,w a t a,w a t a,w a t a,w a t a,w a t a,w a t a,w a t a,,w a t a,w a t a,w a t a,w a t a,w a t a,,w a t a,w a t a,w a t a,,,,w a t a,,w a t a,w a t a,w a t a,w a t a,w a t a,w a t a,w a t a,w a t a,,w a t a,w a t a,w a t a,w a t a,w a t a,w a t a,w a t a,,w a t a,w a t a,w a t a,,w a t a,w a t a
990_11_year,,,,,,,,,,,,,,,,,,,m a r a,,,,,,,,,,,,,,,,,m a r a,,,,,,,,m a r a,,,,,,
992_95_rope,,,,,,,,,,,,,,,,,,,,,,,,k a r u,,,,,,,,,,,,,,,,,,,,,,,,k a r u,,
993_101_yellow,k a r w a,q a ɾ w a,q a r w a,,,,,,q a l w a,,ɢ a ʎ w a ʃ,q a r w a,,,,χ a r w a,q a r w a ʃ,,,q a ɾ w a,q a ɾ w a ʃ,,χ a r w a,,,,,,q a r w a ʃ,q a ɾ w a,,,ʁ a ɾ w a,,,,,,q a ɾ w a ʃ,q a ɾ w a,,,,,,q a ɾ w a ʃ,,,q a ɾ w a ʃ,q a r w a
996_105_youngfemale,!s̺/s i p a !s̺/s,ʃ i p a ʃ,s i p a s,s i p a s,s i p a s,s i p a s,,,ʃ i p a ʃ,ʃ i p a ʃ,h i p a ʃ,ʃ i p a ʃ,,s i p a s,s i p a s,s i p a s,,,,ʃ i p a ʃ,ʃ i p a ʃ,,ʃ i p a ʃ,,,,,ʃ i p a ʃ,s i p a s,ʃ i p a ʃ,s i p a s,,x i p a ʃ,ʃ i p a s,s i p a s,,s i p a s,s i p a s,ʃ i p a ʃ,ʃ i p a ʃ,s i p a s,s i p a s,,,s i p a s,χ e b a ʃ,,,ʃ i p a ʃ,ʃ i p a ʃ
998_105_youngfemale,,,,,,,,,,,,,,,,,,,t a w a q a,,,,,,,,,,,,,,,,,t a w a q u,,,,,,,,t a w a q u,,,,,,
999_105_youngfemale,,,,,,,,,,,,,,,,,,l a s a k,,,,,,,,,,,,,,,r a ʁ a k,,,,,,,,,,,,,,,,,
99_113_empty,tʃ u k a k,,tʃ u s a q,,,,tʃ u ʃ a g,tʃ u ʃ a,,,,,,tʃʼ u s a χ,tʃʼ u s a χ,tʃ u s a k,,,,,,tʃ u ʃ a x,,,,,,,,,tʃʼ u s a χ,tʃ u ʃ a,,tʃ u ʃ a,tʃʼ u s a χ,,tʃʼ u s a χ,tʃ u s a,,,tʃ u s a χ,tʃʼ u s a,tʃ u ʃ a x,,tʃʼ u s a χ,,tʃ u ʃ a x,,,
9_108_oldwoman,,,,,,,,,,,,,,,,,,,,,,,,,a p a + k a,,a p a + k a,,,,,,,,,,,,,,,,,,,,,,,
